10  ! nelxy
 1.0000000000000000e+00   4.7619047619047619e-04   4.7619047619047616e-02  ! rho, mu, sigma
 1.7145016376884776e-02   1.0000000000000000e+00  ! f, By
 8.0000000000000004e-01  ! alpha
 1.1380198826702480e-03  -6.0770946893636624e-01  ! gamma
 0.0000000000000000e+00   0.0000000000000000e+00
 0.0000000000000000e+00   0.0000000000000000e+00
 0.0000000000000000e+00   0.0000000000000000e+00
 0.0000000000000000e+00   0.0000000000000000e+00
 0.0000000000000000e+00   0.0000000000000000e+00
 0.0000000000000000e+00   0.0000000000000000e+00
 0.0000000000000000e+00   0.0000000000000000e+00
 0.0000000000000000e+00   0.0000000000000000e+00
 0.0000000000000000e+00   3.0512797439368618e-03
 1.0222991313517961e-03   3.0503414742391859e-03
 2.7221206702718126e-03   3.0435620262351205e-03
 4.4593348978268933e-03   3.0267339246519117e-03
 5.9786231903672998e-03   3.0008353794493316e-03
 7.1363192048262162e-03   2.9717128523881775e-03
 7.8762365905541559e-03   2.9476209028310727e-03
 8.1896549548044519e-03   2.9358995761870426e-03
 0.0000000000000000e+00   9.7063552333060861e-03
 2.7230965947015128e-03   9.7037661455424296e-03
 7.6980379971631997e-03   9.6833509744340546e-03
 1.3103642236310371e-02   9.6308858147582631e-03
 1.7879415083952875e-02   9.5490918824783100e-03
 2.1530696103781433e-02   9.4568272585571957e-03
 2.3875638138527597e-02   9.3804277320193603e-03
 2.4871221611131165e-02   9.3432388253493395e-03
 0.0000000000000000e+00   1.8764128085346003e-02
 4.4655802186003429e-03   1.8759733338796682e-02
 1.3117798411705763e-02   1.8723239521007486e-02
 2.3007147016977134e-02   1.8625968393000562e-02
 3.1966275844281584e-02   1.8471191452804681e-02
 3.8895645077855381e-02   1.8295047162154736e-02
 4.3372016332500977e-02   1.8148641561082500e-02
 4.5277328982659598e-02   1.8077262658811866e-02
 0.0000000000000000e+00   2.8620875938051620e-02
 5.9979245273811552e-03   2.8614806649033171e-02
 1.7932666658340410e-02   2.8563256870677560e-02
 3.2028455302747408e-02   2.8422141799471754e-02
 4.5122236367104225e-02   2.8193255820875750e-02
 5.5394986990162209e-02   2.7929935909257405e-02
 6.2078880130971882e-02   2.7709867805876802e-02
 6.4932969341530838e-02   2.7602312898491490e-02
 0.0000000000000000e+00   3.7558086119137760e-02
 7.1755095117819962e-03   3.7550670645707392e-02
 2.1645267130053002e-02   3.7486974703838868e-02
 3.9065317239442003e-02   3.7309825576443523e-02
 5.5530813491646479e-02   3.7018579558380706e-02
 6.8602149312894573e-02   3.6680471787920700e-02
 7.7164723861048806e-02   3.6396433539177257e-02
 8.0832921727424276e-02   3.6257273334077668e-02
 0.0000000000000000e+00   4.4056390195064368e-02
 7.9352740873800676e-03   4.4048075534335152e-02
 2.4052047115842266e-02   4.3976220295601297e-02
 4.3653817380557437e-02   4.3774704534211208e-02
 6.2366380971953621e-02   4.3440770816416563e-02
 7.7333933652444203e-02   4.3050839266409006e-02
 8.7185177862571739e-02   4.2722086408437707e-02
 9.1415463730837559e-02   4.2560732296048717e-02
 0.0000000000000000e+00   4.7018494019697939e-02
 8.2593366835257542e-03   4.7009788158668651e-02
 2.5080929041538667e-02   4.6934373226527770e-02
 4.5620279363012044e-02   4.6722198416561646e-02
 6.5305235009001442e-02   4.6369488097839764e-02
 8.1100109433114187e-02   4.5956623906123713e-02
 9.1517276274438120e-02   4.5607993040997302e-02
 9.5995301383408851e-02   4.5436747274514369e-02
 0.0000000000000000e+00   0.0000000000000000e+00
 0.0000000000000000e+00   0.0000000000000000e+00
 0.0000000000000000e+00   0.0000000000000000e+00
 0.0000000000000000e+00   0.0000000000000000e+00
 0.0000000000000000e+00   0.0000000000000000e+00
 0.0000000000000000e+00   0.0000000000000000e+00
 0.0000000000000000e+00   0.0000000000000000e+00
 0.0000000000000000e+00   0.0000000000000000e+00
 8.1896549548044519e-03   2.9358995761870426e-03
 8.4888517138475353e-03   2.9237813763278841e-03
 9.0977691331776567e-03   2.8960504700610464e-03
 9.8438926113421591e-03   2.8556699814216505e-03
 1.0564143214564059e-02   2.8086104652098212e-03
 1.1145483143624237e-02   2.7634084254195388e-03
 1.1529937787542825e-02   2.7291586571825846e-03
 1.1695343007935823e-02   2.7131842263693612e-03
 2.4871221611131165e-02   9.3432388253493395e-03
 2.5822382073995790e-02   9.3047784690118429e-03
 2.7758624054387421e-02   9.2167238196043041e-03
 3.0128451512305594e-02   9.0884173736246448e-03
 3.2412449548368791e-02   8.9388127848734188e-03
 3.4256160258084783e-02   8.7950799504792499e-03
 3.5477229662686426e-02   8.6861642026171103e-03
 3.6003189664826150e-02   8.6353630079297455e-03
 4.5277328982659598e-02   1.8077262658811866e-02
 4.7099775771764427e-02   1.8003382893972082e-02
 5.0814746983728648e-02   1.7834050093963886e-02
 5.5368060829778742e-02   1.7586969988769421e-02
 5.9761323865080304e-02   1.7298537068317504e-02
 6.3311480492614383e-02   1.7021205061897624e-02
 6.5664996260742528e-02   1.6810953966211142e-02
 6.6679344698366200e-02   1.6712864126745903e-02
 6.4932969341530838e-02   2.7602312898491490e-02
 6.7667496214913775e-02   2.7490848647000295e-02
 7.3254295601399955e-02   2.7234940469407162e-02
 8.0122201630913714e-02   2.6860739224204268e-02
 8.6766539775222237e-02   2.6423090183976851e-02
 9.2146130775574375e-02   2.6001711152908100e-02
 9.5716637124034637e-02   2.5681979155606084e-02
 9.7256415128691417e-02   2.5532746150049000e-02
 8.0832921727424276e-02   3.6257273334077668e-02
 8.4353533971806408e-02   3.6112865988336094e-02
 9.1563384923949984e-02   3.5780732098720271e-02
 1.0045452251582045e-01   3.5293947014688527e-02
 1.0908152377000911e-01   3.4723430282290350e-02
 1.1608186946888301e-01   3.4173258297065252e-02
 1.2073474520458821e-01   3.3755374748139631e-02
 1.2274279266331317e-01   3.3560226100323436e-02
 9.1415463730837559e-02   4.2560732296048717e-02
 9.5480774423780931e-02   4.2393131060119736e-02
 1.0382094174439460e-01   4.2007129063488323e-02
 1.1413074323939733e-01   4.1440376150009450e-02
 1.2415723746962731e-01   4.0775022838203993e-02
 1.3230786873757269e-01   4.0132570541181557e-02
 1.3773187205096143e-01   3.9644180925766812e-02
 1.4007423267189875e-01   3.9416004334127001e-02
 9.5995301383408851e-02   4.5436747274514369e-02
 1.0030118401165405e-01   4.5258793236032477e-02
 1.0914205236514563e-01   4.4848694055388522e-02
 1.2008291957332039e-01   4.4246058524113931e-02
 1.3073457682095366e-01   4.3538021222536513e-02
 1.3940085065440760e-01   4.2853933745088897e-02
 1.4517138487234585e-01   4.2333679988060098e-02
 1.4766418331579137e-01   4.2090563528489180e-02
 0.0000000000000000e+00   0.0000000000000000e+00
 0.0000000000000000e+00   0.0000000000000000e+00
 0.0000000000000000e+00   0.0000000000000000e+00
 0.0000000000000000e+00   0.0000000000000000e+00
 0.0000000000000000e+00   0.0000000000000000e+00
 0.0000000000000000e+00   0.0000000000000000e+00
 0.0000000000000000e+00   0.0000000000000000e+00
 0.0000000000000000e+00   0.0000000000000000e+00
 1.1695343007935805e-02   2.7131842263693564e-03
 1.2812937197311173e-02   2.5801706658402680e-03
 1.4334614794230633e-02   2.2718615635709746e-03
 1.5179177974973137e-02   1.8499931833676126e-03
 1.5247736428947889e-02   1.4258765664442654e-03
 1.4928468877376361e-02   1.0907527638508402e-03
 1.4585648640953831e-02   8.8038977117107142e-04
 1.4414680243683611e-02   7.9395327158340813e-04
 3.6003189664826150e-02   8.6353630079297541e-03
 3.9563109182764032e-02   8.2122943310426692e-03
 4.4399212793966608e-02   7.2312842807706421e-03
 4.7087972231822879e-02   5.8886867254547351e-03
 4.7308510843151380e-02   4.5387958682145532e-03
 4.6291495377349674e-02   3.4720818134750106e-03
 4.5200744793728841e-02   2.8024744903185567e-03
 4.4655621293943362e-02   2.5273267541366462e-03
 6.6679344698366103e-02   1.6712864126745879e-02
 7.3552370876156389e-02   1.5895541005635297e-02
 8.2896394637756096e-02   1.3998539645352510e-02
 8.8098954543472649e-02   1.1400673727653294e-02
 8.8528015119980583e-02   8.7878291967734730e-03
 8.6559886677870804e-02   6.7227500405108815e-03
 8.4448937469378968e-02   5.4263436118554406e-03
 8.3393343551363242e-02   4.8936124067378902e-03
 9.7256415128691376e-02   2.5532746150049010e-02
 1.0770298337781865e-01   2.4288076656225430e-02
 1.2194079622950485e-01   2.1394554476004295e-02
 1.2988408064323029e-01   1.7427381084925933e-02
 1.3054299871897992e-01   1.3434914243095234e-02
 1.2753811361250991e-01   1.0278502987601225e-02
 1.2431292066907158e-01   8.2967046794688668e-03
 1.2269996584771621e-01   7.4822735955168383e-03
 1.2274279266331338e-01   3.3560226100323422e-02
 1.3638798419331194e-01   3.1930696407339081e-02
 1.5504012599182393e-01   2.8135031730798423e-02
 1.6547289670383986e-01   2.2923393487002369e-02
 1.6634502722038105e-01   1.7674504850765927e-02
 1.6239848879050911e-01   1.3523217256582783e-02
 1.5815901500891419e-01   1.0916299236491660e-02
 1.5603835674298352e-01   9.8448884107437337e-03
 1.4007423267189861e-01   3.9416004334126981e-02
 1.5601315756036754e-01   3.7508787930673158e-02
 1.7785503774712338e-01   3.3058740458659641e-02
 1.9009999146217027e-01   2.6940748740164340e-02
 1.9113090241281655e-01   2.0774807114591301e-02
 1.8649898068177803e-01   1.5896585651368051e-02
 1.8151958052284353e-01   1.2832668872255704e-02
 1.7902821202105310e-01   1.1573348919221479e-02
 1.4766418331579145e-01   4.2090563528489160e-02
 1.6463830324994252e-01   4.0057480161177293e-02
 1.8792741646352454e-01   3.5309740040431262e-02
 2.0099881626896071e-01   2.8778259644534569e-02
 2.0210329491865556e-01   2.2193302400617416e-02
 1.9715885240382869e-01   1.6982678235452912e-02
 1.9184149571900957e-01   1.3709713254705599e-02
 1.8918070690795374e-01   1.2364422738052690e-02
 0.0000000000000000e+00   0.0000000000000000e+00
 0.0000000000000000e+00   0.0000000000000000e+00
 0.0000000000000000e+00   0.0000000000000000e+00
 0.0000000000000000e+00   0.0000000000000000e+00
 0.0000000000000000e+00   0.0000000000000000e+00
 0.0000000000000000e+00   0.0000000000000000e+00
 0.0000000000000000e+00   0.0000000000000000e+00
 0.0000000000000000e+00   0.0000000000000000e+00
 1.4414680243683621e-02   7.9395327158340758e-04
 1.4305462113177783e-02   7.4302448418528985e-04
 1.4064578470192967e-02   6.3988092884063365e-04
 1.3740710799218866e-02   5.1610474062500379e-04
 1.3406283811870525e-02   4.0149643347613914e-04
 1.3127712460311520e-02   3.1388477111241140e-04
 1.2944293478612475e-02   2.5887987612799264e-04
 1.2866792932914903e-02   2.3601301161895301e-04
 4.4655621293943362e-02   2.5273267541366488e-03
 4.4307783774545965e-02   2.3652106363873048e-03
 4.3541832507470284e-02   2.0368936358024742e-03
 4.2511468443135844e-02   1.6428943006666803e-03
 4.1445948380245554e-02   1.2780599659997463e-03
 4.0559785563471888e-02   9.9917892634987493e-04
 3.9976231075686527e-02   8.2408944102715172e-04
 3.9729414408723629e-02   7.5129674066053576e-04
 8.3393343551363547e-02   4.8936124067378841e-03
 8.2719923659995948e-02   4.5797273305273663e-03
 8.1237493032902230e-02   3.9440489851048765e-03
 7.9242987213655344e-02   3.1811797966666204e-03
 7.7179658999635331e-02   2.4747520367358437e-03
 7.5464190536468273e-02   1.9347623731507976e-03
 7.4334468178351681e-02   1.5957380053743676e-03
 7.3856536711012374e-02   1.4547858310445954e-03
 1.2269996584771617e-01   7.4822735955168340e-03
 1.2167084229189437e-01   7.0023995165285962e-03
 1.1940504947153135e-01   6.0305380802892312e-03
 1.1635635996611868e-01   4.8641772284022371e-03
 1.1320239532137798e-01   3.7840688271767627e-03
 1.1057980681018410e-01   2.9584210754178071e-03
 1.0885264282426955e-01   2.4400410559117644e-03
 1.0812197974471870e-01   2.2245171901916130e-03
 1.5603835674298347e-01   9.8448884107437441e-03
 1.5468513451989993e-01   9.2135775474555242e-03
 1.5170538954963633e-01   7.9349756874214014e-03
 1.4769559766721244e-01   6.4004160323025234e-03
 1.4354700388919020e-01   4.9792757087026799e-03
 1.4009695926010227e-01   3.8928995695134590e-03
 1.3782474434029365e-01   3.2108060279162163e-03
 1.3686349690766964e-01   2.9272126587501402e-03
 1.7902821202105323e-01   1.1573348919221470e-02
 1.7743829791250371e-01   1.0831293774406886e-02
 1.7393706701202064e-01   9.3283532777394210e-03
 1.6922498126303828e-01   7.5244709958350586e-03
 1.6434927569635799e-01   5.8538484025355067e-03
 1.6029426194785090e-01   4.5767162245803003e-03
 1.5762348532334813e-01   3.7748371626614304e-03
 1.5649359985284458e-01   3.4414371807668927e-03
 1.8918070690795361e-01   1.2364422738052694e-02
 1.8748260275613388e-01   1.1571697442829222e-02
 1.8374296749396443e-01   9.9661054767427506e-03
 1.7870973003840701e-01   8.0389764698704739e-03
 1.7350143195963999e-01   6.2541759236973658e-03
 1.6916966137497047e-01   4.8897361399479009e-03
 1.6631653326422316e-01   4.0330294412344028e-03
 1.6510948540110343e-01   3.6768316044190532e-03
 0.0000000000000000e+00   0.0000000000000000e+00
 0.0000000000000000e+00   0.0000000000000000e+00
 0.0000000000000000e+00   0.0000000000000000e+00
 0.0000000000000000e+00   0.0000000000000000e+00
 0.0000000000000000e+00   0.0000000000000000e+00
 0.0000000000000000e+00   0.0000000000000000e+00
 0.0000000000000000e+00   0.0000000000000000e+00
 0.0000000000000000e+00   0.0000000000000000e+00
 1.2866792932914903e-02   2.3601301161895301e-04
 1.2793565524932032e-02   2.1449280643816797e-04
 1.2648976017550091e-02   1.7177844378534190e-04
 1.2486863327539989e-02   1.2157123339406940e-04
 1.2358720318640456e-02   7.4912679290559922e-05
 1.2288100610123904e-02   3.7391407905788792e-05
 1.2264845833632475e-02   1.1613295014739562e-05
 1.2262294821952315e-02   1.6686487311137679e-12
 3.9729414408723629e-02   7.5129674066053576e-04
 3.9496111117425438e-02   6.8278900294406258e-04
 3.9035544744847890e-02   5.4681194076017833e-04
 3.8519799326874063e-02   3.8699561491087629e-04
 3.8111970255012083e-02   2.3847213227259670e-04
 3.7887010827864456e-02   1.1902235019887435e-04
 3.7813030540157104e-02   3.6964985626322638e-05
 3.7804922681583121e-02  -3.2381700840826687e-12
 7.3856536711012374e-02   1.4547858310445954e-03
 7.3404728151603177e-02   1.3221286720856878e-03
 7.2512841414630103e-02   1.0588245221611738e-03
 7.1514365469318997e-02   7.4936958028686343e-04
 7.0724743898385151e-02   4.6177672285952566e-04
 7.0289094461696636e-02   2.3046804330774666e-04
 7.0145866848609642e-02   7.1575146775818460e-05
 7.0130173065445486e-02   2.1880788347339907e-12
 1.0812197974471870e-01   2.2245171901916130e-03
 1.0743125785927704e-01   2.0216752251997969e-03
 1.0606771218356115e-01   1.6190617672365024e-03
 1.0454109490417481e-01   1.1458779620372676e-03
 1.0333380729030728e-01   7.0611731185124744e-04
 1.0266774147327078e-01   3.5241495028855494e-04
 1.0244874501953403e-01   1.0944710749073484e-04
 1.0242474796110160e-01   2.6939159698599433e-12
 1.3686349690766964e-01   2.9272126587501402e-03
 1.3595479036240710e-01   2.6603047747673619e-03
 1.3416088086660652e-01   2.1305235794861809e-03
 1.3215232707636451e-01   1.5078711793495251e-03
 1.3056388968785371e-01   9.2919102874644164e-04
 1.2968754616837838e-01   4.6375059004868404e-04
 1.2939940217772161e-01   1.4402417935586144e-04
 1.2936782741212854e-01  -2.7517675805176936e-12
 1.5649359985284458e-01   3.4414371807668927e-03
 1.5542545848091779e-01   3.1276512146241968e-03
 1.5331676740582792e-01   2.5048164560240250e-03
 1.5095571925242698e-01   1.7727866790199188e-03
 1.4908847728147415e-01   1.0924443082878628e-03
 1.4805830208871587e-01   5.4523101473070035e-04
 1.4771957692258081e-01   1.6932939354707196e-04
 1.4768245949701114e-01  -4.4838061180578756e-12
 1.6510948540110343e-01   3.6768316044190532e-03
 1.6396838966224533e-01   3.3415879224218967e-03
 1.6171565564558571e-01   2.6761584097276720e-03
 1.5919330476625942e-01   1.8940602083824139e-03
 1.5719847342766866e-01   1.1671795912556275e-03
 1.5609789629111281e-01   5.8253193677141517e-04
 1.5573602299115782e-01   1.8091388649755030e-04
 1.5569636906866294e-01  -4.1180505215650470e-12
 0.0000000000000000e+00   0.0000000000000000e+00
 0.0000000000000000e+00   0.0000000000000000e+00
 0.0000000000000000e+00   0.0000000000000000e+00
 0.0000000000000000e+00   0.0000000000000000e+00
 0.0000000000000000e+00   0.0000000000000000e+00
 0.0000000000000000e+00   0.0000000000000000e+00
 0.0000000000000000e+00   0.0000000000000000e+00
 0.0000000000000000e+00   0.0000000000000000e+00
 1.2262294821952315e-02   1.6686487311137679e-12
 1.2264845836377871e-02  -1.1613292292167538e-05
 1.2288100614222889e-02  -3.7391409182540737e-05
 1.2358720315305232e-02  -7.4912681927800608e-05
 1.2486863326919275e-02  -1.2157123045193476e-04
 1.2648976022606739e-02  -1.7177844316688945e-04
 1.2793565524144342e-02  -2.1449280930874360e-04
 1.2866792928538207e-02  -2.3601301459474789e-04
 3.7804922681583121e-02  -3.2381700840826687e-12
 3.7813030535893355e-02  -3.6964990907831971e-05
 3.7887010821604589e-02  -1.1902234771359437e-04
 3.8111970260393396e-02  -2.3847212717815377e-04
 3.8519799327420903e-02  -3.8699562062261694e-04
 3.9035544736721647e-02  -5.4681194188552933e-04
 3.9496111119236406e-02  -6.8278899736023285e-04
 3.9729414416385056e-02  -7.5129673493047687e-04
 7.0130173065445486e-02   2.1880788347339907e-12
 7.0145866849521912e-02  -7.1575143212749106e-05
 7.0289094462828439e-02  -2.3046804501279972e-04
 7.0724743896841802e-02  -4.6177672624566506e-04
 7.1514365470048094e-02  -7.4936957640472435e-04
 7.2512841416921561e-02  -1.0588245215845601e-03
 7.3404728150022164e-02  -1.3221286759116705e-03
 7.3856536707608583e-02  -1.4547858348298605e-03
 1.0242474796110160e-01   2.6939159698599433e-12
 1.0244874502426940e-01  -1.0944710308871352e-04
 1.0266774148027358e-01  -3.5241495231604948e-04
 1.0333380728442051e-01  -7.0611731615395092e-04
 1.0454109490332424e-01  -1.1458779573408128e-03
 1.0606771219242540e-01  -1.6190617660895379e-03
 1.0743125785762288e-01  -2.0216752297514090e-03
 1.0812197973675762e-01  -2.2245171950210476e-03
 1.2936782741212854e-01  -2.7517675805176936e-12
 1.2939940217745585e-01  -1.4402418383522233e-04
 1.2968754616835565e-01  -4.6375058789801068e-04
 1.3056388968888796e-01  -9.2919102450867797e-04
 1.3215232707491414e-01  -1.5078711842334512e-03
 1.3416088086511316e-01  -2.1305235801474184e-03
 1.3595479036460781e-01  -2.6603047699470901e-03
 1.3686349691124686e-01  -2.9272126540313020e-03
 1.4768245949701114e-01  -4.4838061180578756e-12
 1.4771957691871085e-01  -1.6932940086261330e-04
 1.4805830208337598e-01  -5.4523101130609037e-04
 1.4908847728701891e-01  -1.0924443012407423e-03
 1.5095571925160006e-01  -1.7727866868803882e-03
 1.5331676739757577e-01  -2.5048164575654400e-03
 1.5542545848440759e-01  -3.1276512069481166e-03
 1.5649359986250796e-01  -3.4414371729089683e-03
 1.5569636906866294e-01  -4.1180505215650470e-12
 1.5573602298651132e-01  -1.8091389322240616e-04
 1.5609789628453472e-01  -5.8253193365533714e-04
 1.5719847343401000e-01  -1.1671795847336133e-03
 1.5919330476594790e-01  -1.8940602155647546e-03
 1.6171565563613563e-01  -2.6761584113065714e-03
 1.6396838966547900e-01  -3.3415879154376576e-03
 1.6510948541127726e-01  -3.6768315971461418e-03
 0.0000000000000000e+00   0.0000000000000000e+00
 0.0000000000000000e+00   0.0000000000000000e+00
 0.0000000000000000e+00   0.0000000000000000e+00
 0.0000000000000000e+00   0.0000000000000000e+00
 0.0000000000000000e+00   0.0000000000000000e+00
 0.0000000000000000e+00   0.0000000000000000e+00
 0.0000000000000000e+00   0.0000000000000000e+00
 0.0000000000000000e+00   0.0000000000000000e+00
 1.2866792928538207e-02  -2.3601301459474789e-04
 1.2944293472081323e-02  -2.5887987806553537e-04
 1.3127712457669296e-02  -3.1388476928440322e-04
 1.3406283820182155e-02  -4.0149643229957243e-04
 1.3740710796030429e-02  -5.1610474294510570e-04
 1.4064578463001142e-02  -6.3988092728011641e-04
 1.4305462117303235e-02  -7.4302448263004292e-04
 1.4414680251495509e-02  -7.9395327151833962e-04
 3.9729414416385056e-02  -7.5129673493047687e-04
 3.9976231086721950e-02  -8.2408943736301914e-04
 4.0559785567584362e-02  -9.9917892998933455e-04
 4.1445948366140989e-02  -1.2780599681662785e-03
 4.2511468448568117e-02  -1.6428942961443087e-03
 4.3541832519732621e-02  -2.0368936389649050e-03
 4.4307783767853361e-02  -2.3652106393917309e-03
 4.4655621280947272e-02  -2.5273267541780732e-03
 7.3856536707608583e-02  -1.4547858348298605e-03
 7.4334468174155593e-02  -1.5957380076348972e-03
 7.5464190535531078e-02  -1.9347623704636151e-03
 7.7179659005137929e-02  -2.4747520355389045e-03
 7.9242987211598337e-02  -3.1811797997761053e-03
 8.1237493027913762e-02  -3.9440489826529836e-03
 8.2719923661876776e-02  -4.5797273285376082e-03
 8.3393343555871621e-02  -4.8936124069210007e-03
 1.0812197973675762e-01  -2.2245171950210476e-03
 1.0885264281261388e-01  -2.4400410591765621e-03
 1.1057980680572542e-01  -2.9584210726591059e-03
 1.1320239533619141e-01  -3.7840688251032659e-03
 1.1635635996017595e-01  -4.8641772320942595e-03
 1.1940504945894120e-01  -6.0305380780007406e-03
 1.2167084229950978e-01  -7.0023995139810967e-03
 1.2269996586173068e-01  -7.4822735952444850e-03
 1.3686349691124686e-01  -2.9272126540313020e-03
 1.3782474434421652e-01  -3.2108060251581851e-03
 1.4009695926048146e-01  -3.8928995729697112e-03
 1.4354700388393973e-01  -4.9792757101040043e-03
 1.4769559766911503e-01  -6.4004160283844059e-03
 1.5170538955458518e-01  -7.9349756906215933e-03
 1.5468513451869206e-01  -9.2135775499343712e-03
 1.5603835673911204e-01  -9.8448884104290289e-03
 1.5649359986250796e-01  -3.4414371729089683e-03
 1.5762348533614348e-01  -3.7748371576649805e-03
 1.6029426195154933e-01  -4.5767162296279189e-03
 1.6434927567986077e-01  -5.8538484054471533e-03
 1.6922498126963179e-01  -7.5244709895929849e-03
 1.7393706702635872e-01  -9.3283532821844192e-03
 1.7743829790524007e-01  -1.0831293778558633e-02
 1.7902821200639699e-01  -1.1573348919244171e-02
 1.6510948541127726e-01  -3.6768315971461418e-03
 1.6631653327808418e-01  -4.0330294364718149e-03
 1.6916966137932785e-01  -4.8897361443783448e-03
 1.7350143194187001e-01  -6.2541759265899183e-03
 1.7870973004565172e-01  -8.0389764641874677e-03
 1.8374296750917582e-01  -9.9661054805567327e-03
 1.8748260274770220e-01  -1.1571697446684272e-02
 1.8918070689174532e-01  -1.2364422738263735e-02
 0.0000000000000000e+00   0.0000000000000000e+00
 0.0000000000000000e+00   0.0000000000000000e+00
 0.0000000000000000e+00   0.0000000000000000e+00
 0.0000000000000000e+00   0.0000000000000000e+00
 0.0000000000000000e+00   0.0000000000000000e+00
 0.0000000000000000e+00   0.0000000000000000e+00
 0.0000000000000000e+00   0.0000000000000000e+00
 0.0000000000000000e+00   0.0000000000000000e+00
 1.4414680251495513e-02  -7.9395327151834093e-04
 1.4585648647594644e-02  -8.8038977327277565e-04
 1.4928468870925355e-02  -1.0907527623573432e-03
 1.5247736432197663e-02  -1.4258765688608980e-03
 1.5179177976343997e-02  -1.8499931819276518e-03
 1.4334614796089508e-02  -2.2718615621687109e-03
 1.2812937191223863e-02  -2.5801706673118396e-03
 1.1695343007756803e-02  -2.7131842256917526e-03
 4.4655621280947209e-02  -2.5273267541780745e-03
 4.5200744782337418e-02  -2.8024744861450033e-03
 4.6291495387936338e-02  -3.4720818164523824e-03
 4.7308510837950873e-02  -4.5387958635101297e-03
 4.7087972229935784e-02  -5.8886867280852698e-03
 4.4399212790015838e-02  -7.2312842835626284e-03
 3.9563109193635558e-02  -8.2122943282991242e-03
 3.6003189664672884e-02  -8.6353630093783922e-03
 8.3393343555871816e-02  -4.8936124069210094e-03
 8.4448937474178851e-02  -5.4263436149056023e-03
 8.6559886674472911e-02  -6.7227500382944965e-03
 8.8528015121425011e-02  -8.7878292000115790e-03
 8.8098954543203475e-02  -1.1400673726264616e-02
 8.2896394640891158e-02  -1.3998539643280277e-02
 7.3552370870936148e-02  -1.5895541007238823e-02
 6.6679344699322213e-02  -1.6712864125443684e-02
 1.2269996586173056e-01  -7.4822735952444902e-03
 1.2431292068067207e-01  -8.2967046826862359e-03
 1.2753811360101799e-01  -1.0278502985375608e-02
 1.3054299872466868e-01  -1.3434914246912389e-02
 1.2988408064588769e-01  -1.7427381082321534e-02
 1.2194079623289612e-01  -2.1394554473914085e-02
 1.0770298336670790e-01  -2.4288076658759511e-02
 9.7256415128474230e-02  -2.5532746149206177e-02
 1.5603835673911201e-01  -9.8448884104290323e-03
 1.5815901500401586e-01  -1.0916299232573701e-02
 1.6239848879322857e-01  -1.3523217259452056e-02
 1.6634502721937741e-01  -1.7674504846673770e-02
 1.6547289670498633e-01  -2.2923393488601077e-02
 1.5504012598761524e-01  -2.8135031733477516e-02
 1.3638798419895773e-01  -3.1930696405418540e-02
 1.2274279266166574e-01  -3.3560226102084145e-02
 1.7902821200639693e-01  -1.1573348919244181e-02
 1.8151958050933120e-01  -1.2832668866441545e-02
 1.8649898069333673e-01  -1.5896585655495572e-02
 1.9113090240746355e-01  -2.0774807108119190e-02
 1.9009999146103324e-01  -2.6940748743714431e-02
 1.7785503774052031e-01  -3.3058740462523092e-02
 1.5601315757446363e-01  -3.7508787926962238e-02
 1.4007423267047289e-01  -3.9416004336187305e-02
 1.8918070689174499e-01  -1.2364422738263747e-02
 1.9184149570480075e-01  -1.3709713249565970e-02
 1.9715885241676911e-01  -1.6982678239048206e-02
 2.0210329491255502e-01  -2.2193302394746754e-02
 2.0099881626691818e-01  -2.8778259648125831e-02
 1.8792741645747782e-01  -3.5309740043800199e-02
 1.6463830326458270e-01  -4.0057480157568603e-02
 1.4766418331485842e-01  -4.2090563530097491e-02
 0.0000000000000000e+00   0.0000000000000000e+00
 0.0000000000000000e+00   0.0000000000000000e+00
 0.0000000000000000e+00   0.0000000000000000e+00
 0.0000000000000000e+00   0.0000000000000000e+00
 0.0000000000000000e+00   0.0000000000000000e+00
 0.0000000000000000e+00   0.0000000000000000e+00
 0.0000000000000000e+00   0.0000000000000000e+00
 0.0000000000000000e+00   0.0000000000000000e+00
 1.1695343007756801e-02  -2.7131842256917552e-03
 1.1529937789370502e-02  -2.7291586562742704e-03
 1.1145483149363755e-02  -2.7634084243052721e-03
 1.0564143222276426e-02  -2.8086104645260240e-03
 9.8438926146403698e-03  -2.8556699817061889e-03
 9.0977691290636906e-03  -2.8960504708524099e-03
 8.4888517062387796e-03  -2.9237813769394647e-03
 8.1896549470190996e-03  -2.9358995765778337e-03
 3.6003189664672884e-02  -8.6353630093784061e-03
 3.5477229659071248e-02  -8.6861642044521962e-03
 3.4256160247835725e-02  -8.7950799525651560e-03
 3.2412449535039307e-02  -8.9388127859764705e-03
 3.0128451506895932e-02  -9.0884173728904595e-03
 2.7758624061760929e-02  -9.2167238180984948e-03
 2.5822382087221180e-02  -9.3047784680045618e-03
 2.4871221624561200e-02  -9.3432388248050179e-03
 6.6679344699322046e-02  -1.6712864125443663e-02
 6.5664996263125913e-02  -1.6810953964791195e-02
 6.3311480497511494e-02  -1.7021205060659999e-02
 5.9761323870624161e-02  -1.7298537068097992e-02
 5.5368060831474150e-02  -1.7586969989699747e-02
 5.0814746980164978e-02  -1.7834050094916148e-02
 4.7099775766124036e-02  -1.8003382894230487e-02
 4.5277328977122736e-02  -1.8077262658673616e-02
 9.7256415128474161e-02  -2.5532746149206195e-02
 9.5716637127469612e-02  -2.5681979154288444e-02
 9.2146130786102162e-02  -2.6001711151000910e-02
 8.6766539789254291e-02  -2.6423090182495938e-02
 8.0122201636810386e-02  -2.6860739224339569e-02
 7.3254295593784657e-02  -2.7234940470722419e-02
 6.7667496200991981e-02  -2.7490848648291578e-02
 6.4932969327328158e-02  -2.7602312899491017e-02
 1.2274279266166510e-01  -3.3560226102084194e-02
 1.2073474520155052e-01  -3.3755374749994113e-02
 1.1608186946357424e-01  -3.4173258298557621e-02
 1.0908152376456298e-01  -3.4723430282368774e-02
 1.0045452251458968e-01  -3.5293947013355559e-02
 9.1563384927843411e-02  -3.5780732097547265e-02
 8.4353533977460871e-02  -3.6112865988169589e-02
 8.0832921732826857e-02  -3.6257273334441016e-02
 1.4007423267047292e-01  -3.9416004336187319e-02
 1.3773187204533999e-01  -3.9644180928327347e-02
 1.3230786872421377e-01  -4.0132570544011467e-02
 1.2415723745340317e-01  -4.0775022839607614e-02
 1.1413074323362336e-01  -4.1440376148906215e-02
 1.0382094175414520e-01  -4.2007129061429886e-02
 9.5480774440153071e-02  -4.2393131058822371e-02
 9.1415463747174769e-02  -4.2560732295406037e-02
 1.4766418331485831e-01  -4.2090563530097436e-02
 1.4517138486690451e-01  -4.2333679990249118e-02
 1.3940085064050661e-01  -4.2853933747826117e-02
 1.3073457680356287e-01  -4.3538021224271251e-02
 1.2008291956677604e-01  -4.4246058523475344e-02
 1.0914205237528798e-01  -4.4848694053446984e-02
 1.0030118402912681e-01  -4.5258793234482550e-02
 9.5995301400963309e-02  -4.5436747273492242e-02
 0.0000000000000000e+00   0.0000000000000000e+00
 0.0000000000000000e+00   0.0000000000000000e+00
 0.0000000000000000e+00   0.0000000000000000e+00
 0.0000000000000000e+00   0.0000000000000000e+00
 0.0000000000000000e+00   0.0000000000000000e+00
 0.0000000000000000e+00   0.0000000000000000e+00
 0.0000000000000000e+00   0.0000000000000000e+00
 0.0000000000000000e+00   0.0000000000000000e+00
 8.1896549470190996e-03  -2.9358995765778337e-03
 7.8762365836843682e-03  -2.9476209029554129e-03
 7.1363192032919331e-03  -2.9717128519848417e-03
 5.9786231970678817e-03  -3.0008353790346486e-03
 4.4593348997853145e-03  -3.0267339249365646e-03
 2.7221206643280389e-03  -3.0435620262774399e-03
 1.0222991349191945e-03  -3.0503414740864314e-03
 0.0000000000000000e+00  -3.0512797441348749e-03
 2.4871221624561200e-02  -9.3432388248050179e-03
 2.3875638150285323e-02  -9.3804277319943577e-03
 2.1530696106223868e-02  -9.4568272594440280e-03
 1.7879415072319708e-02  -9.5490918831286353e-03
 1.3103642233046489e-02  -9.6308858141247091e-03
 7.6980380073837350e-03  -9.6833509745074420e-03
 2.7230965885512112e-03  -9.7037661457342831e-03
 0.0000000000000000e+00  -9.7063552329738362e-03
 4.5277328977122736e-02  -1.8077262658673616e-02
 4.3372016327825211e-02  -1.8148641560585748e-02
 3.8895645077216129e-02  -1.8295047161304145e-02
 3.1966275849186328e-02  -1.8471191452726837e-02
 2.3007147018107348e-02  -1.8625968393618891e-02
 1.3117798407580955e-02  -1.8723239520582961e-02
 4.4655802211132868e-03  -1.8759733338910900e-02
 0.0000000000000000e+00  -1.8764128085443834e-02
 6.4932969327328158e-02  -2.7602312899491017e-02
 6.2078880118481242e-02  -2.7709867806454999e-02
 5.5394986987469988e-02  -2.7929935908795476e-02
 4.5122236379403276e-02  -2.8193255819940647e-02
 3.2028455306250585e-02  -2.8422141799784362e-02
 1.7932666647449122e-02  -2.8563256871021403e-02
 5.9979245339408767e-03  -2.8614806648602466e-02
 0.0000000000000000e+00  -2.8620875938457892e-02
 8.0832921732826857e-02  -3.6257273334441016e-02
 7.7164723865472157e-02  -3.6396433539994041e-02
 6.8602149313212499e-02  -3.6680471789082549e-02
 5.5530813486746322e-02  -3.7018579558339301e-02
 3.9065317238502366e-02  -3.7309825575590615e-02
 2.1645267134023989e-02  -3.7486974704507757e-02
 7.1755095093316672e-03  -3.7550670645464392e-02
 0.0000000000000000e+00  -3.7558086119056332e-02
 9.1415463747174769e-02  -4.2560732295406037e-02
 8.7185177876608816e-02  -4.2722086408511321e-02
 7.7333933654815376e-02  -4.3050839267682287e-02
 6.2366380957543301e-02  -4.3440770817236102e-02
 4.3653817376930221e-02  -4.3774704533297848e-02
 2.4052047128243284e-02  -4.3976220295775421e-02
 7.9352740798376668e-03  -4.4048075534544699e-02
 0.0000000000000000e+00  -4.4056390194630972e-02
 9.5995301400963309e-02  -4.5436747273492242e-02
 9.1517276289629607e-02  -4.5607993040624767e-02
 8.1100109435889772e-02  -4.5956623907075687e-02
 6.5305234993575892e-02  -4.6369488098902630e-02
 4.5620279358987055e-02  -4.6722198415888989e-02
 2.5080929054936980e-02  -4.6934373226365636e-02
 8.2593366753912663e-03  -4.7009788159071940e-02
 0.0000000000000000e+00  -4.7018494019193550e-02
 0.0000000000000000e+00   4.7018494019697939e-02
 8.2593366835257542e-03   4.7009788158668651e-02
 2.5080929041538667e-02   4.6934373226527770e-02
 4.5620279363012044e-02   4.6722198416561646e-02
 6.5305235009001442e-02   4.6369488097839764e-02
 8.1100109433114187e-02   4.5956623906123713e-02
 9.1517276274438120e-02   4.5607993040997302e-02
 9.5995301383408851e-02   4.5436747274514369e-02
 0.0000000000000000e+00   4.9971334338643189e-02
 8.5701726937994147e-03   4.9962248870803347e-02
 2.6068572614739074e-02   4.9883376115601806e-02
 4.7510133896274440e-02   4.9660832087224507e-02
 6.8134295180048501e-02   4.9289803441518648e-02
 8.4731786063822964e-02   4.8854494149673883e-02
 9.5699954770514392e-02   4.8486357854372573e-02
 1.0041968685784405e-01   4.8305391551857882e-02
 0.0000000000000000e+00   5.6385175250508679e-02
 9.2080047121157783e-03   5.6375297291508503e-02
 2.8095674827274493e-02   5.6289201423637122e-02
 5.1394273486598620e-02   5.6044949922236208e-02
 7.3961795469994485e-02   5.5635424775116855e-02
 9.2230094757173336e-02   5.5152738440947313e-02
 1.0435105718135247e-01   5.4743280614013685e-02
 1.0957798780131635e-01   5.4541677862910164e-02
 0.0000000000000000e+00   6.5066332876083641e-02
 1.0001448347247900e-02   6.5055443049963385e-02
 3.0614636702161628e-02   6.4960130308109265e-02
 5.6227721935193528e-02   6.4688092569124889e-02
 8.1234925450118539e-02   6.4229042985790255e-02
 1.0161769990292477e-01   6.3685052780830101e-02
 1.1520755761958645e-01   6.3221860144556385e-02
 1.2108347086837699e-01   6.2993340873440093e-02
 0.0000000000000000e+00   7.4462281786523546e-02
 1.0783888980745730e-02   7.4450363994534377e-02
 3.3095098583181166e-02   7.4345698342605099e-02
 6.0992662508115005e-02   7.4045383877703097e-02
 8.8424014714050925e-02   7.3535709193111115e-02
 1.1092369423456840e-01   7.2928714753027049e-02
 1.2599392618941127e-01   7.2410030857328209e-02
 1.3252664635889011e-01   7.2153631867040505e-02
 0.0000000000000000e+00   8.2944072012043457e-02
 1.1431432693237084e-02   8.2931278511953421e-02
 3.5148286775347148e-02   8.2818643696382102e-02
 6.4941038245276750e-02   8.2494195884949634e-02
 9.4392439482389720e-02   8.1941177084402864e-02
 1.1866641010045929e-01   8.1280017908399976e-02
 1.3498416248433354e-01   8.0713446250897367e-02
 1.4207230924703043e-01   8.0432929136259407e-02
 0.0000000000000000e+00   8.9092134707828938e-02
 1.1869951349297568e-02   8.9078734178122523e-02
 3.6540584637146628e-02   8.8960568781521671e-02
 6.7621012973992325e-02   8.8619360733468766e-02
 9.8448242197987756e-02   8.8036182560634960e-02
 1.2393530696326370e-01   8.7337233133597356e-02
 1.4110922806037313e-01   8.6737164659221988e-02
 1.4857949544252141e-01   8.6439749108629532e-02
 0.0000000000000000e+00   9.1889806228967044e-02
 1.2061665072488830e-02   9.1876136594717883e-02
 3.7149906731041710e-02   9.1755517244904841e-02
 6.8794528455776022e-02   9.1406870538023891e-02
 1.0022525649142168e-01   9.0810293965070912e-02
 1.2624551653437072e-01   9.0094532323969259e-02
 1.4379652504539334e-01   8.9479541273908780e-02
 1.5143531680418151e-01   8.9174590831938391e-02
 9.5995301383408851e-02   4.5436747274514369e-02
 1.0030118401165405e-01   4.5258793236032477e-02
 1.0914205236514563e-01   4.4848694055388522e-02
 1.2008291957332039e-01   4.4246058524113931e-02
 1.3073457682095366e-01   4.3538021222536513e-02
 1.3940085065440760e-01   4.2853933745088897e-02
 1.4517138487234585e-01   4.2333679988060098e-02
 1.4766418331579137e-01   4.2090563528489180e-02
 1.0041968685784405e-01   4.8305391551857882e-02
 1.0496056764385270e-01   4.8117254908133435e-02
 1.1429140541996859e-01   4.7683423862814586e-02
 1.2585140006406775e-01   4.7045383868052140e-02
 1.3711801531514362e-01   4.6295152015797529e-02
 1.4629263837116716e-01   4.5569843231206275e-02
 1.5240533602227438e-01   4.5018008432169535e-02
 1.5504680372317381e-01   4.4760076280296920e-02
 1.0957798780131635e-01   5.4541677862910164e-02
 1.1461286578163887e-01   5.4331896020634790e-02
 1.2497642844027462e-01   5.3847520251781987e-02
 1.3784652976867856e-01   5.3133861774027076e-02
 1.5041982036311852e-01   5.2293245872819694e-02
 1.6067837825795611e-01   5.1479422791924537e-02
 1.6752246703395871e-01   5.0859658569376916e-02
 1.7048215664605626e-01   5.0569828827495056e-02
 1.2108347086837699e-01   6.2993340873440093e-02
 1.2675206311145443e-01   6.2755274526585483e-02
 1.3844565788477883e-01   6.2204662598845009e-02
 1.5301315518096265e-01   6.1391490084103301e-02
 1.6729034462689907e-01   6.0431393740540337e-02
 1.7897021269269478e-01   5.9500111589638242e-02
 1.8677715606448447e-01   5.8789956976230989e-02
 1.9015670231163165e-01   5.8457618190513233e-02
 1.3252664635889011e-01   7.2153631867040505e-02
 1.3883828387861036e-01   7.1886213671493046e-02
 1.5188706556732900e-01   7.1266663296250324e-02
 1.6819521822450131e-01   7.0349448499539474e-02
 1.8423227414550078e-01   6.9263815293465897e-02
 1.9738949970257494e-01   6.8208578991094795e-02
 2.0620195437874891e-01   6.7402729521436916e-02
 2.1002111860285491e-01   6.7025305918699540e-02
 1.4207230924703043e-01   8.0432929136259407e-02
 1.4892893391354167e-01   8.0140079846293177e-02
 1.6313024751598326e-01   7.9460651783056474e-02
 1.8092694922413285e-01   7.8452717996265561e-02
 1.9847854957847441e-01   7.7257141886096906e-02
 2.1291466817700400e-01   7.6092912653499239e-02
 2.2260144734104617e-01   7.5202664691460294e-02
 2.2680385869371369e-01   7.4785409761712524e-02
 1.4857949544252141e-01   8.6439749108629532e-02
 1.5581163919333466e-01   8.6129062220608732e-02
 1.7080904592329726e-01   8.5407562310171201e-02
 1.8963799958232677e-01   8.4335709265060121e-02
 2.0824476760314559e-01   8.3062418729131227e-02
 2.2357584661748495e-01   8.1820913494273270e-02
 2.3387660330687055e-01   8.0870688056583831e-02
 2.3834869198787254e-01   8.0425089050948348e-02
 1.5143531680418151e-01   8.9174590831938391e-02
 1.5883321383777088e-01   8.8855945625969115e-02
 1.7418248863241254e-01   8.8115657300042505e-02
 1.9346869041726378e-01   8.7015215231195112e-02
 2.1254408397315877e-01   8.5707102331612356e-02
 2.2827365419821236e-01   8.4430911241925075e-02
 2.3884834755858736e-01   8.3453728235134528e-02
 2.4344090237927427e-01   8.2995379611521369e-02
 1.4766418331579145e-01   4.2090563528489160e-02
 1.6463830324994252e-01   4.0057480161177293e-02
 1.8792741646352454e-01   3.5309740040431262e-02
 2.0099881626896071e-01   2.8778259644534569e-02
 2.0210329491865556e-01   2.2193302400617416e-02
 1.9715885240382869e-01   1.6982678235452912e-02
 1.9184149571900957e-01   1.3709713254705599e-02
 1.8918070690795374e-01   1.2364422738052690e-02
 1.5504680372317417e-01   4.4760076280296893e-02
 1.7304589118048072e-01   4.2602004968143696e-02
 1.9777304917560801e-01   3.7557937672122552e-02
 2.1166848166783644e-01   3.0614079070029335e-02
 2.1284709783035871e-01   2.3610792157906724e-02
 2.0759109215512186e-01   1.8068134582473468e-02
 2.0193641925531175e-01   1.4586300239947125e-02
 1.9910646686084291e-01   1.3155103094707344e-02
 1.7048215664605659e-01   5.0569828827495014e-02
 1.9068190603781987e-01   4.8142075580640958e-02
 2.1851507510273818e-01   4.2456072090892777e-02
 2.3420068708521094e-01   3.4615990936184775e-02
 2.3554329134379581e-01   2.6701912175891341e-02
 2.2961064078954435e-01   2.0435692506080440e-02
 2.2322188852961639e-01   1.6498492459303161e-02
 2.2002356684075897e-01   1.4879970105567557e-02
 1.9015670231163173e-01   5.8457618190513295e-02
 2.1327476266603407e-01   5.5669164550360209e-02
 2.4526904791716933e-01   4.9118716291408487e-02
 2.6337743006246905e-01   4.0064950643538731e-02
 2.6494912873664722e-01   3.0913508056232254e-02
 2.5810141495994676e-01   2.3662686210081836e-02
 2.5071619934430089e-01   1.9105344558987970e-02
 2.4701729206663428e-01   1.7231623562632768e-02
 2.1002111860285505e-01   6.7025305918699443e-02
 2.3621390105981133e-01   6.3852610035185206e-02
 2.7264899974325402e-01   5.6373398801058267e-02
 2.9337776043107477e-01   4.6006017616202245e-02
 2.9520796281947193e-01   3.5509569594013926e-02
 2.8737190117267214e-01   2.7186119289304461e-02
 2.7890482827737229e-01   2.1952456332668371e-02
 2.7466160024937425e-01   1.9800284561396223e-02
 2.2680385869371397e-01   7.4785409761712579e-02
 2.5569369425669125e-01   7.1271778978047429e-02
 2.9607532169332296e-01   6.2961291305917530e-02
 3.1916640437645827e-01   5.1408949069320670e-02
 3.2124067488271008e-01   3.9693500743385367e-02
 3.1251536203874986e-01   3.0395507220181119e-02
 3.0306917817480156e-01   2.4546614763798127e-02
 2.9833243654387337e-01   2.2141008043498087e-02
 2.3834869198787273e-01   8.0425089050948306e-02
 2.6914581523412534e-01   7.6668012514547773e-02
 3.1234858158136108e-01   6.7759676540910987e-02
 3.3714944186670404e-01   5.5349377013125554e-02
 3.3940767798591687e-01   4.2747642673596320e-02
 3.3004016597788371e-01   3.2739523761668769e-02
 3.1988307803898730e-01   2.6441830620852785e-02
 3.1478740977316344e-01   2.3851256339418515e-02
 2.4344090237927468e-01   8.2995379611521203e-02
 2.7509256227394568e-01   7.9128572953609727e-02
 3.1956767144460124e-01   6.9949582813509881e-02
 3.4514571879638195e-01   5.7149232905947346e-02
 3.4748976881505456e-01   4.4143490302173578e-02
 3.3783082225708583e-01   3.3811197509006338e-02
 3.2734997252020204e-01   2.7308476902643753e-02
 3.2209066011434756e-01   2.4633375975618640e-02
 1.8918070690795361e-01   1.2364422738052694e-02
 1.8748260275613388e-01   1.1571697442829222e-02
 1.8374296749396443e-01   9.9661054767427506e-03
 1.7870973003840701e-01   8.0389764698704739e-03
 1.7350143195963999e-01   6.2541759236973658e-03
 1.6916966137497047e-01   4.8897361399479009e-03
 1.6631653326422316e-01   4.0330294412344028e-03
 1.6510948540110343e-01   3.6768316044190532e-03
 1.9910646686084302e-01   1.3155103094707351e-02
 1.9730032226474201e-01   1.2311743014800466e-02
 1.9332258125617369e-01   1.0603566347362335e-02
 1.8796853591764323e-01   8.5532626800467523e-03
 1.8242794512253688e-01   6.6543436523749736e-03
 1.7781963721059002e-01   5.2026374651610793e-03
 1.7478428859387168e-01   4.2911271430479689e-03
 1.7350013041258647e-01   3.9121409993221872e-03
 2.2002356684075866e-01   1.4879970105567563e-02
 2.1798209568173757e-01   1.3926188726211213e-02
 2.1348559798000286e-01   1.1994283121728792e-02
 2.0743240001337016e-01   9.6753149374581501e-03
 2.0116743190254416e-01   7.5274568922752269e-03
 1.9595616134452742e-01   5.8853709228342752e-03
 1.9252344811876901e-01   4.8542943703468117e-03
 1.9107112707671697e-01   4.4255888367993896e-03
 2.4701729206663392e-01   1.7231623562632765e-02
 2.4465588009876707e-01   1.6127390436870854e-02
 2.3945376173858657e-01   1.3890603165273428e-02
 2.3244904511419043e-01   1.1205443020288117e-02
 2.2519776914855266e-01   8.7182112025133360e-03
 2.1916517039530173e-01   6.8165440770155883e-03
 2.1519106142584937e-01   5.6224226533731570e-03
 2.1350960320759069e-01   5.1259138987934678e-03
 2.7466160024937447e-01   1.9800284561396219e-02
 2.7195207405397120e-01   1.8531858955301982e-02
 2.6598170286149292e-01   1.5962276469993184e-02
 2.5794021971179187e-01   1.2877284288843095e-02
 2.4961356303272231e-01   1.0019400618278166e-02
 2.4268496919216231e-01   7.8341672211381368e-03
 2.3812005853298271e-01   6.4619094659522447e-03
 2.3618851845878172e-01   5.8913156339554231e-03
 2.9833243654387315e-01   2.2141008043498070e-02
 2.9530707242870369e-01   2.0723107406833394e-02
 2.8863919865254811e-01   1.7850488848386276e-02
 2.7965560048052757e-01   1.4401301666547347e-02
 2.7035097134296693e-01   1.1205697845847953e-02
 2.6260706833799091e-01   8.7620289281064492e-03
 2.5750436267045868e-01   7.2273948249873482e-03
 2.5534513636416534e-01   6.5892642426579433e-03
 3.1478740977316316e-01   2.3851256339418547e-02
 3.1153219969775625e-01   2.2324240205705347e-02
 3.0435642038611654e-01   1.9230360509971615e-02
 2.9468623975719122e-01   1.5515179357599704e-02
 2.8466837066471751e-01   1.2072848083168466e-02
 2.7632955487749161e-01   9.4403319068129890e-03
 2.7083430057140401e-01   7.7870259321559561e-03
 2.6850885099996935e-01   7.0995324260386935e-03
 3.2209066011434739e-01   2.4633375975618668e-02
 3.1873061499849542e-01   2.3056489451567300e-02
 3.1132308223650468e-01   1.9861469832776413e-02
 3.0133945196513373e-01   1.6024677688903574e-02
 2.9099580452680657e-01   1.2469522980202083e-02
 2.8238516615106718e-01   9.7506379628447149e-03
 2.7671051209825032e-01   8.0430522064786191e-03
 2.7430908727776737e-01   7.3329791787523973e-03
 1.6510948540110343e-01   3.6768316044190532e-03
 1.6396838966224533e-01   3.3415879224218967e-03
 1.6171565564558571e-01   2.6761584097276720e-03
 1.5919330476625942e-01   1.8940602083824139e-03
 1.5719847342766866e-01   1.1671795912556275e-03
 1.5609789629111281e-01   5.8253193677141517e-04
 1.5573602299115782e-01   1.8091388649755030e-04
 1.5569636906866294e-01  -4.1180505215650470e-12
 1.7350013041258647e-01   3.9121409993221872e-03
 1.7228612788406425e-01   3.5554483551281679e-03
 1.6988944106460924e-01   2.8474408274806722e-03
 1.6720588376782242e-01   2.0152928638678853e-03
 1.6508353491702082e-01   1.2418903049199708e-03
 1.6391259366609318e-01   6.1982072248149877e-04
 1.6352758464205461e-01   1.9249461764939864e-04
 1.6348539559094641e-01  -3.1242636132504256e-12
 1.9107112707671697e-01   4.4255888367993896e-03
 1.8969812355814406e-01   4.0220980929459912e-03
 1.8698747740543306e-01   3.2211899460332953e-03
 1.8395230628903675e-01   2.2798350084345690e-03
 1.8155180932020906e-01   1.4049191286028874e-03
 1.8022738138547528e-01   7.0119033365451458e-04
 1.7979190469845960e-01   2.1776549893615045e-04
 1.7974418552892588e-01   2.8090208270933561e-13
 2.1350960320759069e-01   5.1259138987934678e-03
 2.1191993485117536e-01   4.6586015852773405e-03
 2.0878142805893032e-01   3.7309929271703421e-03
 2.0526701118692411e-01   2.6406887821910857e-03
 2.0248736776833778e-01   1.6273074893036349e-03
 2.0095371200859236e-01   8.1218824306592767e-04
 2.0044943501782797e-01   2.5223809255808875e-04
 2.0039417663512943e-01   4.2638661975704873e-12
 2.3618851845878172e-01   5.8913156339554231e-03
 2.3436236221434567e-01   5.3542655857933674e-03
 2.3075679034145791e-01   4.2882024012274199e-03
 2.2671911644806886e-01   3.0351159380193893e-03
 2.2352545518667433e-01   1.8703951856513590e-03
 2.2176331303907601e-01   9.3351971716809895e-04
 2.2118389733362090e-01   2.8992016768670967e-04
 2.2112040487710258e-01   4.0972488134554108e-12
 2.5534513636416534e-01   6.5892642426579433e-03
 2.5330364909148462e-01   5.9886372644122549e-03
 2.4927273902988611e-01   4.7963415611808093e-03
 2.4475846940429780e-01   3.3948262803984389e-03
 2.4118765155414404e-01   2.0920955289002782e-03
 2.3921734516208590e-01   1.0441786483178755e-03
 2.3856947053387875e-01   3.2428790689109681e-04
 2.3849847590644893e-01   4.0771722531128867e-13
 2.6850885099996935e-01   7.0995324260386935e-03
 2.6631014533523206e-01   6.4524345996744116e-03
 2.6196864766846101e-01   5.1678643376957389e-03
 2.5710630968231440e-01   3.6578384199322414e-03
 2.5326000540702870e-01   2.2542037413470339e-03
 2.5113763408703271e-01   1.1250946034057105e-03
 2.5043974862544344e-01   3.4941844425297750e-04
 2.5036327348804688e-01  -2.6405128175939519e-12
 2.7430908727776737e-01   7.3329791787523973e-03
 2.7203851762744230e-01   6.6646240632604751e-03
 2.6755504003448061e-01   5.3378424895516299e-03
 2.6253357295024604e-01   3.7781747401080452e-03
 2.5856131011862704e-01   2.3283751239361163e-03
 2.5636940657472895e-01   1.1621175929509861e-03
 2.5564865312245799e-01   3.6091694344239015e-04
 2.5556967196506014e-01  -3.7436743351427736e-12
 1.5569636906866294e-01  -4.1180505215650470e-12
 1.5573602298651132e-01  -1.8091389322240616e-04
 1.5609789628453472e-01  -5.8253193365533714e-04
 1.5719847343401000e-01  -1.1671795847336133e-03
 1.5919330476594790e-01  -1.8940602155647546e-03
 1.6171565563613563e-01  -2.6761584113065714e-03
 1.6396838966547900e-01  -3.3415879154376576e-03
 1.6510948541127726e-01  -3.6768315971461418e-03
 1.6348539559094641e-01  -3.1242636132504256e-12
 1.6352758463727970e-01  -1.9249462275832893e-04
 1.6391259365918692e-01  -6.1982072015083695e-04
 1.6508353492325917e-01  -1.2418902999149183e-03
 1.6720588376809753e-01  -2.0152928692748991e-03
 1.6988944105530282e-01  -2.8474408288655896e-03
 1.7228612788655337e-01  -3.5554483499042411e-03
 1.7350013042179163e-01  -3.9121409937397621e-03
 1.7974418552892588e-01   2.8090208270933561e-13
 1.7979190469530762e-01  -2.1776549849548453e-04
 1.8022738138058747e-01  -7.0119033395346934e-04
 1.8155180932370032e-01  -1.4049191288975215e-03
 1.8395230629054327e-01  -2.2798350078393126e-03
 1.8698747740019253e-01  -3.2211899464191134e-03
 1.8969812355793400e-01  -4.0220980936129021e-03
 1.9107112708001633e-01  -4.4255888371171320e-03
 2.0039417663512943e-01   4.2638661975704873e-12
 2.0044943501876344e-01  -2.5223808561021809e-04
 2.0095371200936582e-01  -8.1218824636269157e-04
 2.0248736776600279e-01  -1.6273074959215156e-03
 2.0526701118918569e-01  -2.6406887746811300e-03
 2.0878142806232647e-01  -3.7309929259792506e-03
 2.1191993484745875e-01  -4.6586015926547483e-03
 2.1350960320097070e-01  -5.1259139061351246e-03
 2.2112040487710258e-01   4.0972488134554108e-12
 2.2118389733748417e-01  -2.8992016098916600e-04
 2.2176331304429006e-01  -9.3351972023277485e-04
 2.2352545518091174e-01  -1.8703951921773992e-03
 2.2671911644929624e-01  -3.0351159309410188e-03
 2.3075679034993121e-01  -4.2882023995364955e-03
 2.3436236221030732e-01  -5.3542655926482668e-03
 2.3618851844837940e-01  -5.8913156411819134e-03
 2.3849847590644893e-01   4.0771722531128867e-13
 2.3856947053740940e-01  -3.2428790620172632e-04
 2.3921734516734422e-01  -1.0441786485114370e-03
 2.4118765154982957e-01  -2.0920955297315772e-03
 2.4475846940345164e-01  -3.3948262798424510e-03
 2.4927273903624586e-01  -4.7963415604200497e-03
 2.5330364909052416e-01  -5.9886372648454917e-03
 2.5534513635878431e-01  -6.5892642435694693e-03
 2.5036327348804688e-01  -2.6405128175939519e-12
 2.5043974862738694e-01  -3.4941844853994276e-04
 2.5113763409039463e-01  -1.1250946012890033e-03
 2.5326000540556165e-01  -2.2542037373795478e-03
 2.5710630968000070e-01  -3.6578384246776555e-03
 2.6196864767066486e-01  -5.1678643380122539e-03
 2.6631014533726188e-01  -6.4524345949456760e-03
 2.6850885100086436e-01  -7.0995324216485091e-03
 2.5556967196506014e-01  -3.7436743351427736e-12
 2.5564865312351231e-01  -3.6091694953375872e-04
 2.5636940657694857e-01  -1.1621175900153370e-03
 2.5856131011859629e-01  -2.3283751182063914e-03
 2.6253357294743590e-01  -3.7781747467475375e-03
 2.6755504003459274e-01  -5.3378424903421070e-03
 2.7203851763070147e-01  -6.6646240567034389e-03
 2.7430908728149328e-01  -7.3329791724213384e-03
 1.6510948541127726e-01  -3.6768315971461418e-03
 1.6631653327808418e-01  -4.0330294364718149e-03
 1.6916966137932785e-01  -4.8897361443783448e-03
 1.7350143194187001e-01  -6.2541759265899183e-03
 1.7870973004565172e-01  -8.0389764641874677e-03
 1.8374296750917582e-01  -9.9661054805567327e-03
 1.8748260274770220e-01  -1.1571697446684272e-02
 1.8918070689174532e-01  -1.2364422738263735e-02
 1.7350013042179163e-01  -3.9121409937397621e-03
 1.7478428860679932e-01  -4.2911271392352523e-03
 1.7781963721498811e-01  -5.2026374682874856e-03
 1.8242794510606244e-01  -6.6543436548206977e-03
 1.8796853592450707e-01  -8.5532626757911182e-03
 1.9332258127004065e-01  -1.0603566349948168e-02
 1.9730032225632024e-01  -1.2311743017775292e-02
 1.9910646684540234e-01  -1.3155103095087347e-02
 1.9107112708001633e-01  -4.4255888371171320e-03
 1.9252344812438218e-01  -4.8542943701392191e-03
 1.9595616134726587e-01  -5.8853709219154147e-03
 2.0116743189562611e-01  -7.5274568927493407e-03
 2.0743240001657859e-01  -9.6753149379875999e-03
 2.1348559798528469e-01  -1.1994283120653339e-02
 2.1798209567678623e-01  -1.3926188726086660e-02
 2.2002356683330190e-01  -1.4879970106140618e-02
 2.1350960320097070e-01  -5.1259139061351246e-03
 2.1519106141827937e-01  -5.6224226578024516e-03
 2.1916517039424685e-01  -6.8165440718823403e-03
 2.2519776915857895e-01  -8.7182112001511630e-03
 2.3244904511036496e-01  -1.1205443026285469e-02
 2.3945376172941299e-01  -1.3890603160578363e-02
 2.4465588010178199e-01  -1.6127390433015219e-02
 2.4701729207453146e-01  -1.7231623562957540e-02
 2.3618851844837940e-01  -5.8913156411819134e-03
 2.3812005851951021e-01  -6.4619094707769782e-03
 2.4268496918869054e-01  -7.8341672168938080e-03
 2.4961356305007934e-01  -1.0019400615289258e-02
 2.5794021970435821e-01  -1.2877284294445263e-02
 2.6598170284683581e-01  -1.5962276466372449e-02
 2.7195207406218985e-01  -1.8531858951440248e-02
 2.7466160026505831e-01  -1.9800284561057861e-02
 2.5534513635878431e-01  -6.5892642435694693e-03
 2.5750436266251281e-01  -7.2273948260893027e-03
 2.6260706833511621e-01  -8.7620289284274649e-03
 2.7035097135293218e-01  -1.1205697844763152e-02
 2.7965560047567456e-01  -1.4401301666944800e-02
 2.8863919864496151e-01  -1.7850488848995889e-02
 2.9530707243530901e-01  -2.0723107406261911e-02
 2.9833243655409325e-01  -2.2141008042741162e-02
 2.6850885100086436e-01  -7.0995324216485091e-03
 2.7083430057109575e-01  -7.7870259298715126e-03
 2.7632955487614053e-01  -9.4403319105141759e-03
 2.8466837066473072e-01  -1.2072848084051329e-02
 2.9468623975643760e-01  -1.5515179353793380e-02
 3.0435642038722616e-01  -1.9230360513579198e-02
 3.1153219970037116e-01  -2.2324240207938356e-02
 3.1478740977486980e-01  -2.3851256338679565e-02
 2.7430908728149328e-01  -7.3329791724213384e-03
 2.7671051210148517e-01  -8.0430522028847474e-03
 2.8238516615049747e-01  -9.7506379676626526e-03
 2.9099580452224066e-01  -1.2469522981903920e-02
 3.0133945196638973e-01  -1.6024677683601662e-02
 3.1132308224147603e-01  -1.9861469837333993e-02
 3.1873061499897837e-01  -2.3056489454839974e-02
 3.2209066011195142e-01  -2.4633375974986348e-02
 1.8918070689174499e-01  -1.2364422738263747e-02
 1.9184149570480075e-01  -1.3709713249565970e-02
 1.9715885241676911e-01  -1.6982678239048206e-02
 2.0210329491255502e-01  -2.2193302394746754e-02
 2.0099881626691818e-01  -2.8778259648125831e-02
 1.8792741645747782e-01  -3.5309740043800199e-02
 1.6463830326458270e-01  -4.0057480157568603e-02
 1.4766418331485842e-01  -4.2090563530097491e-02
 1.9910646684540231e-01  -1.3155103095087349e-02
 2.0193641924248851e-01  -1.4586300236277905e-02
 2.0759109216759378e-01  -1.8068134584975522e-02
 2.1284709782438835e-01  -2.3610792153538326e-02
 2.1166848166512378e-01  -3.0614079073134595e-02
 1.9777304917103838e-01  -3.7557937674472262e-02
 1.7304589119354283e-01  -4.2602004965176465e-02
 1.5504680372289859e-01  -4.4760076281190705e-02
 2.2002356683330143e-01  -1.4879970106140609e-02
 2.2322188852505684e-01  -1.6498492460263216e-02
 2.2961064079589835e-01  -2.0435692505237125e-02
 2.3554329134056237e-01  -2.6701912176516920e-02
 2.3420068708209346e-01  -3.4615990936954159e-02
 2.1851507510329313e-01  -4.2456072090116939e-02
 1.9068190604209662e-01  -4.8142075580275612e-02
 1.7048215664737887e-01  -5.0569828826519385e-02
 2.4701729207453180e-01  -1.7231623562957602e-02
 2.5071619935331396e-01  -1.9105344564865161e-02
 2.5810141495413974e-01  -2.3662686205822108e-02
 2.6494912873908849e-01  -3.0913508062500605e-02
 2.6337743006099756e-01  -4.0064950640763083e-02
 2.4526904792399359e-01  -4.9118716287432945e-02
 2.1327476265600856e-01  -5.5669164553522991e-02
 1.9015670231421292e-01  -5.8457618188056268e-02
 2.7466160026505826e-01  -1.9800284561057847e-02
 2.7890482829117236e-01  -2.1952456337646385e-02
 2.8737190116039835e-01  -2.7186119285890650e-02
 2.9520796282505002e-01  -3.5509569599764534e-02
 2.9337776043267755e-01  -4.6006017612435120e-02
 2.7264899975017926e-01  -5.6373398797859214e-02
 2.3621390104465467e-01  -6.3852610038876628e-02
 2.1002111860447498e-01  -6.7025305917292319e-02
 2.9833243655409297e-01  -2.2141008042741165e-02
 3.0306917818153661e-01  -2.4546614763565223e-02
 3.1251536203043967e-01  -3.0395507220598302e-02
 3.2124067488658137e-01  -3.9693500743651952e-02
 3.1916640438003191e-01  -5.1408949067741475e-02
 2.9607532169447431e-01  -6.2961291306288400e-02
 2.5569369424906696e-01  -7.1271778979125372e-02
 2.2680385869295430e-01  -7.4785409762618646e-02
 3.1478740977486991e-01  -2.3851256338679554e-02
 3.1988307803734956e-01  -2.6441830616691305e-02
 3.3004016597610736e-01  -3.2739523764865476e-02
 3.3940767798685090e-01  -4.2747642669494823e-02
 3.3714944187049034e-01  -5.5349377013962864e-02
 3.1234858157732626e-01  -6.7759676543878086e-02
 2.6914581523566855e-01  -7.6668012513110728e-02
 2.3834869198540487e-01  -8.0425089053232618e-02
 3.2209066011195103e-01  -2.4633375974986372e-02
 3.2734997251490200e-01  -2.7308476897163248e-02
 3.3783082225849048e-01  -3.3811197513102076e-02
 3.4748976881455651e-01  -4.4143490296537538e-02
 3.4514571879988509e-01  -5.7149232907824629e-02
 3.1956767143855008e-01  -6.9949582817318848e-02
 2.7509256227959955e-01  -7.9128572951166556e-02
 2.4344090237623148e-01  -8.2995379614159676e-02
 1.4766418331485831e-01  -4.2090563530097436e-02
 1.4517138486690451e-01  -4.2333679990249118e-02
 1.3940085064050661e-01  -4.2853933747826117e-02
 1.3073457680356287e-01  -4.3538021224271251e-02
 1.2008291956677604e-01  -4.4246058523475344e-02
 1.0914205237528798e-01  -4.4848694053446984e-02
 1.0030118402912681e-01  -4.5258793234482550e-02
 9.5995301400963309e-02  -4.5436747273492242e-02
 1.5504680372289845e-01  -4.4760076281190733e-02
 1.5240533601782483e-01  -4.5018008433643113e-02
 1.4629263835873840e-01  -4.5569843233441161e-02
 1.3711801529907838e-01  -4.6295152017625338e-02
 1.2585140005767145e-01  -4.7045383867997864e-02
 1.1429140542903196e-01  -4.7683423861283533e-02
 1.0496056765991538e-01  -4.8117254906545497e-02
 1.0041968687409938e-01  -4.8305391550586073e-02
 1.7048215664737890e-01  -5.0569828826519385e-02
 1.6752246703353280e-01  -5.0859658568732140e-02
 1.6067837825383749e-01  -5.1479422792159744e-02
 1.5041982035649024e-01  -5.2293245874061894e-02
 1.3784652976517561e-01  -5.3133861775213585e-02
 1.2497642844324662e-01  -5.3847520251759068e-02
 1.1461286578805600e-01  -5.4331896019645540e-02
 1.0957798780810368e-01  -5.4541677861661295e-02
 1.9015670231421275e-01  -5.8457618188056490e-02
 1.8677715606964684e-01  -5.8789956973515467e-02
 1.7897021270219893e-01  -5.9500111587201920e-02
 1.6729034463699016e-01  -6.0431393740002684e-02
 1.5301315518350048e-01  -6.1391490085816035e-02
 1.3844565787774418e-01  -6.2204662600707485e-02
 1.2675206310096013e-01  -6.2755274527178981e-02
 1.2108347085826052e-01  -6.2993340873281914e-02
 2.1002111860447467e-01  -6.7025305917292471e-02
 2.0620195438489297e-01  -6.7402729519379090e-02
 1.9738949971704314e-01  -6.8208578988304819e-02
 1.8423227416298277e-01  -6.9263815291471686e-02
 1.6819521823059672e-01  -7.0349448499936032e-02
 1.5188706555663259e-01  -7.1266663298204913e-02
 1.3883828386082428e-01  -7.1886213673255178e-02
 1.3252664634119155e-01  -7.2153631868326393e-02
 2.2680385869295400e-01  -7.4785409762618729e-02
 2.2260144734298715e-01  -7.5202664691862139e-02
 2.1291466818433338e-01  -7.6092912652734573e-02
 1.9847854958877112e-01  -7.7257141884284439e-02
 1.8092694922873317e-01  -7.8452717994940024e-02
 1.6313024751056823e-01  -7.9460651783431521e-02
 1.4892893390329992e-01  -8.0140079847772744e-02
 1.4207230923650521e-01  -8.0432929137960227e-02
 2.3834869198540437e-01  -8.0425089053232590e-02
 2.3387660330455085e-01  -8.0870688058707896e-02
 2.2357584661604685e-01  -8.1820913495427125e-02
 2.0824476760351451e-01  -8.3062418728288651e-02
 1.8963799958394262e-01  -8.4335709263007180e-02
 1.7080904592439278e-01  -8.5407562309152016e-02
 1.5581163919333171e-01  -8.6129062221193611e-02
 1.4857949544202248e-01  -8.6439749109873898e-02
 2.4344090237623123e-01  -8.2995379614159717e-02
 2.3884834755449486e-01  -8.3453728237797148e-02
 2.2827365419282994e-01  -8.4430911243839654e-02
 2.1254408396888341e-01  -8.5707102331343488e-02
 1.9346869041735501e-01  -8.7015215229068160e-02
 1.7418248863644659e-01  -8.8115657298495006e-02
 1.5883321384253277e-01  -8.8855945626050467e-02
 1.5143531680839137e-01  -8.9174590832800910e-02
 9.5995301400963309e-02  -4.5436747273492242e-02
 9.1517276289629607e-02  -4.5607993040624767e-02
 8.1100109435889772e-02  -4.5956623907075687e-02
 6.5305234993575892e-02  -4.6369488098902630e-02
 4.5620279358987055e-02  -4.6722198415888989e-02
 2.5080929054936980e-02  -4.6934373226365636e-02
 8.2593366753912663e-03  -4.7009788159071940e-02
 0.0000000000000000e+00  -4.7018494019193550e-02
 1.0041968687409938e-01  -4.8305391550586073e-02
 9.5699954784687957e-02  -4.8486357853584391e-02
 8.4731786066615966e-02  -4.8854494150146095e-02
 6.8134295165820910e-02  -4.9289803442680802e-02
 4.7510133892422146e-02  -4.9660832086904708e-02
 2.6068572627218060e-02  -4.9883376115108652e-02
 8.5701726862370247e-03  -4.9962248871351360e-02
 0.0000000000000000e+00  -4.9971334338137670e-02
 1.0957798780810368e-01  -5.4541677861661295e-02
 1.0435105718753274e-01  -5.4743280612695594e-02
 9.2230094758893169e-02  -5.5152738440218091e-02
 7.3961795464203145e-02  -5.5635424775989664e-02
 5.1394273484676282e-02  -5.6044949922786760e-02
 2.8095674832647199e-02  -5.6289201422663110e-02
 9.2080047088983260e-03  -5.6375297292122796e-02
 0.0000000000000000e+00  -5.6385175250214394e-02
 1.2108347085826052e-01  -6.2993340873281914e-02
 1.1520755761122034e-01  -6.3221860143704400e-02
 1.0161769990215912e-01  -6.3685052779234572e-02
 8.1234925459268165e-02  -6.4229042985559981e-02
 5.6227721937033674e-02  -6.4688092570281228e-02
 3.0614636694623932e-02  -6.4960130307368025e-02
 1.0001448351898231e-02  -6.5055443050133915e-02
 0.0000000000000000e+00  -6.5066332876297497e-02
 1.3252664634119155e-01  -7.2153631868326393e-02
 1.2599392617425600e-01  -7.2410030857975594e-02
 1.1092369423214130e-01  -7.2928714752220875e-02
 8.8424014729779760e-02  -7.3535709191856605e-02
 6.0992662511944712e-02  -7.4045383878257792e-02
 3.3095098569649498e-02  -7.4345698342966379e-02
 1.0783888989023306e-02  -7.4450363993993407e-02
 0.0000000000000000e+00  -7.4462281787083320e-02
 1.4207230923650521e-01  -8.0432929137960227e-02
 1.3498416247501696e-01  -8.0713446252565504e-02
 1.1866641009837688e-01  -8.1280017909114113e-02
 9.4392439491575122e-02  -8.1941177083145911e-02
 6.4941038247903746e-02  -8.2494195884395771e-02
 3.5148286767099322e-02  -8.2818643697591926e-02
 1.1431432698244644e-02  -8.2931278511124085e-02
 0.0000000000000000e+00  -8.2944072012486145e-02
 1.4857949544202248e-01  -8.6439749109873898e-02
 1.4110922805949352e-01  -8.6737164660918034e-02
 1.2393530696223626e-01  -8.7337233135161965e-02
 9.8448242198151223e-02  -8.8036182559950549e-02
 6.7621012974624334e-02  -8.8619360732309069e-02
 3.6540584636503080e-02  -8.8960568782833621e-02
 1.1869951349625665e-02  -8.9078734177447022e-02
 0.0000000000000000e+00  -8.9092134707978776e-02
 1.5143531680839137e-01  -8.9174590832800910e-02
 1.4379652504851459e-01  -8.9479541275393204e-02
 1.2624551653391483e-01  -9.0094532325731155e-02
 1.0022525648736172e-01  -9.0810293964749850e-02
 6.8794528455430146e-02  -9.1406870536730037e-02
 3.7149906734004139e-02  -9.1755517246091142e-02
 1.2061665070599937e-02  -9.1876136594205196e-02
 0.0000000000000000e+00  -9.1889806228957621e-02
 0.0000000000000000e+00   9.1889806228967183e-02
 1.2061665072488860e-02   9.1876136594717994e-02
 3.7149906731041800e-02   9.1755517244904716e-02
 6.8794528455776160e-02   9.1406870538024279e-02
 1.0022525649142175e-01   9.0810293965071051e-02
 1.2624551653437099e-01   9.0094532323969440e-02
 1.4379652504539378e-01   8.9479541273908933e-02
 1.5143531680418190e-01   8.9174590831938461e-02
 0.0000000000000000e+00   1.1385094236077048e-01
 1.3423224355295787e-02   1.1383529451980463e-01
 4.1483637920007282e-02   1.1369661307639523e-01
 7.7149590649691888e-02   1.1329317192545252e-01
 1.1289323092822037e-01   1.1259769453335050e-01
 1.4274046719494438e-01   1.1175745843378707e-01
 1.6300991312228663e-01   1.1103165467565515e-01
 1.7186716344916994e-01   1.1067064021942222e-01
 0.0000000000000000e+00   1.5913471606733337e-01
 1.5657698810990415e-02   1.5911556066005525e-01
 4.8584059926046863e-02   1.5894488954347108e-01
 9.0850504065757717e-02   1.5844417762516952e-01
 1.3371693991962838e-01   1.5757244723835365e-01
 1.6993286392673837e-01   1.5650923111300999e-01
 1.9476065468337161e-01   1.5558388444532817e-01
 2.0567183829234947e-01   1.5512155390789573e-01
 0.0000000000000000e+00   2.1504642949392638e-01
 1.7755179579556652e-02   2.1502367394064836e-01
 5.5256804490085770e-02   2.1482013840054687e-01
 1.0374167181843778e-01   2.1421938207528862e-01
 1.5334531329317294e-01   2.1316587718175461e-01
 1.9562267234163094e-01   2.1187177027466961e-01
 2.2481737274331259e-01   2.1073894070046514e-01
 2.3770523909350239e-01   2.1017095697080229e-01
 0.0000000000000000e+00   2.6869443031593965e-01
 1.9371882203484216e-02   2.6866873159481491e-01
 6.0402357813507557e-02   2.6843831817253316e-01
 1.1368881738319828e-01   2.6775568542549877e-01
 1.6850687207781728e-01   2.6655319423292156e-01
 2.1549254407005147e-01   2.6506943108859565e-01
 2.4809237075515689e-01   2.6376578182414612e-01
 2.6252578119332587e-01   2.6311067330270599e-01
 0.0000000000000000e+00   3.1118409842044514e-01
 2.0482678496644410e-02   3.1115632597907111e-01
 6.3935691538719058e-02   3.1090698017724194e-01
 1.2052043147917516e-01   3.1016664474983674e-01
 1.7892602425046880e-01   3.0885906828483339e-01
 2.2915746080609189e-01   3.0724138534593415e-01
 2.6410951956308548e-01   3.0581697648687556e-01
 2.7961217877889488e-01   3.0510022460736336e-01
 0.0000000000000000e+00   3.3855288977575398e-01
 2.1141075095258782e-02   3.3852387807096279e-01
 6.6031049797408481e-02   3.3826321511247703e-01
 1.2457285278269623e-01   3.3748838462698805e-01
 1.8510830791903524e-01   3.3611796680634987e-01
 2.3726874418237234e-01   3.3442015568069472e-01
 2.7362041121350716e-01   3.3292345036933652e-01
 2.8975981836003595e-01   3.3216977834035594e-01
 0.0000000000000000e+00   3.5006649839112874e-01
 2.1407591763338125e-02   3.5003698478486839e-01
 6.6878167813680500e-02   3.4977174236759606e-01
 1.2621083327117885e-01   3.4898294963714049e-01
 1.8760767676617082e-01   3.4758708990141218e-01
 2.4054865927501820e-01   3.4585683045194682e-01
 2.7746690493970438e-01   3.4433084108504142e-01
 2.9386416482447819e-01   3.4356221164655909e-01
 1.5143531680418190e-01   8.9174590831938461e-02
 1.5883321383777113e-01   8.8855945625969268e-02
 1.7418248863241254e-01   8.8115657300042616e-02
 1.9346869041726389e-01   8.7015215231195167e-02
 2.1254408397315921e-01   8.5707102331612550e-02
 2.2827365419821261e-01   8.4430911241925255e-02
 2.3884834755858783e-01   8.3453728235134680e-02
 2.4344090237927468e-01   8.2995379611521411e-02
 1.7186716344916994e-01   1.1067064021942222e-01
 1.8046575387867145e-01   1.1029270283955221e-01
 1.9837174336151980e-01   1.0941213212061482e-01
 2.2099730022180830e-01   1.0809747241057821e-01
 2.4351652635280968e-01   1.0652731385295740e-01
 2.6219272869156024e-01   1.0498900984525737e-01
 2.7480321633054633e-01   1.0380743570710273e-01
 2.8029372884441478e-01   1.0325222867865312e-01
 2.0567183829234947e-01   1.5512155390789573e-01
 2.1630156323502431e-01   1.5463620954672644e-01
 2.3855812056253484e-01   1.5350049520629180e-01
 2.6692358504040387e-01   1.5179356252715770e-01
 2.9543816101157072e-01   1.4973945693116375e-01
 3.1931123556791191e-01   1.4771290433260140e-01
 3.3555108722286836e-01   1.4614790401733191e-01
 3.4265308166066355e-01   1.4541021360751996e-01
 2.3770523909350239e-01   2.1017095697080229e-01
 2.5029571132861639e-01   2.0957338604150605e-01
 2.7677384056899462e-01   2.0817017798509643e-01
 3.1075961975462979e-01   2.0604956850996556e-01
 3.4521485990845130e-01   2.0348121358427496e-01
 3.7430353065173205e-01   2.0093165344836011e-01
 3.9422635491891206e-01   1.9895309650989870e-01
 4.0297512479388414e-01   1.9801773320527605e-01
 2.6252578119332587e-01   2.6311067330270599e-01
 2.7665219007174097e-01   2.6242045340904396e-01
 3.0644778249163201e-01   2.6079598793055259e-01
 3.4487534048643526e-01   2.5833203368179802e-01
 3.8406170738209294e-01   2.5533490817032811e-01
 4.1733952848425393e-01   2.5234709873405925e-01
 4.4024308428389203e-01   2.5002048189894893e-01
 4.5033121620706118e-01   2.4891828368217589e-01
 2.7961217877889488e-01   3.0510022460736336e-01
 2.9480229344032693e-01   3.0434441497090525e-01
 3.2689952074314654e-01   3.0256315540510614e-01
 3.6841882573593493e-01   2.9985545243725109e-01
 4.1091309713569174e-01   2.9655319141315506e-01
 4.4713461472685817e-01   2.9325265906480202e-01
 4.7214227619910648e-01   2.9067707574098139e-01
 4.8317869680925779e-01   2.8945535390564453e-01
 2.8975981836003595e-01   3.3216977834035594e-01
 3.0558373985168824e-01   3.3137467350299327e-01
 3.3905372817233587e-01   3.2949943001604953e-01
 3.8242028701032127e-01   3.2664548868032656e-01
 4.2689578415363183e-01   3.2315993283352967e-01
 4.6488530187852151e-01   3.1967128725205674e-01
 4.9115993805386493e-01   3.1694575465278901e-01
 5.0276833138794075e-01   3.1565198645074888e-01
 2.9386416482447819e-01   3.4356221164655909e-01
 3.0994481421062886e-01   3.4275118515856740e-01
 3.4397110916934159e-01   3.4083785261346905e-01
 3.8808691372095389e-01   3.3792462069984447e-01
 4.3336695550506676e-01   3.3436470849502842e-01
 4.7207538176001346e-01   3.3079970387459773e-01
 4.9886581741554581e-01   3.2801326909699213e-01
 5.1070725226494640e-01   3.2669022822563171e-01
 2.4344090237927521e-01   8.2995379611521300e-02
 2.7509256227394630e-01   7.9128572953610005e-02
 3.1956767144460174e-01   6.9949582813510047e-02
 3.4514571879638278e-01   5.7149232905947416e-02
 3.4748976881505494e-01   4.4143490302173689e-02
 3.3783082225708605e-01   3.3811197509006394e-02
 3.2734997252020182e-01   2.7308476902643822e-02
 3.2209066011434795e-01   2.4633375975618734e-02
 2.8029372884441500e-01   1.0325222867865311e-01
 3.1836415886791952e-01   9.8547403997597802e-02
 3.7256848261929010e-01   8.7276941806508024e-02
 4.0422458451876597e-01   7.1426162618223779e-02
 4.0729312316748556e-01   5.5235628845524166e-02
 3.9536938620634859e-01   4.2336605529722966e-02
 3.8234414697736541e-01   3.4206876256625933e-02
 3.7579436876617228e-01   3.0860337474124738e-02
 3.4265308166066355e-01   1.4541021360751982e-01
 3.9244842983429640e-01   1.3910756138561353e-01
 4.6524206756006053e-01   1.2373236743145584e-01
 5.0927260334959989e-01   1.0169539083318996e-01
 5.1418588395958209e-01   7.8889849585550453e-02
 4.9779579932809553e-01   6.0583882966454693e-02
 4.7954984490134039e-01   4.9001180457147492e-02
 4.7032096974785609e-01   4.4224849746417091e-02
 4.0297512479388448e-01   1.9801773320527560e-01
 4.6499177036405948e-01   1.8996220048741252e-01
 5.5827763277703979e-01   1.6992751086547353e-01
 6.1730026587896847e-01   1.4054318763042761e-01
 6.2534286388243254e-01   1.0957310336985243e-01
 6.0406854732796833e-01   8.4422904531998841e-02
 5.7958372651778423e-01   6.8406717377728993e-02
 5.6707285028786036e-01   6.1782315172401001e-02
 4.5033121620706151e-01   2.4891828368217578e-01
 5.2243446058408582e-01   2.3937047513923745e-01
 6.3343156798536360e-01   2.1526548808169535e-01
 7.0666709359930036e-01   1.7920200431703284e-01
 7.1879546265182570e-01   1.4050781247960570e-01
 6.9378946304407196e-01   1.0868608487827219e-01
 6.6375309074501609e-01   8.8268243051825360e-02
 6.4820984959221528e-01   7.9792422067471461e-02
 4.8317869680925818e-01   2.8945535390564442e-01
 5.6248928587069058e-01   2.7883314796966513e-01
 6.8654104480169320e-01   2.5175126153519983e-01
 7.7101083935884496e-01   2.1066852376560768e-01
 7.8719767212735681e-01   1.6598731926521323e-01
 7.6005267333475290e-01   1.2885775687216944e-01
 7.2605833261417274e-01   1.0487639933061946e-01
 7.0825618669344015e-01   9.4888138179110584e-02
 5.0276833138794086e-01   3.1565198645074921e-01
 5.8644905381891343e-01   3.0438045797380370e-01
 7.1856342542931873e-01   2.7548391137341188e-01
 8.1028354356025745e-01   2.3129268091850108e-01
 8.2947151366483940e-01   1.8282997961180678e-01
 8.0136539079985236e-01   1.4228695124958760e-01
 7.6506851301521062e-01   1.1598424621697599e-01
 7.4589897583081044e-01   1.0500390678638213e-01
 5.1070725226494795e-01   3.2669022822563154e-01
 5.9617300752449920e-01   3.1515456077537252e-01
 7.3161056231095911e-01   2.8551685678366950e-01
 8.2638583159398127e-01   2.4004629834243524e-01
 8.4692463242613647e-01   1.9001176219565680e-01
 8.1851421310335815e-01   1.4803627406510067e-01
 7.8131130897254597e-01   1.2075248583618463e-01
 7.6158976595080652e-01   1.0935121204519485e-01
 3.2209066011434839e-01   2.4633375975618734e-02
 3.1873061499849631e-01   2.3056489451567332e-02
 3.1132308223650529e-01   1.9861469832776448e-02
 3.0133945196513379e-01   1.6024677688903612e-02
 2.9099580452680668e-01   1.2469522980202104e-02
 2.8238516615106746e-01   9.7506379628447496e-03
 2.7671051209825037e-01   8.0430522064786590e-03
 2.7430908727776798e-01   7.3329791787524337e-03
 3.7579436876617289e-01   3.0860337474124727e-02
 3.7160655453182767e-01   2.8887139420777645e-02
 3.6236676856576616e-01   2.4888024440118426e-02
 3.4990086490565186e-01   2.0083802242092288e-02
 3.3697343233528715e-01   1.5630598591058472e-02
 3.2620460503335036e-01   1.2223916087426080e-02
 3.1910458396593688e-01   1.0083936099734337e-02
 3.1609930386813023e-01   9.1939630806352306e-03
 4.7032096974785620e-01   4.4224849746417133e-02
 4.6440693943468953e-01   4.1406527333761871e-02
 4.5132898925811010e-01   3.5690125897197784e-02
 4.3363350190561828e-01   2.8815510960160499e-02
 4.1523470879915347e-01   2.2436512542264007e-02
 3.9987827447545538e-01   1.7552514036651628e-02
 3.8974112351721629e-01   1.4482766162112417e-02
 3.8544762414600342e-01   1.3205725219067162e-02
 5.6707285028785992e-01   6.1782315172400938e-02
 5.5902435345436596e-01   5.7868507105364841e-02
 5.4115606899764057e-01   4.9919294699632737e-02
 5.1685536297714874e-01   4.0341307737188019e-02
 4.9147140827735503e-01   3.1437161805907950e-02
 4.7021141098358232e-01   2.4609458729788442e-02
 4.5614617983635658e-01   2.0313527332834595e-02
 4.5018228253172560e-01   1.8525361925554755e-02
 6.4820984959221428e-01   7.9792422067471516e-02
 6.3816171410321221e-01   7.4776791457144540e-02
 6.1574330029250868e-01   6.4572195966875023e-02
 5.8505741856437843e-01   5.2246856331948727e-02
 5.5281343713231124e-01   4.0760689517839351e-02
 5.2568709909267797e-01   3.1935392538744674e-02
 5.0768918771914850e-01   2.6374782009635504e-02
 5.0004653281474243e-01   2.4058409845336217e-02
 7.0825618669344004e-01   9.4888138179110570e-02
 6.9669493832746365e-01   8.8968756027393112e-02
 6.7077988498071417e-01   7.6905909027568553e-02
 6.3509074673288568e-01   6.2302271825752507e-02
 5.9737676799334638e-01   4.8660540260105314e-02
 5.6551142960679135e-01   3.8158113095827666e-02
 5.4430994139267541e-01   3.1531402575130707e-02
 5.3529390461633852e-01   2.8768757060935686e-02
 7.4589897583080988e-01   1.0500390678638202e-01
 7.3340921919837387e-01   9.8489815872020312e-02
 7.0531985793231289e-01   8.5199767184265043e-02
 6.6646775542772585e-01   6.9083583154304393e-02
 6.2524444666775425e-01   5.4002808185397259e-02
 5.9030514626383890e-01   4.2375346048409944e-02
 5.6701088362950602e-01   3.5030981983779359e-02
 5.5709439477490474e-01   3.1967332188119923e-02
 7.6158976595080519e-01   1.0935121204519477e-01
 7.4872197988807943e-01   1.0258432473324793e-01
 7.1974012685185551e-01   8.8771533997737739e-02
 6.7957661208325038e-01   7.2009061559025048e-02
 6.3688527697096320e-01   5.6311358855768885e-02
 6.0065149088615910e-01   4.4200178903052854e-02
 5.7647214365196675e-01   3.6546591077986294e-02
 5.6617398950079201e-01   3.3353085927674768e-02
 2.7430908727776798e-01   7.3329791787524337e-03
 2.7203851762744263e-01   6.6646240632604941e-03
 2.6755504003448083e-01   5.3378424895516134e-03
 2.6253357295024621e-01   3.7781747401080396e-03
 2.5856131011862743e-01   2.3283751239361185e-03
 2.5636940657472912e-01   1.1621175929509937e-03
 2.5564865312245832e-01   3.6091694344239205e-04
 2.5556967196506053e-01  -3.7436743351428406e-12
 3.1609930386813023e-01   9.1939630806352306e-03
 3.1325744518441306e-01   8.3562261444111580e-03
 3.0764499596599604e-01   6.6930495246590440e-03
 3.0135777831535776e-01   4.7376887265853044e-03
 2.9638331004216306e-01   2.9198332707908170e-03
 2.9363805432281548e-01   1.4573592478469880e-03
 2.9273529910774854e-01   4.5261361119769167e-04
 2.9263637275292964e-01  -8.5417549410909365e-13
 3.8544762414600342e-01   1.3205725219067162e-02
 3.8138622614583495e-01   1.2003425744572967e-02
 3.7336156624859729e-01   9.6158606739825021e-03
 3.6436664159745458e-01   6.8078032006460417e-03
 3.5724603980521086e-01   4.1962242030761645e-03
 3.5331505736070279e-01   2.0945972897510792e-03
 3.5202218134833274e-01   6.5053774301203837e-04
 3.5188049833794438e-01  -3.4901722775239102e-12
 4.5018228253172560e-01   1.8525361925554755e-02
 4.4453733953700830e-01   1.6841301593812016e-02
 4.3337450933265348e-01   1.3495445542006827e-02
 4.2084817339235209e-01   9.5575928381270922e-03
 4.1092240596209079e-01   5.8926784225930466e-03
 4.0543938212891167e-01   2.9418259723927730e-03
 4.0363553644712080e-01   9.1371244508167747e-04
 4.0343784241063624e-01   3.6774028211433743e-12
 5.0004653281474243e-01   2.4058409845336217e-02
 4.9280680214350381e-01   2.1875924317108483e-02
 4.7847446798589999e-01   1.7536985718237929e-02
 4.6236797929668244e-01   1.2425475243660920e-02
 4.4958886472931769e-01   7.6636058281374826e-03
 4.4252374684924572e-01   3.8266966571714944e-03
 4.4019852750242489e-01   1.1886260233828336e-03
 4.3994366688384934e-01   2.2373620683783538e-12
 5.3529390461633852e-01   2.8768757060935686e-02
 5.2674643274242472e-01   2.6164608615905700e-02
 5.0980668079384317e-01   2.0983909804590559e-02
 4.9074234793659888e-01   1.4874745121328189e-02
 4.7559695183831008e-01   9.1776779390114558e-03
 4.6721658955501050e-01   4.5836826590879287e-03
 4.6445744930392657e-01   1.4238550988210060e-03
 4.6415499643661756e-01  -3.4681962640083444e-12
 5.5709439477490474e-01   3.1967332188119923e-02
 5.4768779254717270e-01   2.9078451504749431e-02
 5.2903034140926153e-01   2.3328375538511480e-02
 5.0801030237634481e-01   1.6542674273403120e-02
 4.9129523648478352e-01   1.0209751700650679e-02
 4.8204055653531164e-01   5.0999665917162863e-03
 4.7899268447290255e-01   1.5843163534407885e-03
 4.7865855532828788e-01   1.9525015881315178e-12
 5.6617398950079201e-01   3.3353085927674768e-02
 5.5640279359633515e-01   3.0341281834793205e-02
 5.3701516324174092e-01   2.4345134780683755e-02
 5.1516190042614540e-01   1.7266585540651514e-02
 4.9777674501392416e-01   1.0657966594159941e-02
 4.8814833441721051e-01   5.3242587781742378e-03
 4.8497696839389148e-01   1.6540344378785947e-03
 4.8462928869529137e-01   2.9327322440359154e-12
 2.5556967196506053e-01  -3.7436743351428406e-12
 2.5564865312351304e-01  -3.6091694953375845e-04
 2.5636940657694907e-01  -1.1621175900153394e-03
 2.5856131011859651e-01  -2.3283751182063927e-03
 2.6253357294743623e-01  -3.7781747467475358e-03
 2.6755504003459302e-01  -5.3378424903421148e-03
 2.7203851763070203e-01  -6.6646240567034502e-03
 2.7430908728149300e-01  -7.3329791724213566e-03
 2.9263637275292964e-01  -8.5417549410909365e-13
 2.9273529910491830e-01  -4.5261361262251916e-04
 2.9363805431887935e-01  -1.4573592473506730e-03
 2.9638331004614088e-01  -2.9198332692235126e-03
 3.0135777831496924e-01  -4.7376887278584605e-03
 3.0764499596032080e-01  -6.6930495256960296e-03
 3.1325744518674709e-01  -8.3562261433065260e-03
 3.1609930387458746e-01  -9.1939630789487203e-03
 3.5188049833794438e-01  -3.4901722775239102e-12
 3.5202218134989433e-01  -6.5053774867817173e-04
 3.5331505736353347e-01  -2.0945972869530292e-03
 3.5724603980436809e-01  -4.1962241978379979e-03
 3.6436664159517496e-01  -6.8078032069068851e-03
 3.7336156624965144e-01  -9.6158606743915846e-03
 3.8138622614783396e-01  -1.2003425738357743e-02
 3.8544762414771538e-01  -1.3205725213313466e-02
 4.0343784241063624e-01   3.6774028211433743e-12
 4.0363553644439576e-01  -9.1371243905142142e-04
 4.0543938212330288e-01  -2.9418259750319778e-03
 4.1092240596240648e-01  -5.8926784285105865e-03
 4.2084817339889358e-01  -9.5575928320363965e-03
 4.3337450933165245e-01  -1.3495445540267050e-02
 4.4453733952954910e-01  -1.6841301599595394e-02
 4.5018228252389242e-01  -1.8525361931800995e-02
 4.3994366688384934e-01   2.2373620683783538e-12
 4.4019852750575861e-01  -1.1886260197712978e-03
 4.4252374685464591e-01  -3.8266966590717465e-03
 4.4958886472577525e-01  -7.6636058313653225e-03
 4.6236797929384571e-01  -1.2425475239496733e-02
 4.7847446799214793e-01  -1.7536985718418382e-02
 4.9280680214636874e-01  -2.1875924321306316e-02
 5.0004653281359179e-01  -2.4058409848909165e-02
 4.6415499643661756e-01  -3.4681962640083444e-12
 4.6445744930100563e-01  -1.4238551044679134e-03
 4.6721658955098377e-01  -4.5836826564003537e-03
 4.7559695184301432e-01  -9.1776779337347115e-03
 4.9074234793681304e-01  -1.4874745127343707e-02
 5.0980668078591074e-01  -2.0983909805270127e-02
 5.2674643274252597e-01  -2.6164608610077373e-02
 5.3529390462202109e-01  -2.8768757055402199e-02
 4.7865855532828788e-01   1.9525015881315178e-12
 4.7899268447865978e-01  -1.5843163502774350e-03
 4.8204055654444916e-01  -5.0999665933170518e-03
 4.9129523647844892e-01  -1.0209751703551602e-02
 5.0801030237222189e-01  -1.6542674269845615e-02
 5.2903034141969141e-01  -2.3328375538416313e-02
 5.4768779255065092e-01  -2.9078451508323336e-02
 5.5709439477171008e-01  -3.1967332191336913e-02
 4.8462928869529137e-01   2.9327322440359154e-12
 4.8497696839544541e-01  -1.6540344330738461e-03
 4.8814833441861100e-01  -5.3242587802860425e-03
 4.9777674500964586e-01  -1.0657966598784466e-02
 5.1516190042825183e-01  -1.7266585535902788e-02
 5.3701516324889753e-01  -2.4345134779573445e-02
 5.5640279359411704e-01  -3.0341281839211073e-02
 5.6617398949328923e-01  -3.3353085932204145e-02
 2.7430908728149300e-01  -7.3329791724213566e-03
 2.7671051210148551e-01  -8.0430522028847578e-03
 2.8238516615049825e-01  -9.7506379676626734e-03
 2.9099580452224055e-01  -1.2469522981903946e-02
 3.0133945196639045e-01  -1.6024677683601708e-02
 3.1132308224147648e-01  -1.9861469837334028e-02
 3.1873061499897820e-01  -2.3056489454840016e-02
 3.2209066011195153e-01  -2.4633375974986368e-02
 3.1609930387458746e-01  -9.1939630789487203e-03
 3.1910458397436475e-01  -1.0083936098047332e-02
 3.2620460503528620e-01  -1.2223916087453426e-02
 3.3697343232458427e-01  -1.5630598592561072e-02
 3.4990086491138467e-01  -2.0083802241110622e-02
 3.6236676857370032e-01  -2.4888024439777980e-02
 3.7160655452486163e-01  -2.8887139421825844e-02
 3.7579436875547789e-01  -3.0860337475052634e-02
 3.8544762414771538e-01  -1.3205725213313466e-02
 3.8974112351839085e-01  -1.4482766159139106e-02
 3.9987827447531260e-01  -1.7552514041516913e-02
 4.1523470879730506e-01  -2.2436512543346991e-02
 4.3363350190441458e-01  -2.8815510955248820e-02
 4.5132898926190723e-01  -3.5690125902001837e-02
 4.6440693943789657e-01  -4.1406527336541654e-02
 4.7032096974845095e-01  -4.4224849745255666e-02
 4.5018228252389242e-01  -1.8525361931800995e-02
 4.5614617983028993e-01  -2.0313527337144324e-02
 4.7021141098631386e-01  -2.4609458726373788e-02
 4.9147140828598168e-01  -3.1437161803257979e-02
 5.1685536297259982e-01  -4.0341307741879259e-02
 5.4115606898986401e-01  -4.9919294696635440e-02
 5.5902435345624601e-01  -5.7868507102122310e-02
 5.6707285029407950e-01  -6.1782315172124860e-02
 5.0004653281359179e-01  -2.4058409848909165e-02
 5.0768918771425819e-01  -2.6374782011102327e-02
 5.2568709908655253e-01  -3.1935392535101033e-02
 5.5281343713781883e-01  -4.0760689517772231e-02
 5.8505741856677529e-01  -5.2246856335121536e-02
 6.1574330028482094e-01  -6.4572195963023493e-02
 6.3816171410176603e-01  -7.4776791455682168e-02
 6.4820984959542893e-01  -7.9792422068994617e-02
 5.3529390462202109e-01  -2.8768757055402199e-02
 5.4430994140242339e-01  -3.1531402572117166e-02
 5.6551142961356748e-01  -3.8158113100193548e-02
 5.9737676798173844e-01  -4.8660540261181030e-02
 6.3509074673229404e-01  -6.2302271821339725e-02
 6.7077988499449870e-01  -7.6905909032121023e-02
 6.9669493832795071e-01  -8.8968756029763174e-02
 7.0825618668582535e-01  -9.4888138177698228e-02
 5.5709439477171008e-01  -3.1967332191336913e-02
 5.6701088362070384e-01  -3.5030981985327080e-02
 5.9030514625534092e-01  -4.2375346045480718e-02
 6.2524444667755508e-01  -5.4002808184990231e-02
 6.6646775542845682e-01  -6.9083583157192874e-02
 7.0531985792195329e-01  -8.5199767181164676e-02
 7.3340921919979274e-01  -9.8489815870378139e-02
 7.4589897583779030e-01  -1.0500390678725526e-01
 5.6617398949328923e-01  -3.3353085932204145e-02
 5.7647214364115429e-01  -3.6546591080836792e-02
 6.0065149088040592e-01  -4.4200178900186175e-02
 6.3688527698405506e-01  -5.6311358854536517e-02
 6.7957661208301523e-01  -7.2009061562246235e-02
 7.1974012683680255e-01  -8.8771533994619817e-02
 7.4872197988781131e-01  -1.0258432473152042e-01
 7.6158976595945749e-01  -1.0935121204622114e-01
 3.2209066011195131e-01  -2.4633375974986382e-02
 3.2734997251490283e-01  -2.7308476897163245e-02
 3.3783082225849098e-01  -3.3811197513102138e-02
 3.4748976881455684e-01  -4.4143490296537531e-02
 3.4514571879988620e-01  -5.7149232907824754e-02
 3.1956767143855114e-01  -6.9949582817319028e-02
 2.7509256227959977e-01  -7.9128572951166709e-02
 2.4344090237623153e-01  -8.2995379614159773e-02
 3.7579436875547823e-01  -3.0860337475052572e-02
 3.8234414697020630e-01  -3.4206876256433108e-02
 3.9536938621466072e-01  -4.2336605529527817e-02
 4.0729312316403304e-01  -5.5235628844739294e-02
 4.0422458451551480e-01  -7.1426162620374170e-02
 3.7256848261634595e-01  -8.7276941806355132e-02
 3.1836415887758313e-01  -9.8547403996060878e-02
 2.8029372884415954e-01  -1.0325222867775291e-01
 4.7032096974845039e-01  -4.4224849745255597e-02
 4.7954984489689506e-01  -4.9001180451603413e-02
 4.9779579932775969e-01  -6.0583882970861098e-02
 5.1418588395888376e-01  -7.8889849580015214e-02
 5.0927260335535585e-01  -1.0169539083416890e-01
 4.6524206755560105e-01  -1.2373236743550661e-01
 3.9244842983545675e-01  -1.3910756138374419e-01
 3.4265308165788744e-01  -1.4541021361064363e-01
 5.6707285029407928e-01  -6.1782315172124840e-02
 5.7958372652650825e-01  -6.8406717381954321e-02
 6.0406854732377113e-01  -8.4422904529079454e-02
 6.2534286388461224e-01  -1.0957310337480271e-01
 6.1730026587327269e-01  -1.4054318762712328e-01
 5.5827763278698073e-01  -1.6992751086276134e-01
 4.6499177035410777e-01  -1.8996220049064291e-01
 4.0297512479978020e-01  -1.9801773320413854e-01
 6.4820984959542960e-01  -7.9792422068994506e-02
 6.6375309075208122e-01  -8.8268243056083703e-02
 6.9378946304005717e-01  -1.0868608487458427e-01
 7.1879546265564076e-01  -1.4050781248375188e-01
 7.0666709359725832e-01  -1.7920200431711983e-01
 6.3343156798454803e-01  -2.1526548807844031e-01
 5.2243446058490117e-01  -2.3937047514015566e-01
 4.5033121620578503e-01  -2.4891828367943922e-01
 7.0825618668582480e-01  -9.4888138177698186e-02
 7.2605833260088171e-01  -1.0487639932517308e-01
 7.6005267334256388e-01  -1.2885775687678672e-01
 7.8719767212092617e-01  -1.6598731925942314e-01
 7.7101083936410131e-01  -2.1066852376700923e-01
 6.8654104479840150e-01  -2.5175126153921834e-01
 5.6248928587426328e-01  -2.7883314796745534e-01
 4.8317869680799630e-01  -2.8945535390845450e-01
 7.4589897583778964e-01  -1.0500390678725527e-01
 7.6506851302367607e-01  -1.1598424622061208e-01
 8.0136539079361535e-01  -1.4228695124673330e-01
 8.2947151366793614e-01  -1.8282997961548975e-01
 8.1028354356266907e-01  -2.3129268091740346e-01
 7.1856342543041607e-01  -2.7548391137099265e-01
 5.8644905381264167e-01  -3.0438045797535196e-01
 5.0276833138662180e-01  -3.1565198644909354e-01
 7.6158976595945749e-01  -1.0935121204622107e-01
 7.8131130898761081e-01  -1.2075248584026811e-01
 8.1851421309465355e-01  -1.4803627406154735e-01
 8.4692463243370297e-01  -1.9001176220040036e-01
 8.2638583158644574e-01  -2.4004629834064248e-01
 7.3161056231596922e-01  -2.8551685678072186e-01
 5.9617300752026414e-01  -3.1515456077763565e-01
 5.1070725226794689e-01  -3.2669022822395816e-01
 2.4344090237623112e-01  -8.2995379614159787e-02
 2.3884834755449497e-01  -8.3453728237797301e-02
 2.2827365419283016e-01  -8.4430911243839765e-02
 2.1254408396888350e-01  -8.5707102331343640e-02
 1.9346869041735540e-01  -8.7015215229068271e-02
 1.7418248863644659e-01  -8.8115657298495256e-02
 1.5883321384253285e-01  -8.8855945626050689e-02
 1.5143531680839153e-01  -8.9174590832801132e-02
 2.8029372884415954e-01  -1.0325222867775294e-01
 2.7480321632715993e-01  -1.0380743570683260e-01
 2.6219272868220694e-01  -1.0498900984637884e-01
 2.4351652634081863e-01  -1.0652731385519899e-01
 2.2099730021721156e-01  -1.0809747241205286e-01
 1.9837174336855817e-01  -1.0941213212001556e-01
 1.8046575389085909e-01  -1.1029270283771393e-01
 1.7186716346141789e-01  -1.1067064021737504e-01
 3.4265308165788722e-01  -1.4541021361064374e-01
 3.3555108722043825e-01  -1.4614790402020689e-01
 3.1931123556679114e-01  -1.4771290433409931e-01
 2.9543816101256870e-01  -1.4973945692991836e-01
 2.6692358504236202e-01  -1.5179356252433179e-01
 2.3855812056335091e-01  -1.5350049520497119e-01
 2.1630156323443450e-01  -1.5463620954762577e-01
 2.0567183829124869e-01  -1.5512155390969126e-01
 4.0297512479977965e-01  -1.9801773320413857e-01
 3.9422635492672686e-01  -1.9895309650817436e-01
 3.7430353066186428e-01  -2.0093165344593586e-01
 3.4521485991633755e-01  -2.0348121358246218e-01
 3.1075961975405708e-01  -2.0604956851022235e-01
 2.7677384056085474e-01  -2.0817017798679066e-01
 2.5029571131922007e-01  -2.0957338604311154e-01
 2.3770523908529009e-01  -2.1017095697201835e-01
 4.5033121620578404e-01  -2.4891828367943930e-01
 4.4024308428256986e-01  -2.5002048189663784e-01
 4.1733952848318562e-01  -2.5234709873333239e-01
 3.8406170738202877e-01  -2.5533490817213955e-01
 3.4487534048756924e-01  -2.5833203368454133e-01
 3.0644778249296101e-01  -2.6079598793134945e-01
 2.7665219007242647e-01  -2.6242045340766174e-01
 2.6252578119355718e-01  -2.6311067330055532e-01
 4.8317869680799574e-01  -2.8945535390845467e-01
 4.7214227619699090e-01  -2.9067707574370116e-01
 4.4713461472331978e-01  -2.9325265906651682e-01
 4.1091309713199997e-01  -2.9655319141248659e-01
 3.6841882573489598e-01  -2.9985545243489475e-01
 3.2689952074559486e-01  -3.0256315540373774e-01
 2.9480229344418696e-01  -3.0434441497138909e-01
 2.7961217878271605e-01  -3.0510022460865305e-01
 5.0276833138662136e-01  -3.1565198644909392e-01
 4.9115993805482439e-01  -3.1694575465112479e-01
 4.6488530188417571e-01  -3.1967128725087707e-01
 4.2689578416229618e-01  -3.2315993283373395e-01
 3.8242028701480896e-01  -3.2664548868169319e-01
 3.3905372816855278e-01  -3.2949943001704091e-01
 3.0558373984355347e-01  -3.3137467350295297e-01
 2.8975981835142761e-01  -3.3216977833982292e-01
 5.1070725226794667e-01  -3.2669022822395843e-01
 4.9886581741932745e-01  -3.2801326909514550e-01
 4.7207538176470104e-01  -3.3079970387295676e-01
 4.3336695550871551e-01  -3.3436470849469918e-01
 3.8808691372084442e-01  -3.3792462070102058e-01
 3.4397110916569895e-01  -3.4083785261469074e-01
 3.0994481420620029e-01  -3.4275118515890968e-01
 2.9386416482048039e-01  -3.4356221164639933e-01
 1.5143531680839153e-01  -8.9174590832801132e-02
 1.4379652504851492e-01  -8.9479541275393371e-02
 1.2624551653391480e-01  -9.0094532325731197e-02
 1.0022525648736179e-01  -9.0810293964750002e-02
 6.8794528455430118e-02  -9.1406870536730064e-02
 3.7149906734004243e-02  -9.1755517246091253e-02
 1.2061665070599947e-02  -9.1876136594205404e-02
 0.0000000000000000e+00  -9.1889806228957802e-02
 1.7186716346141789e-01  -1.1067064021737504e-01
 1.6300991313287408e-01  -1.1103165467370216e-01
 1.4274046719678465e-01  -1.1175745843305168e-01
 1.1289323091726015e-01  -1.1259769453489886e-01
 7.7149590646964333e-02  -1.1329317192603085e-01
 4.1483637929596827e-02  -1.1369661307497854e-01
 1.3423224349391420e-02  -1.1383529452079749e-01
 0.0000000000000000e+00  -1.1385094236021163e-01
 2.0567183829124869e-01  -1.5512155390969126e-01
 1.9476065468197046e-01  -1.5558388444771970e-01
 1.6993286392564758e-01  -1.5650923111514764e-01
 1.3371693992039596e-01  -1.5757244723733918e-01
 9.0850504066482249e-02  -1.5844417762359836e-01
 4.8584059924860153e-02  -1.5894488954533678e-01
 1.5657698811695941e-02  -1.5911556065908444e-01
 0.0000000000000000e+00  -1.5913471606759519e-01
 2.3770523908529009e-01  -2.1017095697201835e-01
 2.2481737273734501e-01  -2.1073894070113852e-01
 1.9562267234292680e-01  -2.1187177027404916e-01
 1.5334531330160192e-01  -2.1316587718062183e-01
 1.0374167181887098e-01  -2.1421938207571636e-01
 5.5256804483797592e-02  -2.1482013840093933e-01
 1.7755179583725456e-02  -2.1502367394017038e-01
 0.0000000000000000e+00  -2.1504642949440453e-01
 2.6252578119355718e-01  -2.6311067330055532e-01
 2.4809237075490403e-01  -2.6376578182157512e-01
 2.1549254406895565e-01  -2.6506943108669412e-01
 1.6850687207689916e-01  -2.6655319423432750e-01
 1.1368881738386004e-01  -2.6775568542694078e-01
 6.0402357813993321e-02  -2.6843831817055336e-01
 1.9371882202922540e-02  -2.6866873159597138e-01
 0.0000000000000000e+00  -2.6869443031553691e-01
 2.7961217878271605e-01  -3.0510022460865305e-01
 2.6410951956636769e-01  -3.0581697648874923e-01
 2.2915746080673080e-01  -3.0724138534780265e-01
 1.7892602424726364e-01  -3.0885906828416226e-01
 1.2052043147818137e-01  -3.1016664474848460e-01
 6.3935691541425199e-02  -3.1090698017876628e-01
 2.0482678495120619e-02  -3.1115632597831361e-01
 0.0000000000000000e+00  -3.1118409842062378e-01
 2.8975981835142761e-01  -3.3216977833982292e-01
 2.7362041120564928e-01  -3.3292345036841037e-01
 2.3726874418006649e-01  -3.3442015567959515e-01
 1.8510830792612756e-01  -3.3611796680656886e-01
 1.2457285278520783e-01  -3.3748838462782882e-01
 6.6031049790890722e-02  -3.3826321511174456e-01
 2.1141075099075583e-02  -3.3852387807127843e-01
 0.0000000000000000e+00  -3.3855288977579878e-01
 2.9386416482048039e-01  -3.4356221164639933e-01
 2.7746690493664539e-01  -3.4433084108443363e-01
 2.4054865927524799e-01  -3.4585683045092064e-01
 1.8760767677006829e-01  -3.4758708990140230e-01
 1.2621083327173419e-01  -3.4898294963790977e-01
 6.6878167810664066e-02  -3.4977174236700231e-01
 2.1407591765205094e-02  -3.5003698478513606e-01
 0.0000000000000000e+00  -3.5006649839117276e-01
 0.0000000000000000e+00   3.5006649839112874e-01
 2.1407591763338132e-02   3.5003698478486839e-01
 6.6878167813680583e-02   3.4977174236759612e-01
 1.2621083327117885e-01   3.4898294963714038e-01
 1.8760767676617066e-01   3.4758708990141191e-01
 2.4054865927501798e-01   3.4585683045194654e-01
 2.7746690493970477e-01   3.4433084108504136e-01
 2.9386416482447814e-01   3.4356221164655948e-01
 0.0000000000000000e+00   3.5694298389632817e-01
 2.1563866525603676e-02   3.5691317580946452e-01
 6.7375243402648458e-02   3.5664524531108066e-01
 1.2717215928736916e-01   3.5584825782281848e-01
 1.8907459351189548e-01   3.5443746544602089e-01
 2.4247381384698952e-01   3.5268815912630602e-01
 2.7972477885978175e-01   3.5114497829745639e-01
 2.9627348947575577e-01   3.5036756726798030e-01
 0.0000000000000000e+00   3.7111488773307127e-01
 2.1879397421161097e-02   3.7108448474884759e-01
 6.8380075975125604e-02   3.7081111973349296e-01
 1.2911605313042326e-01   3.6999756779647902e-01
 1.9204088506659484e-01   3.6855659169388194e-01
 2.4636695535807598e-01   3.6676878116127504e-01
 2.8429112302730153e-01   3.6519084249229122e-01
 3.0114633508767485e-01   3.6439567520588156e-01
 0.0000000000000000e+00   3.8863266703816096e-01
 2.2259061645283580e-02   3.8860154937927571e-01
 6.9588750127713511e-02   3.8832165637191818e-01
 1.3145423288552269e-01   3.8748820421578523e-01
 1.9560923263990512e-01   3.8601096079257657e-01
 2.5105086984744818e-01   3.8417687814832541e-01
 2.8978557309279224e-01   3.8255716277735569e-01
 3.0700990227875030e-01   3.8174065112782868e-01
 0.0000000000000000e+00   4.0543086869374984e-01
 2.2613699464821686e-02   4.0539908560197480e-01
 7.0716279087635808e-02   4.0511311866345279e-01
 1.3363490396073630e-01   4.0426114426321874e-01
 1.9893770959878873e-01   4.0275013738914678e-01
 2.5542057175910060e-01   4.0087297045232589e-01
 2.9491198161430682e-01   3.9921435060965804e-01
 3.1248098782846911e-01   3.9837795986587332e-01
 0.0000000000000000e+00   4.1864708047230220e-01
 2.2885891600561221e-02   4.1861478712860706e-01
 7.1583033100686963e-02   4.1832415825185154e-01
 1.3531187909132614e-01   4.1745797094731646e-01
 2.0149738930980843e-01   4.1592105681163566e-01
 2.5878119631363422e-01   4.1401082663767153e-01
 2.9885492775485550e-01   4.1232234703246234e-01
 3.1668924602762066e-01   4.1147069732686553e-01
 0.0000000000000000e+00   4.2705587384973415e-01
 2.3056372582378332e-02   4.2702326145237762e-01
 7.2125849450600799e-02   4.2672971806966786e-01
 1.3636211272288656e-01   4.2585464522890637e-01
 2.0310052261730982e-01   4.2430153387160757e-01
 2.6088610655998712e-01   4.2237063112422879e-01
 3.0132471835955937e-01   4.2066348042246998e-01
 3.1932530266154679e-01   4.1980228884175425e-01
 0.0000000000000000e+00   4.3055225099720168e-01
 2.3126747702140901e-02   4.3051950712818726e-01
 7.2349685064066319e-02   4.3022476365976348e-01
 1.3679508853144975e-01   4.2934603138259342e-01
 2.0376148950627038e-01   4.2778624867223741e-01
 2.6175400455862918e-01   4.2584683094487824e-01
 3.0234309412643751e-01   4.2413198941569852e-01
 3.2041224987204764e-01   4.2326686732777113e-01
 2.9386416482447814e-01   3.4356221164655948e-01
 3.0994481421062881e-01   3.4275118515856712e-01
 3.4397110916934182e-01   3.4083785261346888e-01
 3.8808691372095389e-01   3.3792462069984425e-01
 4.3336695550506688e-01   3.3436470849502847e-01
 4.7207538176001396e-01   3.3079970387459784e-01
 4.9886581741554548e-01   3.2801326909699202e-01
 5.1070725226494718e-01   3.2669022822563143e-01
 2.9627348947575577e-01   3.5036756726798030e-01
 3.1250494689944980e-01   3.4954719255533889e-01
 3.4685809316529059e-01   3.4761149427289062e-01
 3.9141425889208181e-01   3.4466344116647119e-01
 4.3716739201104043e-01   3.4105984937402983e-01
 4.7629879603349223e-01   3.3744997680397215e-01
 5.0339287160588120e-01   3.3462774776175508e-01
 5.1537154207513336e-01   3.3328749963219334e-01
 3.0114633508767485e-01   3.6439567520588156e-01
 3.1768303329205855e-01   3.6355639737689660e-01
 3.5269787539777742e-01   3.6157546850134276e-01
 3.9814585224299598e-01   3.5855698301272587e-01
 4.4485757090249001e-01   3.5486501896476286e-01
 4.8484654981058500e-01   3.5116434425524012e-01
 5.1255660805298731e-01   3.4826965747940763e-01
 5.2481379208923828e-01   3.4689457111865696e-01
 3.0700990227875030e-01   3.8174065112782868e-01
 3.2391426285497288e-01   3.8087864847990210e-01
 3.5972636041168843e-01   3.7884333687524596e-01
 4.0624945386879030e-01   3.7574014576438575e-01
 4.5411768542970371e-01   3.7194186344188063e-01
 4.9514221835156413e-01   3.6813190412313507e-01
 5.2359669840354006e-01   3.6514997991230591e-01
 5.3619064921526916e-01   3.6373293929662243e-01
 3.1248098782846911e-01   3.9837795986587332e-01
 3.2972872416571575e-01   3.9749479077583405e-01
 3.6628564426913152e-01   3.9540881877566009e-01
 4.1381373715384040e-01   3.9222670005642279e-01
 4.6276392351550460e-01   3.8832931757408540e-01
 5.0475810433758961e-01   3.8441745370026192e-01
 5.3391018410680324e-01   3.8135415465966699e-01
 5.4681988672881421e-01   3.7989797021593752e-01
 3.1668924602762066e-01   4.1147069732686553e-01
 3.3420133273387914e-01   4.1057128006610977e-01
 3.7133179563440255e-01   4.0844641487294248e-01
 4.1963409223988024e-01   4.0520368954428621e-01
 4.6941825115264013e-01   4.0123018984302422e-01
 5.1216037105799139e-01   3.9724003079739983e-01
 5.4185091169160360e-01   3.9411419249254270e-01
 5.5500444647968616e-01   3.9262791918795265e-01
 3.1932530266154679e-01   4.1980228884175425e-01
 3.3700306853369966e-01   4.1889271070712847e-01
 3.7449305432330388e-01   4.1674352170179363e-01
 4.2328080634273979e-01   4.1346288800157993e-01
 4.7358812104758607e-01   4.0944176968342272e-01
 5.1679965536752703e-01   4.0540261946461026e-01
 5.4682829111480824e-01   4.0223764152306146e-01
 5.6013497172834381e-01   4.0073253506095868e-01
 3.2041224987204764e-01   4.2326686732777113e-01
 3.3815834817331575e-01   4.2235310362243705e-01
 3.7579662897926552e-01   4.2019389453369427e-01
 4.2478465830207640e-01   4.1689764357277104e-01
 4.7530785826596639e-01   4.1285690573779515e-01
 5.1871315105785831e-01   4.0879756830279218e-01
 5.4888137245683022e-01   4.0561646096505388e-01
 5.6225129011804120e-01   4.0410359288074532e-01
 5.1070725226494762e-01   3.2669022822563121e-01
 5.9617300752449920e-01   3.1515456077537274e-01
 7.3161056231095878e-01   2.8551685678366950e-01
 8.2638583159398171e-01   2.4004629834243518e-01
 8.4692463242613591e-01   1.9001176219565649e-01
 8.1851421310335815e-01   1.4803627406510064e-01
 7.8131130897254630e-01   1.2075248583618454e-01
 7.6158976595080574e-01   1.0935121204519474e-01
 5.1537154207513391e-01   3.3328749963219312e-01
 6.0188965556702279e-01   3.2159648471626651e-01
 7.3929414521484971e-01   2.9152213393836163e-01
 8.3589561225952946e-01   2.4529535594574153e-01
 8.5726554985837577e-01   1.9432757381986920e-01
 8.2870175690292880e-01   1.5149786993651362e-01
 7.9097600391252998e-01   1.2362709096506493e-01
 7.7093170434658254e-01   1.1197349903218072e-01
 5.2481379208923928e-01   3.4689457111865674e-01
 6.1347020824559639e-01   3.3488886433123360e-01
 7.5488856383679070e-01   3.0392835298287940e-01
 8.5525718674641882e-01   2.5616131748404247e-01
 8.7839626706945617e-01   2.0328345580068749e-01
 8.4958319197853249e-01   1.5869688768992912e-01
 8.1082377507279968e-01   1.2961430187595599e-01
 7.9013118187300990e-01   1.1743870275606255e-01
 5.3619064921526982e-01   3.6373293929662204e-01
 6.2743700222815835e-01   3.5134797374994792e-01
 7.7374706246732272e-01   3.1931672235965913e-01
 8.7877826493706201e-01   2.6967910893288172e-01
 9.0420576454163559e-01   2.1446530149918394e-01
 8.7520818112268017e-01   1.6771482318407380e-01
 8.3525409000592432e-01   1.3713132292355673e-01
 8.1379262777104877e-01   1.2430710587852913e-01
 5.4681988672881465e-01   3.7989797021593730e-01
 6.4049868582782243e-01   3.6715888656573253e-01
 7.9143179154775178e-01   3.3412531304097415e-01
 9.0093925212103321e-01   2.8272769517543145e-01
 9.2866227143232083e-01   2.2530034223446083e-01
 8.9961455661631318e-01   1.7648410109516047e-01
 8.5860235251786854e-01   1.4445926150142749e-01
 8.3643850652167839e-01   1.3101002353513269e-01
 5.5500444647968694e-01   3.9262791918795220e-01
 6.5056430007804134e-01   3.7961647101764895e-01
 8.0509063798720526e-01   3.4581039230754868e-01
 9.1812246473565939e-01   2.9305068915937099e-01
 9.4771788696608505e-01   2.3390018343800303e-01
 9.1871647495525000e-01   1.8346580032148049e-01
 8.7693249253486427e-01   1.5030621269470865e-01
 8.5424068299169298e-01   1.3636343350209701e-01
 5.6013497172834514e-01   4.0073253506095874e-01
 6.5687739732526484e-01   3.8755054067309641e-01
 8.1367058135502657e-01   3.5326007417700983e-01
 9.2894553549530090e-01   2.9964389566704996e-01
 9.5976142645001217e-01   2.3940550826817034e-01
 9.3082809909723041e-01   1.8794510491375727e-01
 8.8858097262739300e-01   1.5406342845350976e-01
 8.6556473531839795e-01   1.3980591841233714e-01
 5.6225129011804242e-01   4.0410359288074532e-01
 6.5948226469139615e-01   3.9085129725464385e-01
 8.1721368764863755e-01   3.5636101467711795e-01
 9.3342143392053356e-01   3.0239100382223166e-01
 9.6475127261828908e-01   2.4170221842576592e-01
 9.3585498224610708e-01   1.8981603679190359e-01
 8.9342166511165289e-01   1.5563412558299083e-01
 8.7027318406070853e-01   1.4124560232527461e-01
 7.6158976595080552e-01   1.0935121204519473e-01
 7.4872197988807898e-01   1.0258432473324786e-01
 7.1974012685185573e-01   8.8771533997737712e-02
 6.7957661208325038e-01   7.2009061559025103e-02
 6.3688527697096320e-01   5.6311358855768802e-02
 6.0065149088615866e-01   4.4200178903052834e-02
 5.7647214365196653e-01   3.6546591077986329e-02
 5.6617398950079256e-01   3.3353085927674803e-02
 7.7093170434658209e-01   1.1197349903218075e-01
 7.5784194351520828e-01   1.0505494600199512e-01
 7.2833390123693276e-01   9.0928219766366336e-02
 6.8739336313533816e-01   7.3777030611156882e-02
 6.4382838368919104e-01   5.7707665637531692e-02
 6.0682170550421577e-01   4.5304653984131797e-02
 5.8211278461942195e-01   3.7464308763851324e-02
 5.7158601787237828e-01   3.4192328873773055e-02
 7.9013118187300990e-01   1.1743870275606261e-01
 7.7659329705177260e-01   1.1020605829454384e-01
 7.4601787540014763e-01   9.5428431973379246e-02
 7.0349188926360728e-01   7.7469881320780851e-02
 6.5813509839517026e-01   6.0627102335842134e-02
 6.1953714515624958e-01   4.7615766938728224e-02
 5.9373518641121625e-01   3.9385631182569589e-02
 5.8273595427133340e-01   3.5949743715370838e-02
 8.1379262777104877e-01   1.2430710587852899e-01
 7.9971897855067786e-01   1.1668358929872558e-01
 7.6785774759778513e-01   1.0109451503267970e-01
 7.2340434557463473e-01   8.2126763912652875e-02
 6.7585176744403808e-01   6.4314373238782627e-02
 6.3529210545223502e-01   5.0538380050379410e-02
 6.0813744024385796e-01   4.1817308565619785e-02
 5.9655232959914783e-01   3.8174746258086242e-02
 8.3643850652167739e-01   1.3101002353513258e-01
 8.2187083175665343e-01   1.2300922752883292e-01
 7.8881365611717968e-01   1.0663541008959759e-01
 7.4254892168173248e-01   8.6688791511363966e-02
 6.9291418028128948e-01   6.7932857156035198e-02
 6.5048183499313439e-01   5.3410557455573243e-02
 6.2203024231883397e-01   4.4209256982554485e-02
 6.0988214962687370e-01   4.0364264886434124e-02
 8.5424068299169276e-01   1.3636343350209695e-01
 8.3929840737853600e-01   1.2806428921949078e-01
 8.0532712720843280e-01   1.1106885158844397e-01
 7.5766480205867648e-01   9.0344815237207943e-02
 7.0641037425926245e-01   7.0837327749569481e-02
 6.6251249395171286e-01   5.5718988041672739e-02
 6.3304196762176612e-01   4.6133368157926513e-02
 6.2045066692355921e-01   4.2126182584874709e-02
 8.6556473531839784e-01   1.3980591841233722e-01
 8.5039073410213628e-01   1.3131631883568817e-01
 8.1585058343871286e-01   1.1392357367564834e-01
 7.6731237001607777e-01   9.2701709907307903e-02
 7.1503674293590525e-01   7.2711929325024946e-02
 6.7021073903895456e-01   5.7210339382151282e-02
 6.4009305965906216e-01   4.7377229997332987e-02
 6.2721984362681216e-01   4.3265504592001021e-02
 8.7027318406070786e-01   1.4124560232527456e-01
 8.5500436597503748e-01   1.3267667632884841e-01
 8.2023065035321951e-01   1.1511833714730040e-01
 7.7133139435443754e-01   9.3688766248099270e-02
 7.1863341064129571e-01   7.3497521130716989e-02
 6.7342259022318474e-01   5.7835662845635592e-02
 6.4303615789227198e-01   4.7898969913624426e-02
 6.3004576900639286e-01   4.3743468943705753e-02
 5.6617398950079256e-01   3.3353085927674803e-02
 5.5640279359633471e-01   3.0341281834793128e-02
 5.3701516324174181e-01   2.4345134780683775e-02
 5.1516190042614518e-01   1.7266585540651507e-02
 4.9777674501392327e-01   1.0657966594159924e-02
 4.8814833441721023e-01   5.3242587781742378e-03
 4.8497696839389121e-01   1.6540344378785949e-03
 4.8462928869529109e-01   2.9327322440359170e-12
 5.7158601787237828e-01   3.4192328873773055e-02
 5.6159630326849330e-01   3.1106212468632193e-02
 5.4177067534424794e-01   2.4961225348208264e-02
 5.1941704777527964e-01   1.7705399891805269e-02
 5.0162909232325203e-01   1.0929746792711576e-02
 4.9177588079352808e-01   5.4602847983145509e-03
 4.8853021048600781e-01   1.6963186856652579e-03
 4.8817437699301852e-01   1.5976219155420895e-12
 5.8273595427133340e-01   3.5949743715370838e-02
 5.7229431337476666e-01   3.2708347025228970e-02
 5.5156195337612934e-01   2.6252149431416863e-02
 5.2817112120862064e-01   1.8625298885702135e-02
 5.0954721948151493e-01   1.1499702216960334e-02
 4.9922710956148891e-01   5.7456079686174898e-03
 4.9582705944085986e-01   1.7850188042990787e-03
 4.9545428346266168e-01  -2.1737185494946913e-12
 5.9655232959914783e-01   3.8174746258086242e-02
 5.8554966007667442e-01   3.4737420839373340e-02
 5.6368993788215127e-01   2.7888148090932312e-02
 5.3900687417804283e-01   1.9791959012393962e-02
 5.1933957209394910e-01   1.2222979921353593e-02
 5.0843599396671013e-01   6.1078070715543014e-03
 5.0484291317005947e-01   1.8976303974016693e-03
 5.0444894975134413e-01   6.3884150551105207e-14
 6.0988214962687370e-01   4.0364264886434124e-02
 5.9833970726772667e-01   3.6734887180729613e-02
 5.7539345845597956e-01   2.9499869698375036e-02
 5.4946208389825846e-01   2.0942288403070573e-02
 5.2878475599307850e-01   1.2936626257810543e-02
 5.1731560513895269e-01   6.4653220704110155e-03
 5.1353529608219139e-01   2.0088000230584209e-03
 5.1312077855217186e-01   1.3018985409674031e-12
 6.2045066692355921e-01   4.2126182584874709e-02
 6.0848280996308968e-01   3.8342817367576651e-02
 5.8467888993383110e-01   3.0798179790029762e-02
 5.5776007348797330e-01   2.1869660602232142e-02
 5.3628228767559727e-01   1.3512322697530277e-02
 5.2436435748222121e-01   6.7538327588444833e-03
 5.2043539943471784e-01   2.0985234906299565e-03
 5.2000456057540667e-01  -1.8035202892491965e-12
 6.2721984362681216e-01   4.3265504592001021e-02
 6.1498116490075272e-01   3.9382836121223425e-02
 5.9063061406504058e-01   3.1638371530837109e-02
 5.6308148201487207e-01   2.2470160247303757e-02
 5.4109202627717279e-01   1.3885282923268544e-02
 5.2888696339552022e-01   6.9407931513245291e-03
 5.2486285816780232e-01   2.1566712919084447e-03
 5.2442157115414822e-01  -2.6454276634380156e-13
 6.3004576900639286e-01   4.3743468943705753e-02
 6.1769447619448503e-01   3.9819205313257285e-02
 5.9311647628773057e-01   3.1991001406907783e-02
 5.6530484635885248e-01   2.2722275982688261e-02
 5.4310213721272094e-01   1.4041910762639132e-02
 5.3077734204609472e-01   7.0193209477087178e-03
 5.2671355158834610e-01   2.1810960082728871e-03
 5.2626790643218180e-01   9.6393180080049307e-13
 4.8462928869529109e-01   2.9327322440359170e-12
 4.8497696839544552e-01  -1.6540344330738511e-03
 4.8814833441861133e-01  -5.3242587802860277e-03
 4.9777674500964580e-01  -1.0657966598784461e-02
 5.1516190042825183e-01  -1.7266585535902764e-02
 5.3701516324889720e-01  -2.4345134779573434e-02
 5.5640279359411715e-01  -3.0341281839211056e-02
 5.6617398949328901e-01  -3.3353085932204152e-02
 4.8817437699301852e-01   1.5976219155420895e-12
 4.8853021048386291e-01  -1.6963186830244554e-03
 4.9177588078903511e-01  -5.4602847993348259e-03
 5.0162909232296360e-01  -1.0929746795344138e-02
 5.1941704778006703e-01  -1.7705399889505521e-02
 5.4177067534490431e-01  -2.4961225347194062e-02
 5.6159630326411647e-01  -3.1106212470575684e-02
 5.7158601786685703e-01  -3.4192328876043579e-02
 4.9545428346266168e-01  -2.1737185494946913e-12
 4.9582705943549737e-01  -1.7850188078455849e-03
 4.9922710955332628e-01  -5.7456079669684790e-03
 5.0954721948820247e-01  -1.1499702213604407e-02
 5.2817112121141430e-01  -1.8625298889447771e-02
 5.5156195336529878e-01  -2.6252149431982476e-02
 5.7229431337271819e-01  -3.2708347021572326e-02
 5.8273595427639813e-01  -3.5949743711791500e-02
 5.0444894975134413e-01   6.3884150551105207e-14
 5.0484291317227226e-01  -1.8976303973320045e-03
 5.0843599397097816e-01  -6.1078070718010450e-03
 5.1933957209343051e-01  -1.2222979921316152e-02
 5.3900687417435655e-01  -1.9791959011832599e-02
 5.6368993788284716e-01  -2.7888148091465864e-02
 5.8554966007983256e-01  -3.4737420840235810e-02
 5.9655232960232918e-01  -3.8174746258613619e-02
 5.1312077855217186e-01   1.3018985409674031e-12
 5.1353529608455328e-01  -2.0088000208840530e-03
 5.1731560514161190e-01  -6.4653220711227985e-03
 5.2878475598782759e-01  -1.2936626260076078e-02
 5.4946208389964046e-01  -2.0942288401410093e-02
 5.7539345846458290e-01  -2.9499869697175100e-02
 5.9833970726637598e-01  -3.6734887182039627e-02
 6.0988214961948961e-01  -4.0364264888265104e-02
 5.2000456057540667e-01  -1.8035202892491965e-12
 5.2043539943235628e-01  -2.0985234935894216e-03
 5.2436435747885357e-01  -6.7538327575607533e-03
 5.3628228767903063e-01  -1.3512322694631936e-02
 5.5776007348851775e-01  -2.1869660605247171e-02
 5.8467888992838712e-01  -3.0798179790846508e-02
 6.0848280996289450e-01  -3.8342817364619669e-02
 6.2045066692700634e-01  -4.2126182581713946e-02
 5.2442157115414822e-01  -2.6454276634380156e-13
 5.2486285816653588e-01  -2.1566712924071100e-03
 5.2888696339453578e-01  -6.9407931514918909e-03
 5.4109202628114161e-01  -1.3885282922535604e-02
 5.6308148201304709e-01  -2.2470160247042285e-02
 5.9063061405851980e-01  -3.1638371532039557e-02
 6.1498116490221388e-01  -3.9382836121850617e-02
 6.2721984363289596e-01  -4.3265504591888639e-02
 5.2626790643218180e-01   9.6393180080049307e-13
 5.2671355158806688e-01  -2.1810960067501182e-03
 5.3077734204629767e-01  -7.0193209487199306e-03
 5.4310213721471579e-01  -1.4041910763911385e-02
 5.6530484635746903e-01  -2.2722275980447723e-02
 5.9311647628435915e-01  -3.1991001407457982e-02
 6.1769447619540530e-01  -3.9819205315787191e-02
 6.3004576900974607e-01  -4.3743468945698201e-02
 5.6617398949328901e-01  -3.3353085932204152e-02
 5.7647214364115429e-01  -3.6546591080836820e-02
 6.0065149088040592e-01  -4.4200178900186210e-02
 6.3688527698405395e-01  -5.6311358854536531e-02
 6.7957661208301479e-01  -7.2009061562246332e-02
 7.1974012683680211e-01  -8.8771533994619775e-02
 7.4872197988781097e-01  -1.0258432473152035e-01
 7.6158976595945804e-01  -1.0935121204622113e-01
 5.7158601786685703e-01  -3.4192328876043579e-02
 5.8211278461405791e-01  -3.7464308765574772e-02
 6.0682170550363657e-01  -4.5304653983274400e-02
 6.4382838369626105e-01  -5.7707665636692169e-02
 6.8739336313485611e-01  -7.3777030612300287e-02
 7.2833390122798636e-01  -9.0928219765318702e-02
 7.5784194351387701e-01  -1.0505494600156280e-01
 7.7093170435102043e-01  -1.1197349903280049e-01
 5.8273595427639813e-01  -3.5949743711791500e-02
 5.9373518642180922e-01  -3.9385631180501833e-02
 6.1953714516473002e-01  -4.7615766941419807e-02
 6.5813509838332174e-01  -6.0627102336772036e-02
 7.0349188926362327e-01  -7.7469881317718758e-02
 7.4601787541228226e-01  -9.5428431976243178e-02
 7.7659329705022473e-01  -1.1020605829658119e-01
 7.9013118186504872e-01  -1.1743870275563523e-01
 5.9655232960232918e-01  -3.8174746258613619e-02
 6.0813744024639060e-01  -4.1817308565584882e-02
 6.3529210545192394e-01  -5.0538380049285493e-02
 6.7585176744059661e-01  -6.4314373238785999e-02
 7.2340434557484590e-01  -8.2126763913823841e-02
 7.6785774760279391e-01  -1.0109451503183604e-01
 7.9971897855169671e-01  -1.1668358929768111e-01
 8.1379262776857941e-01  -1.2430710587811837e-01
 6.0988214961948961e-01  -4.0364264888265104e-02
 6.2203024230744786e-01  -4.4209256984211638e-02
 6.5048183498636891e-01  -5.3410557455288596e-02
 6.9291418029441720e-01  -6.7932857155051665e-02
 7.4254892168172937e-01  -8.6688791512339103e-02
 7.8881365610289389e-01  -1.0663541008892270e-01
 8.2187083175661935e-01  -1.2300922752806547e-01
 8.3643850652977059e-01  -1.3101002353521748e-01
 6.2045066692700634e-01  -4.2126182581713946e-02
 6.3304196762781872e-01  -4.6133368155800714e-02
 6.6251249395585932e-01  -5.5718988043624088e-02
 7.0641037425273745e-01  -7.0837327750938817e-02
 7.5766480205846720e-01  -9.0344815234322806e-02
 8.0532712721478483e-01  -1.1106885159040696e-01
 8.3929840737902195e-01  -1.2806428922195240e-01
 8.5424068298912315e-01  -1.3636343350267655e-01
 6.2721984363289596e-01  -4.3265504591888639e-02
 6.4009305966815999e-01  -4.7377229996484506e-02
 6.7021073904441497e-01  -5.7210339380883546e-02
 7.1503674292574992e-01  -7.2711929325830496e-02
 7.6731237001534425e-01  -9.2701709907762164e-02
 8.1585058345022177e-01  -1.1392357367482074e-01
 8.5039073410357635e-01  -1.3131631883583980e-01
 8.6556473531327827e-01  -1.3980591841284440e-01
 6.3004576900974607e-01  -4.3743468945698201e-02
 6.4303615789722501e-01  -4.7898969914264018e-02
 6.7342259022626783e-01  -5.7835662843208790e-02
 7.1863341063572883e-01  -7.3497521130560753e-02
 7.7133139435382470e-01  -9.3688766250383249e-02
 8.2023065036011122e-01  -1.1511833714528251e-01
 8.5500436597586738e-01  -1.3267667632744187e-01
 8.7027318405733500e-01  -1.4124560232541014e-01
 7.6158976595945704e-01  -1.0935121204622106e-01
 7.8131130898761081e-01  -1.2075248584026808e-01
 8.1851421309465278e-01  -1.4803627406154726e-01
 8.4692463243370342e-01  -1.9001176220040031e-01
 8.2638583158644630e-01  -2.4004629834064253e-01
 7.3161056231596922e-01  -2.8551685678072203e-01
 5.9617300752026403e-01  -3.1515456077763560e-01
 5.1070725226794689e-01  -3.2669022822395749e-01
 7.7093170435101899e-01  -1.1197349903280032e-01
 7.9097600392286460e-01  -1.2362709096670804e-01
 8.2870175689766501e-01  -1.5149786993476227e-01
 8.5726554986487313e-01  -1.9432757382215934e-01
 8.3589561224966802e-01  -2.4529535594494187e-01
 7.3929414521842451e-01  -2.9152213393696069e-01
 6.0188965556821550e-01  -3.2159648471735497e-01
 5.1537154207872748e-01  -3.3328749963151511e-01
 7.9013118186504872e-01  -1.1743870275563517e-01
 8.1082377506281400e-01  -1.2961430187235912e-01
 8.4958319198509735e-01  -1.5869688769257015e-01
 8.7839626706693896e-01  -2.0328345579681728e-01
 8.5525718674459927e-01  -2.5616131748634563e-01
 7.5488856383218894e-01  -3.0392835298503629e-01
 6.1347020825632370e-01  -3.3488886432894421e-01
 5.2481379208850409e-01  -3.4689457111969629e-01
 8.1379262776857852e-01  -1.2430710587811818e-01
 8.3525408999955997e-01  -1.3713132292434169e-01
 8.7520818112659005e-01  -1.6771482318410363e-01
 9.0420576453585855e-01  -2.1446530149950127e-01
 8.7877826494498379e-01  -2.6967910893241698e-01
 7.7374706246756519e-01  -3.1931672235953240e-01
 6.2743700222300747e-01  -3.5134797375030991e-01
 5.3619064921371096e-01  -3.6373293929645967e-01
 8.3643850652976970e-01  -1.3101002353521737e-01
 8.5860235253124939e-01  -1.4445926150290889e-01
 8.9961455660899736e-01  -1.7648410109398477e-01
 9.2866227143734437e-01  -2.2530034223672241e-01
 9.0093925211637016e-01  -2.8272769517282420e-01
 7.9143179155499055e-01  -3.3412531304038112e-01
 6.4049868581870162e-01  -3.6715888656789164e-01
 5.4681988673289861e-01  -3.7989797021651761e-01
 8.5424068298912270e-01  -1.3636343350267660e-01
 8.7693249253032346e-01  -1.5030621269195710e-01
 9.1871647495564535e-01  -1.8346580032286344e-01
 9.4771788696906512e-01  -2.3390018343497571e-01
 9.1812246473394843e-01  -2.9305068916295113e-01
 8.0509063797757707e-01  -3.4581039230859373e-01
 6.5056430009285204e-01  -3.7961647101479412e-01
 5.5500444647546188e-01  -3.9262791918772960e-01
 8.6556473531327738e-01  -1.3980591841284440e-01
 8.8858097261678537e-01  -1.5406342845373366e-01
 9.3082809910168263e-01  -1.8794510491345748e-01
 9.5976142644727125e-01  -2.3940550826760174e-01
 9.2894553550016201e-01  -2.9964389566994254e-01
 8.1367058134643944e-01  -3.5326007417618605e-01
 6.5687739733507677e-01  -3.8755054067127254e-01
 5.6013497172307825e-01  -4.0073253505913126e-01
 8.7027318405733511e-01  -1.4124560232541014e-01
 8.9342166510472854e-01  -1.5563412558497877e-01
 9.3585498225017094e-01  -1.8981603679070530e-01
 9.6475127261403859e-01  -2.4170221842722139e-01
 9.3342143392530752e-01  -3.0239100382269785e-01
 8.1721368764694435e-01  -3.5636101467563924e-01
 6.5948226469169657e-01  -3.9085129725478285e-01
 5.6225129011618991e-01  -4.0410359287914932e-01
 5.1070725226794578e-01  -3.2669022822395838e-01
 4.9886581741932740e-01  -3.2801326909514544e-01
 4.7207538176470104e-01  -3.3079970387295693e-01
 4.3336695550871546e-01  -3.3436470849469946e-01
 3.8808691372084458e-01  -3.3792462070101992e-01
 3.4397110916569917e-01  -3.4083785261469063e-01
 3.0994481420620001e-01  -3.4275118515890951e-01
 2.9386416482048022e-01  -3.4356221164639933e-01
 5.1537154207872737e-01  -3.3328749963151483e-01
 5.0339287160841539e-01  -3.3462774776098531e-01
 4.7629879603327313e-01  -3.3744997680325645e-01
 4.3716739200773719e-01  -3.4105984937384787e-01
 3.9141425888875786e-01  -3.4466344116693015e-01
 3.4685809316508226e-01  -3.4761149427338528e-01
 3.1250494690171238e-01  -3.4954719255548383e-01
 2.9627348947868293e-01  -3.5036756726792639e-01
 5.2481379208850365e-01  -3.4689457111969663e-01
 5.1255660804898295e-01  -3.4826965748082667e-01
 4.8484654980047964e-01  -3.5116434425703014e-01
 4.4485757088995787e-01  -3.5486501896593142e-01
 3.9814585223842547e-01  -3.5855698301236416e-01
 3.5269787540528341e-01  -3.6157546850010053e-01
 3.1768303330477926e-01  -3.6355639737587619e-01
 3.0114633510039462e-01  -3.6439567520519434e-01
 5.3619064921370985e-01  -3.6373293929646006e-01
 5.2359669840387946e-01  -3.6514997991206838e-01
 4.9514221835579569e-01  -3.6813190412280733e-01
 4.5411768543643644e-01  -3.7194186344165392e-01
 4.0624945387228867e-01  -3.7574014576449516e-01
 3.5972636040884998e-01  -3.7884333687560634e-01
 3.2391426284891256e-01  -3.8087864848024722e-01
 3.0700990227239605e-01  -3.8174065112809824e-01
 5.4681988673289827e-01  -3.7989797021651800e-01
 5.3391018411306201e-01  -3.8135415465955608e-01
 5.0475810434714796e-01  -3.8441745369876396e-01
 4.6276392352440598e-01  -3.8832931757172395e-01
 4.1381373715489161e-01  -3.9222670005517785e-01
 3.6628564426149124e-01  -3.9540881877654926e-01
 3.2972872415555848e-01  -3.9749479077781125e-01
 3.1248098781905848e-01  -3.9837795986796198e-01
 5.5500444647546132e-01  -3.9262791918772988e-01
 5.4185091168359045e-01  -3.9411419249317453e-01
 5.1216037104377066e-01  -3.9724003079963205e-01
 4.6941825113810359e-01  -4.0123018984597486e-01
 4.1963409223703063e-01  -4.0520368954550945e-01
 3.7133179564556396e-01  -4.0844641487153804e-01
 3.3420133274958946e-01  -4.1057128006361193e-01
 3.1668924604243587e-01  -4.1147069732437630e-01
 5.6013497172307758e-01  -4.0073253505913126e-01
 5.4682829110742670e-01  -4.0223764152216118e-01
 5.1679965535728067e-01  -4.0540261946590350e-01
 4.7358812103896736e-01  -4.0944176968679691e-01
 4.2328080634275561e-01  -4.1346288800421088e-01
 3.7449305433181512e-01  -4.1674352170128248e-01
 3.3700306854407563e-01  -4.1889271070447409e-01
 3.1932530267083403e-01  -4.1980228883862769e-01
 5.6225129011618868e-01  -4.0410359287914999e-01
 5.4888137245517055e-01  -4.0561646096379067e-01
 5.1871315105692450e-01  -4.0879756830259106e-01
 4.7530785826630639e-01  -4.1285690573912442e-01
 4.2478465830334400e-01  -4.1689764357451686e-01
 3.7579662898038790e-01  -4.2019389453413863e-01
 3.3815834817378926e-01  -4.2235310362153672e-01
 3.2041224987215683e-01  -4.2326686732641217e-01
 2.9386416482048022e-01  -3.4356221164639933e-01
 2.7746690493664511e-01  -3.4433084108443329e-01
 2.4054865927524782e-01  -3.4585683045092053e-01
 1.8760767677006807e-01  -3.4758708990140263e-01
 1.2621083327173424e-01  -3.4898294963790966e-01
 6.6878167810664010e-02  -3.4977174236700231e-01
 2.1407591765205115e-02  -3.5003698478513584e-01
 0.0000000000000000e+00  -3.5006649839117293e-01
 2.9627348947868293e-01  -3.5036756726792639e-01
 2.7972477886289898e-01  -3.5114497829722857e-01
 2.4247381384873823e-01  -3.5268815912593732e-01
 1.8907459350991918e-01  -3.5443746544608956e-01
 1.2717215928612113e-01  -3.5584825782310847e-01
 6.7375243404903348e-02  -3.5664524531079128e-01
 2.1563866524318531e-02  -3.5691317580967863e-01
 0.0000000000000000e+00  -3.5694298389626716e-01
 3.0114633510039462e-01  -3.6439567520519434e-01
 2.8429112303824794e-01  -3.6519084249202516e-01
 2.4636695535992592e-01  -3.6676878116189859e-01
 1.9204088505529981e-01  -3.6855659169464899e-01
 1.2911605312763502e-01  -3.6999756779608228e-01
 6.8380075984934688e-02  -3.7081111973335240e-01
 2.1879397415150364e-02  -3.7108448474918926e-01
 0.0000000000000000e+00  -3.7111488773273033e-01
 3.0700990227239605e-01  -3.8174065112809824e-01
 2.8978557308706893e-01  -3.8255716277751284e-01
 2.5105086984598063e-01  -3.8417687814819318e-01
 1.9560923264528174e-01  -3.8601096079229097e-01
 1.3145423288713012e-01  -3.8748820421593483e-01
 6.9588750122871468e-02  -3.8832165637212729e-01
 2.2259061648246467e-02  -3.8860154937906766e-01
 0.0000000000000000e+00  -3.8863266703841631e-01
 3.1248098781905848e-01  -3.9837795986796198e-01
 2.9491198160690812e-01  -3.9921435061156280e-01
 2.5542057175937677e-01  -4.0087297045291387e-01
 1.9893770960809185e-01  -4.0275013738762366e-01
 1.3363490396197183e-01  -4.0426114426279558e-01
 7.0716279080143482e-02  -4.0511311866478061e-01
 2.2613699469654358e-02  -4.0539908560109700e-01
 0.0000000000000000e+00  -4.0543086869431189e-01
 3.1668924604243587e-01  -4.1147069732437630e-01
 2.9885492776675210e-01  -4.1232234703034526e-01
 2.5878119631379592e-01  -4.1401082663737254e-01
 2.0149738929566979e-01  -4.1592105681375136e-01
 1.3531187908928261e-01  -4.1745797094764664e-01
 7.1583033112219599e-02  -4.1832415825029590e-01
 2.2885891593153587e-02  -4.1861478712990108e-01
 0.0000000000000000e+00  -4.1864708047149535e-01
 3.1932530267083403e-01  -4.1980228883862769e-01
 3.0132471836652575e-01  -4.2066348041934315e-01
 2.6088610655894262e-01  -4.2237063112278755e-01
 2.0310052260776396e-01  -4.2430153387390157e-01
 1.3636211272217072e-01  -4.2585464523007849e-01
 7.2125849458069005e-02  -4.2672971806743293e-01
 2.3056372577434581e-02  -4.2702326145387470e-01
 0.0000000000000000e+00  -4.2705587384903498e-01
 3.2041224987215683e-01  -4.2326686732641217e-01
 3.0234309412619603e-01  -4.2413198941409708e-01
 2.6175400455786113e-01  -4.2584683094371290e-01
 2.0376148950569270e-01  -4.2778624867308579e-01
 1.3679508853180708e-01  -4.2934603138351951e-01
 7.2349685064352715e-02  -4.3022476365864804e-01
 2.3126747701865204e-02  -4.3051950712881043e-01
 0.0000000000000000e+00  -4.3055225099706784e-01
 0.0000000000000000e+00   4.3055225099720168e-01
 2.3126747702140901e-02   4.3051950712818726e-01
 7.2349685064066319e-02   4.3022476365976348e-01
 1.3679508853144975e-01   4.2934603138259342e-01
 2.0376148950627038e-01   4.2778624867223741e-01
 2.6175400455862918e-01   4.2584683094487824e-01
 3.0234309412643751e-01   4.2413198941569852e-01
 3.2041224987204764e-01   4.2326686732777113e-01
 0.0000000000000000e+00   4.3382698970035649e-01
 2.3192384316203928e-02   4.3379412332997069e-01
 7.2558353769333006e-02   4.3349826198796498e-01
 1.3719868771139743e-01   4.3261612065193927e-01
 2.0437763259053993e-01   4.3105012272939008e-01
 2.6256306919195332e-01   4.2910277203849517e-01
 3.0329245176647063e-01   4.2738076522103696e-01
 3.2142553957946818e-01   4.2651198115277739e-01
 0.0000000000000000e+00   4.4021084111487468e-01
 2.3319450669847419e-02   4.4017773778524416e-01
 7.2962409543636669e-02   4.3987971367375300e-01
 1.3798024508765097e-01   4.3899097681982380e-01
 2.0557078779861260e-01   4.3741295410077408e-01
 2.6412985035740244e-01   4.3545025464859999e-01
 3.0513096120067668e-01   4.3371438384766892e-01
 3.2338788457014433e-01   4.3283851409772200e-01
 0.0000000000000000e+00   4.4724235038841825e-01
 2.3457900636196089e-02   4.4720898898271211e-01
 7.3403296353184100e-02   4.4690860686042433e-01
 1.3883333129775999e-01   4.4601268037808772e-01
 2.0687309843893892e-01   4.4442155028488950e-01
 2.6583997984437935e-01   4.4244211927888344e-01
 3.0713775232222223e-01   4.4069113449352959e-01
 3.2552989049741665e-01   4.3980753989031590e-01
 0.0000000000000000e+00   4.5272498853903098e-01
 2.3565004948062497e-02   4.5269142780747607e-01
 7.3744216573088633e-02   4.5238922489971761e-01
 1.3949293519006545e-01   4.5148774621111148e-01
 2.0788008834841240e-01   4.4988649326763630e-01
 2.6716236541507843e-01   4.4789413992293675e-01
 3.0868958176813299e-01   4.4613148165083383e-01
 3.2718630368001689e-01   4.4524192048434047e-01
 0.0000000000000000e+00   4.5572270211889326e-01
 2.3623312799340147e-02   4.5568903298969199e-01
 7.3929611814580257e-02   4.5538584091879841e-01
 1.3985154754545412e-01   4.5448134575869736e-01
 2.0842760156789883e-01   4.5287459295979016e-01
 2.6788139537193384e-01   4.5087521878762632e-01
 3.0953338387435431e-01   4.4910621817631929e-01
 3.2808697946716253e-01   4.4821341527732239e-01
 0.0000000000000000e+00   4.5670435508689144e-01
 2.3642321145027650e-02   4.5667065056192147e-01
 7.3990148536062603e-02   4.5636713531727902e-01
 1.3996868672242052e-01   4.5546165507692454e-01
 2.0860643253529193e-01   4.5385310654093636e-01
 2.6811624202725504e-01   4.5185144007190409e-01
 3.0980898645896354e-01   4.5008036866521994e-01
 3.2838116073586243e-01   4.4918650732025900e-01
 0.0000000000000000e+00   4.5681180616839856e-01
 2.3644397489252882e-02   4.5677809777125261e-01
 7.3996768861562839e-02   4.5647454716953922e-01
 1.3998150044485022e-01   4.5556895917556106e-01
 2.0862599367760559e-01   4.5396021423644073e-01
 2.6814192978620494e-01   4.5195829706016549e-01
 3.0983913227728732e-01   4.5018699916904376e-01
 3.2841333885383911e-01   4.4929302206003108e-01
 3.2041224987204764e-01   4.2326686732777113e-01
 3.3815834817331575e-01   4.2235310362243705e-01
 3.7579662897926552e-01   4.2019389453369427e-01
 4.2478465830207640e-01   4.1689764357277104e-01
 4.7530785826596639e-01   4.1285690573779515e-01
 5.1871315105785831e-01   4.0879756830279218e-01
 5.4888137245683022e-01   4.0561646096505388e-01
 5.6225129011804120e-01   4.0410359288074532e-01
 3.2142553957946818e-01   4.2651198115277739e-01
 3.3923534872106598e-01   4.2559431778433743e-01
 3.7701190190668205e-01   4.2342577286895000e-01
 4.2618669158162542e-01   4.2011497056764874e-01
 4.7691123391460460e-01   4.1605595132783280e-01
 5.2049725877462427e-01   4.1197780238046133e-01
 5.5079569796363015e-01   4.0878166400299154e-01
 5.6422461366391685e-01   4.0726156257784324e-01
 3.2338788457014433e-01   4.3283851409772200e-01
 3.4132110579366798e-01   4.3191330501440084e-01
 3.7936551962059334e-01   4.2972669504462335e-01
 4.2890214355536777e-01   4.2638773402021213e-01
 4.8001683730659300e-01   4.2229333529452118e-01
 5.2395314587925101e-01   4.1817877793489960e-01
 5.5450401262376625e-01   4.1495354579010557e-01
 5.6804731054139557e-01   4.1341944296318422e-01
 3.2552989049741665e-01   4.3980753989031590e-01
 3.4359787254909602e-01   4.3887410420758044e-01
 3.8193480376277494e-01   4.3666779824212276e-01
 4.3186662102700696e-01   4.3329813401447148e-01
 4.8340752088131944e-01   4.2916515502020636e-01
 5.2772658671901573e-01   4.2501089094217714e-01
 5.5855335692905839e-01   4.2175392612438795e-01
 5.7222169724459426e-01   4.2020455089012732e-01
 3.2718630368001689e-01   4.4524192048434047e-01
 3.4535852313103615e-01   4.4430213056766354e-01
 3.8392173606565544e-01   4.4208061084523703e-01
 4.3415931253195750e-01   4.3868722901530377e-01
 4.8603004063884619e-01   4.3452444485028457e-01
 5.3064538405717165e-01   4.3033950224341833e-01
 5.6168576797671110e-01   4.2705801760243517e-01
 5.7545093461248509e-01   4.2549684066893129e-01
 3.2808697946716253e-01   4.4821341527732239e-01
 3.4631588569011701e-01   4.4727017296920851e-01
 3.8500216360258527e-01   4.4504038713104388e-01
 4.3540605113669550e-01   4.4163411827665378e-01
 4.8745621266386790e-01   4.3745513846373285e-01
 5.3223276379236151e-01   4.3325352454408772e-01
 5.6338939318682002e-01   4.2995871455137241e-01
 5.7720725608795997e-01   4.2839112370517229e-01
 3.2838116073586243e-01   4.4918650732025900e-01
 3.4662858504107663e-01   4.4824213777869332e-01
 3.8535506568754763e-01   4.4600965296488115e-01
 4.3581328370363603e-01   4.4259917629767559e-01
 4.8792206388700821e-01   4.3841490824268109e-01
 5.3275128345386180e-01   4.3420785061940426e-01
 5.6394589505399551e-01   4.3090868936881349e-01
 5.7778097707230502e-01   4.2933900408715436e-01
 3.2841333885383911e-01   4.4929302206003108e-01
 3.4666278885244678e-01   4.4834852923045271e-01
 3.8539366727873314e-01   4.4611574922227359e-01
 4.3585782840389131e-01   4.4270481233348552e-01
 4.8797302069407134e-01   4.3851996588617609e-01
 5.3280800160170882e-01   4.3431231286516669e-01
 5.6400676817067119e-01   4.3101267569875484e-01
 5.7784373387519694e-01   4.2944276133851017e-01
 5.6225129011804242e-01   4.0410359288074532e-01
 6.5948226469139615e-01   3.9085129725464385e-01
 8.1721368764863755e-01   3.5636101467711795e-01
 9.3342143392053356e-01   3.0239100382223166e-01
 9.6475127261828908e-01   2.4170221842576592e-01
 9.3585498224610708e-01   1.8981603679190359e-01
 8.9342166511165289e-01   1.5563412558299083e-01
 8.7027318406070853e-01   1.4124560232527461e-01
 5.6422461366391785e-01   4.0726156257784302e-01
 6.6191151363967227e-01   3.9394374300360263e-01
 8.2051943126491977e-01   3.5926714761570622e-01
 9.3760086780998586e-01   3.0496694354572412e-01
 9.6941546126621347e-01   2.4385734731728848e-01
 9.4055846945418231e-01   1.9157283668185629e-01
 8.9795416277355344e-01   1.5710973891171065e-01
 8.7468324050367052e-01   1.4259843360119398e-01
 5.6804731054139512e-01   4.1341944296318406e-01
 6.6661848305201588e-01   3.9997476962735667e-01
 8.2692881448158428e-01   3.6493727134989051e-01
 9.4571346333138118e-01   3.0999671850798699e-01
 9.7848231413669740e-01   2.4806966603533770e-01
 9.4971464835198083e-01   1.9500994449152842e-01
 9.0678644997905589e-01   1.5999876520850811e-01
 8.8328079654804170e-01   1.4524791221574163e-01
 5.7222169724459548e-01   4.2020455089012698e-01
 6.7176008370413798e-01   4.0662147790076297e-01
 8.3393610627398507e-01   3.7118992863181094e-01
 9.5459667415840044e-01   3.1554911881976577e-01
 9.8843046923054667e-01   2.5272608727747481e-01
 9.5978044428334275e-01   1.9881454469573973e-01
 9.1650990716832814e-01   1.6319983534345830e-01
 8.9275178408767131e-01   1.4818485880471383e-01
 5.7545093461248686e-01   4.2549684066893084e-01
 6.7573864004236384e-01   4.1180679862213942e-01
 8.3936263335142458e-01   3.7607047785787884e-01
 9.6148573060916831e-01   3.1988729859913700e-01
 9.9615972256075558e-01   2.5636885785594593e-01
 9.6761526002454246e-01   2.0179464850903353e-01
 9.2408824461948402e-01   1.6570950456493808e-01
 9.0013770097761747e-01   1.5048840446711612e-01
 5.7720725608796053e-01   4.2839112370517202e-01
 6.7790289347241417e-01   4.1464293925690426e-01
 8.4231611354895497e-01   3.7874088656950211e-01
 9.6523877409412517e-01   3.2226249473824792e-01
 1.0003757210069828e+00   2.5836501693732511e-01
 9.7189404940773128e-01   2.0342905853752724e-01
 9.2823066193951764e-01   1.6708676583746268e-01
 9.0417655737291502e-01   1.5175290359224680e-01
 5.7778097707230625e-01   4.2933900408715409e-01
 6.7860993308253814e-01   4.1557183234920964e-01
 8.4328121863778649e-01   3.7961564604508041e-01
 9.6646569249537184e-01   3.2304078597595792e-01
 1.0017547836167109e+00   2.5901936856342944e-01
 9.7329444784321106e-01   2.0396503843678124e-01
 9.2958699539316447e-01   1.6753854957687231e-01
 9.0549923098605489e-01   1.5216775258644616e-01
 5.7784373387519750e-01   4.2944276133850978e-01
 6.7868727504705839e-01   4.1567351282958986e-01
 8.4338679682030926e-01   3.7971140521959562e-01
 9.6659992803240213e-01   3.2312599190360575e-01
 1.0019056889336078e+00   2.5909101361698317e-01
 9.7344771166123589e-01   2.0402372928724802e-01
 9.2973545362970722e-01   1.6758802473488257e-01
 9.0564401240032077e-01   1.5221318463418090e-01
 8.7027318406070786e-01   1.4124560232527456e-01
 8.5500436597503748e-01   1.3267667632884841e-01
 8.2023065035321951e-01   1.1511833714730040e-01
 7.7133139435443754e-01   9.3688766248099270e-02
 7.1863341064129571e-01   7.3497521130716989e-02
 6.7342259022318474e-01   5.7835662845635592e-02
 6.4303615789227198e-01   4.7898969913624426e-02
 6.3004576900639286e-01   4.3743468943705753e-02
 8.7468324050367030e-01   1.4259843360119406e-01
 8.5932643950181986e-01   1.3395514082432031e-01
 8.2433556544556563e-01   1.1624150128321308e-01
 7.7509986412846799e-01   9.4617018433039629e-02
 7.2200753876303037e-01   7.4236591154879711e-02
 6.7643691505250936e-01   5.8424140336038641e-02
 6.4579896713666296e-01   4.8390069908740514e-02
 6.3269886820619126e-01   4.4193404323387392e-02
 8.8328079654804215e-01   1.4524791221574146e-01
 8.6775478215729795e-01   1.3645946267293982e-01
 8.3234506665593289e-01   1.1844252588714431e-01
 7.8245832122284587e-01   9.6437060627873467e-02
 7.2860079908469277e-01   7.5686491156442604e-02
 6.8233057270692588e-01   5.9579132912041997e-02
 6.5120292953551684e-01   4.9354232606938601e-02
 6.3788908045007198e-01   4.5076863700745248e-02
 8.9275178408767153e-01   1.4818485880471380e-01
 8.7704293468325090e-01   1.3923625774168041e-01
 8.4117883289189188e-01   1.2088443874147727e-01
 7.9058252106915228e-01   9.8457816703786866e-02
 7.3588776201293682e-01   7.7297518711115759e-02
 6.8884988082562437e-01   6.0863298266889757e-02
 6.5718391170854462e-01   5.0426681664164905e-02
 6.4363485812701349e-01   4.6059724332258509e-02
 9.0013770097761703e-01   1.5048840446711592e-01
 8.8428888736837441e-01   1.4141474568119991e-01
 8.4807559767578378e-01   1.2280124172051762e-01
 7.9693160255871254e-01   1.0004515283658459e-01
 7.4158823955818121e-01   7.8563920668371034e-02
 6.9395405541087318e-01   6.1873367964379790e-02
 6.6186919292345670e-01   5.1270564093349354e-02
 6.4813695120578751e-01   4.6833245388540640e-02
 9.0417655737291458e-01   1.5175290359224688e-01
 8.8825218328614908e-01   1.4261080305433840e-01
 8.5184987838998860e-01   1.2385401524184964e-01
 8.0040852960503328e-01   1.0091739337585776e-01
 7.4471213543031667e-01   7.9260151663399295e-02
 6.9675278895537840e-01   6.2428904332656195e-02
 6.6443923325323984e-01   5.1734826067198703e-02
 6.5060691896376577e-01   4.7258848480568660e-02
 9.0549923098605445e-01   1.5216775258644621e-01
 8.8955026221750044e-01   1.4300323002583379e-01
 8.5308635619565776e-01   1.2419949083286563e-01
 8.0154795981383209e-01   1.0120369088684018e-01
 7.4573620915657379e-01   7.9488730398810992e-02
 6.9767052119055040e-01   6.2611327383772494e-02
 6.6528213138676717e-01   5.1887297013335554e-02
 6.5141706120959086e-01   4.7398631078678470e-02
 9.0564401240032044e-01   1.5221318463418082e-01
 8.8969235597484542e-01   1.4304620749124852e-01
 8.5322171600828745e-01   1.2423732812422077e-01
 8.0167270667565849e-01   1.0123504881412285e-01
 7.4584833669248218e-01   7.9513768036597987e-02
 6.9777101286495213e-01   6.2631310376883187e-02
 6.6537443346392422e-01   5.1903999591406139e-02
 6.5150577829702838e-01   4.7413943934802673e-02
 6.3004576900639286e-01   4.3743468943705753e-02
 6.1769447619448503e-01   3.9819205313257285e-02
 5.9311647628773057e-01   3.1991001406907783e-02
 5.6530484635885248e-01   2.2722275982688261e-02
 5.4310213721272094e-01   1.4041910762639132e-02
 5.3077734204609472e-01   7.0193209477087178e-03
 5.2671355158834610e-01   2.1810960082728871e-03
 5.2626790643218180e-01   9.6393180080049307e-13
 6.3269886820619126e-01   4.4193404323387392e-02
 6.2024210578110062e-01   4.0230019709708818e-02
 5.9545100758642022e-01   3.2323036968875750e-02
 5.6739331923316549e-01   2.2959714010393786e-02
 5.4499062258834974e-01   1.4189443494772046e-02
 5.3255351024724507e-01   7.0932954236748733e-03
 5.2845248716791315e-01   2.2041051815086762e-03
 5.2800275305383682e-01   1.7413614189521443e-12
 6.3788908045007198e-01   4.5076863700745248e-02
 6.2522675109631809e-01   4.1036763270418851e-02
 6.0002008955318908e-01   3.2975237905156059e-02
 5.7148221902191598e-01   2.3426233651979395e-02
 5.4868899580952657e-01   1.4479383530169363e-02
 5.3603246218257139e-01   7.2386933920748084e-03
 5.3185868770309030e-01   2.2493320271653678e-03
 5.3140096346559063e-01   6.6540526580971642e-13
 6.4363485812701349e-01   4.6059724332258509e-02
 6.3074620762968892e-01   4.1934432211533881e-02
 6.0508168561915654e-01   3.3701198568995928e-02
 5.7601422950458225e-01   2.3945721215627630e-02
 5.5278991058340876e-01   1.4802348196749148e-02
 5.3989101635004766e-01   7.4006823126189416e-03
 5.3563686279029110e-01   2.2997226788748315e-03
 5.3517031005594629e-01  -2.0001570043980015e-12
 6.4813695120578751e-01   4.6833245388540640e-02
 6.3507194262366562e-01   4.2641022862185844e-02
 6.0905038710493886e-01   3.4272819550174437e-02
 5.7956957625132155e-01   2.4354920843542315e-02
 5.5600848968559780e-01   1.5056825954406517e-02
 5.4292015927745729e-01   7.5283427828705977e-03
 5.3860316261673546e-01   2.3394369499231973e-03
 5.3812970696806306e-01   1.3925506256621824e-12
 6.5060691896376577e-01   4.7258848480568660e-02
 6.3744553590675701e-01   4.3029843800845138e-02
 6.1122877829492372e-01   3.4587441128719802e-02
 5.8152182615096393e-01   2.4580204209640456e-02
 5.5777639101180621e-01   1.5196957706830657e-02
 5.4458432237807608e-01   7.5986493259698855e-03
 5.4023290561474169e-01   2.3613096995563285e-03
 5.3975566894475280e-01   1.1065266134742035e-12
 6.5141706120959086e-01   4.7398631078678470e-02
 6.3822412758457603e-01   4.3157552719360469e-02
 6.1194345132527828e-01   3.4690790242865456e-02
 5.8216242727103840e-01   2.4654216043586724e-02
 5.5835659263355808e-01   1.5242999542041617e-02
 5.4513052921499072e-01   7.6217506439087649e-03
 5.4076783215855206e-01   2.3684967806465607e-03
 5.4028935633231978e-01  -1.9822442994966019e-12
 6.5150577829702838e-01   4.7413943934802673e-02
 6.3830939144476839e-01   4.3171543137437568e-02
 6.1202171882861189e-01   3.4702112395996111e-02
 5.8223258641326736e-01   2.4662324501189398e-02
 5.5842013956505110e-01   1.5248043853096329e-02
 5.4519035439138719e-01   7.6242816476886719e-03
 5.4082642234526834e-01   2.3692842084254710e-03
 5.4034781085367090e-01  -2.5558720642377813e-12
 5.2626790643218180e-01   9.6393180080049307e-13
 5.2671355158806688e-01  -2.1810960067501182e-03
 5.3077734204629767e-01  -7.0193209487199306e-03
 5.4310213721471579e-01  -1.4041910763911385e-02
 5.6530484635746903e-01  -2.2722275980447723e-02
 5.9311647628435915e-01  -3.1991001407457982e-02
 6.1769447619540530e-01  -3.9819205315787191e-02
 6.3004576900974607e-01  -4.3743468945698201e-02
 5.2800275305383682e-01   1.7413614189521443e-12
 5.2845248716828874e-01  -2.2041051786780576e-03
 5.3255351024783304e-01  -7.0932954250639722e-03
 5.4499062258802655e-01  -1.4189443497456988e-02
 5.6739331923312331e-01  -2.2959714007204726e-02
 5.9545100758682601e-01  -3.2323036968525433e-02
 6.2024210578087247e-01  -4.0230019712998243e-02
 6.3269886820569599e-01  -4.4193404326593168e-02
 5.3140096346559063e-01   6.6540526580971642e-13
 5.3185868770330957e-01  -2.2493320260048087e-03
 5.3603246218187961e-01  -7.2386933921789335e-03
 5.4868899580669639e-01  -1.4479383531609000e-02
 5.7148221902455032e-01  -2.3426233651570840e-02
 6.0002008955789154e-01  -3.2975237903655426e-02
 6.2522675109433046e-01  -4.1036763270524863e-02
 6.3788908044467829e-01  -4.5076863701746260e-02
 5.3517031005594629e-01  -2.0001570043980015e-12
 5.3563686279055445e-01  -2.2997226821387254e-03
 5.3989101635078041e-01  -7.4006823110983984e-03
 5.5278991058376858e-01  -1.4802348193636457e-02
 5.7601422950332326e-01  -2.3945721219140358e-02
 6.0508168561878772e-01  -3.3701198569576429e-02
 6.3074620763117639e-01  -4.1934432208023280e-02
 6.4363485812891919e-01  -4.6059724328744236e-02
 5.3812970696806306e-01   1.3925506256621824e-12
 5.3860316261813590e-01  -2.3394369477390481e-03
 5.4292015928040005e-01  -7.5283427844014348e-03
 5.5600848968600070e-01  -1.5056825956106986e-02
 5.7956957624869299e-01  -2.4354920840295433e-02
 6.0905038710407222e-01  -3.4272819551326529e-02
 6.3507194262514954e-01  -4.2641022865719254e-02
 6.4813695120801706e-01  -4.6833245390995398e-02
 5.3975566894475280e-01   1.1065266134742035e-12
 5.4023290561318782e-01  -2.3613096976831558e-03
 5.4458432237452059e-01  -7.5986493264483196e-03
 5.5777639101084908e-01  -1.5196957708918504e-02
 5.8152182615507064e-01  -2.4580204208384367e-02
 6.1122877829644895e-01  -3.4587441127229210e-02
 6.3744553590341491e-01  -4.3029843801848065e-02
 6.5060691895904410e-01  -4.7258848482377748e-02
 5.4028935633231978e-01  -1.9822442994966019e-12
 5.4076783215624313e-01  -2.3684967837843563e-03
 5.4513052921073601e-01  -7.6217506418925843e-03
 5.5835659263446247e-01  -1.5242999539512506e-02
 5.8216242727392853e-01  -2.4654216047896162e-02
 6.1194345132405037e-01  -3.4690790241679051e-02
 6.3822412758310920e-01  -4.3157552714835623e-02
 6.5141706120886755e-01  -4.7398631075406504e-02
 5.4034781085367090e-01  -2.5558720642377813e-12
 5.4082642234390987e-01  -2.3692842125440905e-03
 5.4519035438937946e-01  -7.6242816454802596e-03
 5.5842013956675463e-01  -1.5248043849448906e-02
 5.8223258641349929e-01  -2.4662324506035036e-02
 6.1202171882606660e-01  -3.4702112395727222e-02
 6.3830939144540999e-01  -4.3171543132572869e-02
 6.5150577829954615e-01  -4.7413943930684620e-02
 6.3004576900974607e-01  -4.3743468945698201e-02
 6.4303615789722501e-01  -4.7898969914264018e-02
 6.7342259022626783e-01  -5.7835662843208790e-02
 7.1863341063572883e-01  -7.3497521130560753e-02
 7.7133139435382470e-01  -9.3688766250383249e-02
 8.2023065036011122e-01  -1.1511833714528251e-01
 8.5500436597586738e-01  -1.3267667632744187e-01
 8.7027318405733500e-01  -1.4124560232541014e-01
 6.3269886820569599e-01  -4.4193404326593168e-02
 6.4579896713609974e-01  -4.8390069910595503e-02
 6.7643691505253067e-01  -5.8424140333554302e-02
 7.2200753876358248e-01  -7.4236591153795523e-02
 7.7509986412835774e-01  -9.4617018436173872e-02
 8.2433556544576692e-01  -1.1624150128095113e-01
 8.5932643950133070e-01  -1.3395514082191270e-01
 8.7468324050265334e-01  -1.4259843360080465e-01
 6.3788908044467829e-01  -4.5076863701746260e-02
 6.5120292952810055e-01  -4.9354232608498853e-02
 6.8233057270285202e-01  -5.9579132912904155e-02
 7.2860079909274844e-01  -7.5686491155008820e-02
 7.8245832122441439e-01  -9.6437060628459539e-02
 8.3234506664676877e-01  -1.1844252588767258e-01
 8.6775478215390411e-01  -1.3645946267164485e-01
 8.8328079654972380e-01  -1.4524791221451272e-01
 6.4363485812891919e-01  -4.6059724328744236e-02
 6.5718391171031676e-01  -5.0426681662036260e-02
 6.8884988082547849e-01  -6.0863298269430793e-02
 7.3588776201098038e-01  -7.7297518712365509e-02
 7.9058252106976434e-01  -9.8457816700569259e-02
 8.4117883289325612e-01  -1.2088443874385747e-01
 8.7704293468370864e-01  -1.3923625774413120e-01
 8.9275178408773492e-01  -1.4818485880502988e-01
 6.4813695120801706e-01  -4.6833245390995398e-02
 6.6186919292603341e-01  -5.1270564093684828e-02
 6.9395405541258248e-01  -6.1873367960788878e-02
 7.4158823955602760e-01  -7.8563920669018461e-02
 7.9693160255587114e-01  -1.0004515283894050e-01
 8.4807559767959528e-01  -1.2280124171734116e-01
 8.8428888737360900e-01  -1.4141474568077553e-01
 9.0013770098061152e-01  -1.5048840446887485e-01
 6.5060691895904410e-01  -4.7258848482377748e-02
 6.6443923324830967e-01  -5.1734826069152383e-02
 6.9675278895413584e-01  -6.2428904332763331e-02
 7.4471213543555770e-01  -7.9260151661764922e-02
 8.0040852960605890e-01  -1.0091739337727351e-01
 8.5184987838429649e-01  -1.2385401524174100e-01
 8.8825218328251232e-01  -1.4261080305247151e-01
 9.0417655737230584e-01  -1.5175290359097238e-01
 6.5141706120886755e-01  -4.7398631075406504e-02
 6.6528213138675796e-01  -5.1887297012700895e-02
 6.9767052119046657e-01  -6.2611327388216051e-02
 7.4573620915558736e-01  -7.9488730398083740e-02
 8.0154795981738747e-01  -1.0120369088399414e-01
 8.5308635619540452e-01  -1.2419949083694366e-01
 8.8955026221092637e-01  -1.4300323002621793e-01
 9.0549923097958096e-01  -1.5216775258400966e-01
 6.5150577829954615e-01  -4.7413943930684620e-02
 6.6537443346749592e-01  -5.1903999589724518e-02
 6.9777101286607668e-01  -6.2631310381045607e-02
 7.4584833668764905e-01  -7.9513768036752253e-02
 8.0167270667846013e-01  -1.0123504881072901e-01
 8.5322171601251096e-01  -1.2423732812822133e-01
 8.8969235597059226e-01  -1.4304620749249325e-01
 9.0564401239364445e-01  -1.5221318463238556e-01
 8.7027318405733511e-01  -1.4124560232541014e-01
 8.9342166510472854e-01  -1.5563412558497877e-01
 9.3585498225017094e-01  -1.8981603679070530e-01
 9.6475127261403859e-01  -2.4170221842722139e-01
 9.3342143392530752e-01  -3.0239100382269785e-01
 8.1721368764694435e-01  -3.5636101467563924e-01
 6.5948226469169657e-01  -3.9085129725478285e-01
 5.6225129011618991e-01  -4.0410359287914932e-01
 8.7468324050265289e-01  -1.4259843360080474e-01
 8.9795416277249529e-01  -1.5710973891454111e-01
 9.4055846945702581e-01  -1.9157283668040478e-01
 9.6941546126156808e-01  -2.4385734732006678e-01
 9.3760086781251406e-01  -3.0496694354345588e-01
 8.2051943127142968e-01  -3.5926714761431910e-01
 6.6191151363005396e-01  -3.9394374300570451e-01
 5.6422461366672672e-01  -4.0726156257728913e-01
 8.8328079654972436e-01  -1.4524791221451253e-01
 9.0678644998704383e-01  -1.5999876520891648e-01
 9.4971464835219199e-01  -1.9500994449204853e-01
 9.7848231413444942e-01  -2.4806966603655792e-01
 9.4571346332720096e-01  -3.0999671850323468e-01
 8.2692881449650180e-01  -3.6493727135098031e-01
 6.6661848303508153e-01  -3.9997476963049783e-01
 5.6804731055021851e-01  -4.1341944296577554e-01
 8.9275178408773437e-01  -1.4818485880502980e-01
 9.1650990716771219e-01  -1.6319983534046023e-01
 9.5978044428160103e-01  -1.9881454469748303e-01
 9.8843046923409716e-01  -2.5272608727438822e-01
 9.5459667415754501e-01  -3.1554911882220898e-01
 8.3393610626670012e-01  -3.7118992863348438e-01
 6.7176008371394180e-01  -4.0662147789845765e-01
 5.7222169724088712e-01  -4.2020455089083664e-01
 9.0013770098061152e-01  -1.5048840446887490e-01
 9.2408824461637229e-01  -1.6570950456773312e-01
 9.6761526002058695e-01  -2.0179464850610165e-01
 9.9615972256493246e-01  -2.5636885785803520e-01
 9.6148573061389964e-01  -3.1988729860298193e-01
 8.3936263333813410e-01  -3.7607047785448039e-01
 6.7573864005523687e-01  -4.1180679862053954e-01
 5.7545093460385799e-01  -4.2549684066470828e-01
 9.0417655737230496e-01  -1.5175290359097235e-01
 9.2823066194433357e-01  -1.6708676583855936e-01
 9.7189404941061419e-01  -2.0342905853764923e-01
 1.0003757210024060e+00  -2.5836501693915531e-01
 9.6523877409017944e-01  -3.2226249473337282e-01
 8.4231611356536729e-01  -3.7874088656998633e-01
 6.7790289345444588e-01  -4.1464293926046136e-01
 5.7720725609825685e-01  -4.2839112370724741e-01
 9.0549923097957985e-01  -1.5216775258400950e-01
 9.2958699539259537e-01  -1.6753854957321568e-01
 9.7329444785147923e-01  -2.0396503844087238e-01
 1.0017547836082477e+00  -2.5901936856045804e-01
 9.6646569249189829e-01  -3.2304078597125524e-01
 8.4328121865484074e-01  -3.7961564604962428e-01
 6.7860993306531259e-01  -4.1557183235111234e-01
 5.7778097708317366e-01  -4.2933900409258513e-01
 9.0564401239364367e-01  -1.5221318463238542e-01
 9.2973545362507692e-01  -1.6758802473074524e-01
 9.7344771166871780e-01  -2.0402372929128368e-01
 1.0019056889266620e+00  -2.5909101361302794e-01
 9.6659992803243655e-01  -3.2312599190164210e-01
 8.4338679682805762e-01  -3.7971140522386032e-01
 6.7868727503938309e-01  -4.1567351282946235e-01
 5.7784373387986487e-01  -4.2944276134273229e-01
 5.6225129011618868e-01  -4.0410359287914999e-01
 5.4888137245517055e-01  -4.0561646096379067e-01
 5.1871315105692450e-01  -4.0879756830259106e-01
 4.7530785826630639e-01  -4.1285690573912442e-01
 4.2478465830334400e-01  -4.1689764357451686e-01
 3.7579662898038790e-01  -4.2019389453413863e-01
 3.3815834817378926e-01  -4.2235310362153672e-01
 3.2041224987215683e-01  -4.2326686732641217e-01
 5.6422461366672616e-01  -4.0726156257728957e-01
 5.5079569796884720e-01  -4.0878166400198979e-01
 5.2049725878372244e-01  -4.1197780237882281e-01
 4.7691123392374024e-01  -4.1605595132639633e-01
 4.2618669158328559e-01  -4.2011497056762809e-01
 3.7701190189964073e-01  -4.2342577287018712e-01
 3.3923534871134337e-01  -4.2559431778572587e-01
 3.2142553957037606e-01  -4.2651198115394762e-01
 5.6804731055021829e-01  -4.1341944296577654e-01
 5.5450401263618676e-01  -4.1495354579124111e-01
 5.2395314589648645e-01  -4.1817877793267422e-01
 4.8001683732093392e-01  -4.2229333528930107e-01
 4.2890214355516665e-01  -4.2638773401643554e-01
 3.7936551960645432e-01  -4.2972669504577088e-01
 3.4132110577672764e-01  -4.3191330501872710e-01
 3.2338788455513157e-01  -4.3283851410267765e-01
 5.7222169724088601e-01  -4.2020455089083669e-01
 5.5855335692303876e-01  -4.2175392612558704e-01
 5.2772658670949524e-01  -4.2501089094405703e-01
 4.8340752087243949e-01  -4.2916515502182301e-01
 4.3186662102607609e-01  -4.3329813401450845e-01
 3.8193480377039613e-01  -4.3666779824079555e-01
 3.4359787255898810e-01  -4.3887410420611189e-01
 3.2552989050646214e-01  -4.3980753988909738e-01
 5.7545093460385810e-01  -4.2549684066470894e-01
 5.6168576796576619e-01  -4.2705801759965206e-01
 5.3064538404384054e-01  -4.3033950224445722e-01
 4.8603004062945787e-01  -4.3452444485568348e-01
 4.3415931253406570e-01  -4.3868722902045709e-01
 3.8392173607693247e-01  -4.4208061084516637e-01
 3.4535852314299392e-01  -4.4430213056342033e-01
 3.2718630369001289e-01  -4.4524192047897265e-01
 5.7720725609825529e-01  -4.2839112370724752e-01
 5.6338939320076287e-01  -4.2995871455197721e-01
 5.3223276381083562e-01  -4.3325352454144234e-01
 4.8745621267837103e-01  -4.3745513845848499e-01
 4.3540605113537251e-01  -4.4163411827325849e-01
 3.8500216358705236e-01  -4.4504038713257782e-01
 3.4631588567238686e-01  -4.4727017297366611e-01
 3.2808697945180054e-01  -4.4821341528225972e-01
 5.7778097708317311e-01  -4.2933900409258541e-01
 5.6394589506807224e-01  -4.3090868937244625e-01
 5.3275128347145440e-01  -4.3420785061823314e-01
 4.8792206389976350e-01  -4.3841490823597074e-01
 4.3581328370120453e-01  -4.4259917629120438e-01
 3.8535506567269112e-01  -4.4600965296497602e-01
 3.4662858502510485e-01  -4.4824213778407007e-01
 3.2838116072243001e-01  -4.4918650732706483e-01
 5.7784373387986432e-01  -4.2944276134273263e-01
 5.6400676817672357e-01  -4.3101267570203228e-01
 5.3280800160923480e-01  -4.3431231286552519e-01
 4.8797302069942833e-01  -4.3851996588252434e-01
 4.3585782840276599e-01  -4.4270481232901404e-01
 3.8539366727250424e-01  -4.4611574922150238e-01
 3.4666278884590163e-01  -4.4834852923324925e-01
 3.2841333884840723e-01  -4.4929302206397265e-01
 3.2041224987215683e-01  -4.2326686732641217e-01
 3.0234309412619603e-01  -4.2413198941409708e-01
 2.6175400455786113e-01  -4.2584683094371290e-01
 2.0376148950569270e-01  -4.2778624867308579e-01
 1.3679508853180708e-01  -4.2934603138351951e-01
 7.2349685064352715e-02  -4.3022476365864804e-01
 2.3126747701865204e-02  -4.3051950712881043e-01
 0.0000000000000000e+00  -4.3055225099706784e-01
 3.2142553957037606e-01  -4.2651198115394762e-01
 3.0329245175925423e-01  -4.2738076522183177e-01
 2.6256306919205191e-01  -4.2910277203820130e-01
 2.0437763259928804e-01  -4.3105012272831561e-01
 1.3719868771252350e-01  -4.3261612065216859e-01
 7.2558353762322614e-02  -4.3349826198859104e-01
 2.3192384320753639e-02  -4.3379412332937928e-01
 0.0000000000000000e+00  -4.3382698970090094e-01
 3.2338788455513157e-01  -4.3283851410267765e-01
 3.0513096118958255e-01  -4.3371438385251715e-01
 2.6412985035949238e-01  -4.3545025465066756e-01
 2.0557078781417992e-01  -4.3741295409713649e-01
 1.3798024508852091e-01  -4.3899097681824528e-01
 7.2962409531687034e-02  -4.3987971367730350e-01
 2.3319450677860197e-02  -4.4017773778288916e-01
 0.0000000000000000e+00  -4.4021084111615549e-01
 3.2552989050646214e-01  -4.3980753988909738e-01
 3.0713775232919471e-01  -4.4069113449272862e-01
 2.6583997984378754e-01  -4.4244211927927335e-01
 2.0687309842993717e-01  -4.4442155028610364e-01
 1.3883333129691203e-01  -4.4601268037787034e-01
 7.3403296360285461e-02  -4.4690860685980288e-01
 2.3457900631510886e-02  -4.4720898898339112e-01
 0.0000000000000000e+00  -4.4724235038787635e-01
 3.2718630369001289e-01  -4.4524192047897265e-01
 3.0868958177487404e-01  -4.4613148164516497e-01
 2.6716236541218569e-01  -4.4789413991979299e-01
 2.0788008833727881e-01  -4.4988649327139435e-01
 1.3949293519033920e-01  -4.5148774621354359e-01
 7.3744216581152280e-02  -4.5238922489556543e-01
 2.3565004942430294e-02  -4.5269142781006805e-01
 0.0000000000000000e+00  -4.5272498853788312e-01
 3.2808697945180054e-01  -4.4821341528225972e-01
 3.0953338386339119e-01  -4.4910621818100460e-01
 2.6788139537502426e-01  -4.5087521878934611e-01
 2.0842760158439971e-01  -4.5287459295601412e-01
 1.3985154754573920e-01  -4.5448134575735383e-01
 7.3929611802114104e-02  -4.5538584092229001e-01
 2.3623312807897163e-02  -4.5568903298725161e-01
 0.0000000000000000e+00  -4.5572270212029359e-01
 3.2838116072243001e-01  -4.4918650732706483e-01
 3.0980898644981986e-01  -4.5008036867241918e-01
 2.6811624203095946e-01  -4.5185144007592626e-01
 2.0860643255013983e-01  -4.5385310653622130e-01
 1.3996868672207921e-01  -4.5546165507388026e-01
 7.3990148525240620e-02  -4.5636713532258177e-01
 2.3642321152596187e-02  -4.5667065055864275e-01
 0.0000000000000000e+00  -4.5670435508839852e-01
 3.2841333884840723e-01  -4.4929302206397265e-01
 3.0983913227367005e-01  -4.5018699917351718e-01
 2.6814192978785711e-01  -4.5195829706318275e-01
 2.0862599368357579e-01  -4.5396021423393451e-01
 1.3998150044459376e-01  -4.5556895917332302e-01
 7.3996768857353956e-02  -4.5647454717280650e-01
 2.3644397492212543e-02  -4.5677809776940742e-01
 0.0000000000000000e+00  -4.5681180616910166e-01
 0.0000000000000000e+00   4.5681180616839856e-01
 2.3644397489252882e-02   4.5677809777125261e-01
 7.3996768861562839e-02   4.5647454716953922e-01
 1.3998150044485022e-01   4.5556895917556106e-01
 2.0862599367760559e-01   4.5396021423644073e-01
 2.6814192978620494e-01   4.5195829706016549e-01
 3.0983913227728732e-01   4.5018699916904376e-01
 3.2841333885383911e-01   4.4929302206003108e-01
 0.0000000000000000e+00   4.5670435508824087e-01
 2.3642321150770008e-02   4.5667065055948547e-01
 7.3990148528644800e-02   4.5636713532075601e-01
 1.3996868672020035e-01   4.5546165507550274e-01
 2.0860643254681130e-01   4.5385310653725291e-01
 2.6811624203306256e-01   4.5185144007368433e-01
 3.0980898645439342e-01   4.5008036866981099e-01
 3.2838116072704526e-01   4.4918650732502829e-01
 0.0000000000000000e+00   4.5572270212146199e-01
 2.3623312810008207e-02   4.5568903298507107e-01
 7.3929611800976722e-02   4.5538584092537071e-01
 1.3985154754090320e-01   4.5448134575601568e-01
 2.0842760158941559e-01   4.5287459295285332e-01
 2.6788139538326389e-01   4.5087521879099168e-01
 3.0953338386613954e-01   4.4910621818495122e-01
 3.2808697945083343e-01   4.4821341528627651e-01
 0.0000000000000000e+00   4.5272498853872306e-01
 2.3565004946019510e-02   4.5269142780809751e-01
 7.3744216576254698e-02   4.5238922489871558e-01
 1.3949293518955977e-01   4.5148774621158794e-01
 2.0788008834468988e-01   4.4988649326871261e-01
 2.6716236541467903e-01   4.4789413992235094e-01
 3.0868958177058958e-01   4.4613148164938282e-01
 3.2718630368328477e-01   4.4524192048282502e-01
 0.0000000000000000e+00   4.4724235038667859e-01
 2.3457900628758178e-02   4.4720898898589551e-01
 7.3403296362739845e-02   4.4690860685580658e-01
 1.3883333130069142e-01   4.4601268038008807e-01
 2.0687309842396134e-01   4.4442155028960378e-01
 2.6583997983693602e-01   4.4244211927633270e-01
 3.0713775232836343e-01   4.4069113448747638e-01
 3.2552989050906878e-01   4.3980753988414850e-01
 0.0000000000000000e+00   4.4021084111552805e-01
 2.3319450672832042e-02   4.4017773778393682e-01
 7.2962409539309131e-02   4.3987971367575285e-01
 1.3798024508764981e-01   4.3899097681889571e-01
 2.0557078780403498e-01   4.3741295409863473e-01
 2.6412985035909248e-01   4.3545025464972514e-01
 3.0513096119809346e-01   4.3371438385046962e-01
 3.2338788456604839e-01   4.3283851410063556e-01
 0.0000000000000000e+00   4.3382698970133338e-01
 2.3192384320671298e-02   4.3379412332801531e-01
 7.2558353763299471e-02   4.3349826199095848e-01
 1.3719868771039939e-01   4.3261612065043270e-01
 2.0437763259921463e-01   4.3105012272650806e-01
 2.6256306919532935e-01   4.2910277204043107e-01
 3.0329245176227970e-01   4.2738076522503055e-01
 3.2142553957244546e-01   4.2651198115671335e-01
 0.0000000000000000e+00   4.3055225099769701e-01
 2.3126747704942427e-02   4.3051950712713649e-01
 7.2349685060251301e-02   4.3022476366143436e-01
 1.3679508853093394e-01   4.2934603138163452e-01
 2.0376148951186970e-01   4.2778624867081694e-01
 2.6175400456030939e-01   4.2584683094616493e-01
 3.0234309412306903e-01   4.2413198941788455e-01
 3.2041224986693739e-01   4.2326686732978924e-01
 3.2841333885383911e-01   4.4929302206003108e-01
 3.4666278885244678e-01   4.4834852923045271e-01
 3.8539366727873314e-01   4.4611574922227359e-01
 4.3585782840389131e-01   4.4270481233348552e-01
 4.8797302069407134e-01   4.3851996588617609e-01
 5.3280800160170882e-01   4.3431231286516669e-01
 5.6400676817067119e-01   4.3101267569875484e-01
 5.7784373387519694e-01   4.2944276133851017e-01
 3.2838116072704526e-01   4.4918650732502829e-01
 3.4662858502909560e-01   4.4824213778293337e-01
 3.8535506567371847e-01   4.4600965296618322e-01
 4.3581328369774097e-01   4.4259917629424828e-01
 4.8792206389495818e-01   4.3841490823768892e-01
 5.3275128346926282e-01   4.3420785061708123e-01
 5.6394589506884840e-01   4.3090868936960852e-01
 5.7778097708525156e-01   4.2933900408932457e-01
 3.2808697945083343e-01   4.4821341528627651e-01
 3.4631588566767946e-01   4.4727017297714733e-01
 3.8500216357635336e-01   4.4504038713343580e-01
 4.3540605112531400e-01   4.4163411827018295e-01
 4.8745621267886996e-01   4.3745513845441247e-01
 5.3223276382162710e-01   4.3325352453984450e-01
 5.6338939321498693e-01   4.2995871455298745e-01
 5.7720725611243751e-01   4.2839112370934851e-01
 3.2718630368328477e-01   4.4524192048282502e-01
 3.4535852313470328e-01   4.4430213056630274e-01
 3.8392173606884672e-01   4.4208061084477468e-01
 4.3415931253265544e-01   4.3868722901636836e-01
 4.8603004063671140e-01   4.3452444485197900e-01
 5.3064538405376549e-01   4.3033950224436812e-01
 5.6168576797334069e-01   4.2705801760238615e-01
 5.7545093460937335e-01   4.2549684066841081e-01
 3.2552989050906878e-01   4.3980753988414850e-01
 3.4359787256480184e-01   4.3887410420222278e-01
 3.8193480378059452e-01   4.3666779824076812e-01
 4.3186662103401630e-01   4.3329813401918155e-01
 4.8340752087025396e-01   4.2916515502652214e-01
 5.2772658669891470e-01   4.2501089094469924e-01
 5.5855335691042640e-01   4.2175392612282919e-01
 5.7222169722879002e-01   4.2020455088684566e-01
 3.2338788456604839e-01   4.3283851410063556e-01
 3.4132110578854280e-01   4.3191330501700220e-01
 3.7936551961509218e-01   4.2972669504546562e-01
 4.2890214355270684e-01   4.2638773401814539e-01
 4.8001683730872269e-01   4.2229333529134966e-01
 5.2395314588470177e-01   4.1817877793322406e-01
 5.5450401263014448e-01   4.1495354579033128e-01
 5.6804731054769964e-01   4.1341944296428301e-01
 3.2142553957244546e-01   4.2651198115671335e-01
 3.3923534871211108e-01   4.2559431778762419e-01
 3.7701190189726097e-01   4.2342577286947336e-01
 4.2618669157852823e-01   4.2011497056434227e-01
 4.7691123392086754e-01   4.1605595132387080e-01
 5.2049725878511333e-01   4.1197780237922621e-01
 5.5079569797309313e-01   4.0878166400441268e-01
 5.6422461367186716e-01   4.0726156258033297e-01
 3.2041224986693739e-01   4.2326686732978924e-01
 3.3815834816715695e-01   4.2235310362397355e-01
 3.7579662897354932e-01   4.2019389453356831e-01
 4.2478465830152795e-01   4.1689764357073522e-01
 4.7530785827154154e-01   4.1285690573592365e-01
 5.1871315106480631e-01   4.0879756830274783e-01
 5.4888137246163871e-01   4.0561646096644133e-01
 5.6225129012121344e-01   4.0410359288262326e-01
 5.7784373387519750e-01   4.2944276133850978e-01
 6.7868727504705839e-01   4.1567351282958986e-01
 8.4338679682030926e-01   3.7971140521959562e-01
 9.6659992803240213e-01   3.2312599190360575e-01
 1.0019056889336078e+00   2.5909101361698317e-01
 9.7344771166123589e-01   2.0402372928724802e-01
 9.2973545362970722e-01   1.6758802473488257e-01
 9.0564401240032077e-01   1.5221318463418090e-01
 5.7778097708525267e-01   4.2933900408932413e-01
 6.7860993306837436e-01   4.1557183235224965e-01
 8.4328121865485517e-01   3.7961564604585590e-01
 9.6646569248758285e-01   3.2304078597201502e-01
 1.0017547836140330e+00   2.5901936856423580e-01
 9.7329444784353225e-01   2.0396503843736410e-01
 9.2958699539898726e-01   1.6753854957633407e-01
 9.0549923099032781e-01   1.5216775258550480e-01
 5.7720725611243817e-01   4.2839112370934856e-01
 6.7790289344509580e-01   4.1464293926240559e-01
 8.4231611358139946e-01   3.7874088657129185e-01
 9.6523877408285241e-01   3.2226249473085894e-01
 1.0003757209972826e+00   2.5836501693828817e-01
 9.7189404941275725e-01   2.0342905853926019e-01
 9.2823066194392989e-01   1.6708676583621654e-01
 9.0417655737754088e-01   1.5175290358989482e-01
 5.7545093460937480e-01   4.2549684066841070e-01
 6.7573864004428874e-01   4.1180679862075187e-01
 8.3936263334784200e-01   3.7607047785838571e-01
 9.6148573062073739e-01   3.1988729860030701e-01
 9.9615972254841434e-01   2.5636885785441643e-01
 9.6761526003666198e-01   2.0179464851045628e-01
 9.2408824459956174e-01   1.6570950456463920e-01
 9.0013770096733292e-01   1.5048840446579326e-01
 5.7222169722879090e-01   4.2020455088684516e-01
 6.7176008372337304e-01   4.0662147789749931e-01
 8.3393610625257031e-01   3.7118992862981237e-01
 9.5459667416161742e-01   3.1554911882469122e-01
 9.8843046924194544e-01   2.5272608727790596e-01
 9.5978044427517373e-01   1.9881454469351220e-01
 9.1650990717230796e-01   1.6319983534493879e-01
 8.9275178408886491e-01   1.4818485880700316e-01
 5.6804731054770130e-01   4.1341944296428274e-01
 6.6661848304920590e-01   3.9997476962972689e-01
 8.2692881448828182e-01   3.6493727134934406e-01
 9.4571346331192940e-01   3.0999671850591870e-01
 9.7848231415554987e-01   2.4806966603746669e-01
 9.4971464833405939e-01   1.9500994448961170e-01
 9.0678645000999192e-01   1.5999876520868744e-01
 8.8328079656292324e-01   1.4524791221767752e-01
 5.6422461367186771e-01   4.0726156258033280e-01
 6.6191151363011780e-01   3.9394374300529106e-01
 8.2051943127544191e-01   3.5926714761742140e-01
 9.3760086780584673e-01   3.0496694354298115e-01
 9.6941546126364231e-01   2.4385734731647707e-01
 9.4055846945609689e-01   1.9157283668340619e-01
 8.9795416277632301e-01   1.5710973891024838e-01
 8.7468324050348323e-01   1.4259843360020133e-01
 5.6225129012121355e-01   4.0410359288262315e-01
 6.5948226468364268e-01   3.9085129725470830e-01
 8.1721368765421720e-01   3.5636101467927989e-01
 9.3342143392898691e-01   3.0239100382087647e-01
 9.6475127260449556e-01   2.4170221842351863e-01
 9.3585498225867170e-01   1.8981603679468489e-01
 8.9342166509564513e-01   1.5563412558134399e-01
 8.7027318405141052e-01   1.4124560232312347e-01
 9.0564401240032044e-01   1.5221318463418082e-01
 8.8969235597484542e-01   1.4304620749124852e-01
 8.5322171600828745e-01   1.2423732812422077e-01
 8.0167270667565849e-01   1.0123504881412285e-01
 7.4584833669248218e-01   7.9513768036597987e-02
 6.9777101286495213e-01   6.2631310376883187e-02
 6.6537443346392422e-01   5.1903999591406139e-02
 6.5150577829702838e-01   4.7413943934802673e-02
 9.0549923099032814e-01   1.5216775258550502e-01
 8.8955026221941946e-01   1.4300323002555160e-01
 8.5308635618965267e-01   1.2419949083442043e-01
 8.0154795980664706e-01   1.0120369088627124e-01
 7.4573620916772454e-01   7.9488730397155330e-02
 6.9767052119620254e-01   6.2611327385842977e-02
 6.6528213137651837e-01   5.1887297015095112e-02
 6.5141706119560239e-01   4.7398631079240368e-02
 9.0417655737753844e-01   1.5175290358989468e-01
 8.8825218329023403e-01   1.4261080305330115e-01
 8.5184987838465387e-01   1.2385401524487404e-01
 8.0040852959109743e-01   1.0091739337511520e-01
 7.4471213544742820e-01   7.9260151660181286e-02
 6.9675278896749671e-01   6.2428904336494562e-02
 6.6443923323606024e-01   5.1734826070390295e-02
 6.5060691893883760e-01   4.7258848481446701e-02
 9.0013770096733314e-01   1.5048840446579326e-01
 8.8428888736977584e-01   1.4141474567975912e-01
 8.4807559769426843e-01   1.2280124172021137e-01
 7.9693160255864548e-01   1.0004515283787335e-01
 7.4158823954456510e-01   7.8563920668413861e-02
 6.9395405541446653e-01   6.1873367963451824e-02
 6.6186919293221713e-01   5.1270564092757390e-02
 6.4813695121301063e-01   4.6833245388234142e-02
 8.9275178408886480e-01   1.4818485880700319e-01
 8.7704293468096017e-01   1.3923625774272608e-01
 8.4117883288939788e-01   1.2088443873904914e-01
 7.9058252107734750e-01   9.8457816704331694e-02
 7.3588776200616535e-01   7.7297518713149965e-02
 6.8884988081774934e-01   6.0863298264026186e-02
 6.5718391171772950e-01   5.0426681662569930e-02
 6.4363485814114052e-01   4.6059724332497137e-02
 8.8328079656292324e-01   1.4524791221767747e-01
 8.6775478215390411e-01   1.3645946267528344e-01
 8.3234506662707153e-01   1.1844252588789922e-01
 7.8245832122405912e-01   9.6437060625548424e-02
 7.2860079910574682e-01   7.5686491156482613e-02
 6.8233057270014885e-01   5.9579132913887174e-02
 6.5120292952125514e-01   4.9354232607604652e-02
 6.3788908043883374e-01   4.5076863700705856e-02
 8.7468324050348356e-01   1.4259843360020136e-01
 8.5932643949999343e-01   1.3395514082454593e-01
 8.2433556544196174e-01   1.1624150128508497e-01
 7.7509986412818521e-01   9.4617018431620500e-02
 7.2200753876812473e-01   7.4236591154384149e-02
 6.7643691505156478e-01   5.8424140338431255e-02
 6.4579896713025942e-01   4.8390069908752123e-02
 6.3269886819990973e-01   4.4193404321948036e-02
 8.7027318405141041e-01   1.4124560232312328e-01
 8.5500436597509177e-01   1.3267667632771296e-01
 8.2023065036711085e-01   1.1511833714873264e-01
 7.7133139435397569e-01   9.3688766248020611e-02
 7.1863341063315878e-01   7.3497521130297797e-02
 6.7342259022582451e-01   5.7835662846905826e-02
 6.4303615789500357e-01   4.7898969913094204e-02
 6.3004576900771248e-01   4.3743468942157825e-02
 6.5150577829702838e-01   4.7413943934802673e-02
 6.3830939144476839e-01   4.3171543137437568e-02
 6.1202171882861189e-01   3.4702112395996111e-02
 5.8223258641326736e-01   2.4662324501189398e-02
 5.5842013956505110e-01   1.5248043853096329e-02
 5.4519035439138719e-01   7.6242816476886719e-03
 5.4082642234526834e-01   2.3692842084254710e-03
 5.4034781085367090e-01  -2.5558720642377813e-12
 6.5141706119560239e-01   4.7398631079240368e-02
 6.3822412757115621e-01   4.3157552718604886e-02
 6.1194345132506189e-01   3.4690790240798068e-02
 5.8216242728331480e-01   2.4654216043852858e-02
 5.5835659263002091e-01   1.5242999543119039e-02
 5.4513052920847427e-01   7.6217506435291979e-03
 5.4076783216055502e-01   2.3684967802920015e-03
 5.4028935633669617e-01  -2.1146509742613324e-12
 6.5060691893883760e-01   4.7258848481446701e-02
 6.3744553588212449e-01   4.3029843799221833e-02
 6.1122877829450539e-01   3.4587441124855726e-02
 5.8152182617398673e-01   2.4580204210616248e-02
 5.5777639100305398e-01   1.5196957708682129e-02
 5.4458432236590582e-01   7.5986493246391279e-03
 5.4023290562151050e-01   2.3613096988821533e-03
 5.3975566895628768e-01   1.2125454363349934e-12
 6.4813695121301063e-01   4.6833245388234142e-02
 6.3507194262813449e-01   4.2641022862176886e-02
 6.0905038710403858e-01   3.4272819550766276e-02
 5.7956957624822436e-01   2.4354920844413486e-02
 5.5600848968165251e-01   1.5056825953871419e-02
 5.4292015927912618e-01   7.5283427814978694e-03
 5.3860316262347907e-01   2.3394369498138433e-03
 5.3812970697502149e-01   2.1159746919107688e-12
 6.4363485814114052e-01   4.6059724332497137e-02
 6.3074620764376221e-01   4.1934432213456600e-02
 6.0508168561794828e-01   3.3701198571449056e-02
 5.7601422949021586e-01   2.3945721213788965e-02
 5.5278991059288896e-01   1.4802348196164845e-02
 5.3989101635761949e-01   7.4006823145788573e-03
 5.3563686278094913e-01   2.2997226789868677e-03
 5.3517031004298954e-01  -2.9870579455176375e-12
 6.3788908043883374e-01   4.5076863700705856e-02
 6.2522675109007975e-01   4.1036763269841486e-02
 6.0002008955628516e-01   3.2975237904185009e-02
 5.7148221902668039e-01   2.3426233651281835e-02
 5.4868899581343333e-01   1.4479383530670242e-02
 5.3603246218051903e-01   7.2386933937178422e-03
 5.3185868769513278e-01   2.2493320275946481e-03
 5.3140096345717280e-01   5.5241651213988428e-14
 6.3269886819990973e-01   4.4193404321948036e-02
 6.2024210577699523e-01   4.0230019707398632e-02
 5.9545100759065150e-01   3.2323036967754647e-02
 5.6739331923889147e-01   2.2959714012606266e-02
 5.4499062258120901e-01   1.4189443494161739e-02
 5.3255351024441022e-01   7.0932954220817145e-03
 5.2845248717493787e-01   2.2041051822368095e-03
 5.2800275306264999e-01   3.2669054847110019e-12
 6.3004576900771248e-01   4.3743468942157825e-02
 6.1769447619497331e-01   3.9819205311219637e-02
 5.9311647629013753e-01   3.1991001406478488e-02
 5.6530484636106404e-01   2.2722275985412186e-02
 5.4310213720344380e-01   1.4041910761598454e-02
 5.3077734204459071e-01   7.0193209451054825e-03
 5.2671355159999511e-01   2.1810960088245387e-03
 5.2626790644599220e-01   2.9382037461751700e-12
 5.4034781085367090e-01  -2.5558720642377813e-12
 5.4082642234390987e-01  -2.3692842125440905e-03
 5.4519035438937946e-01  -7.6242816454802596e-03
 5.5842013956675463e-01  -1.5248043849448906e-02
 5.8223258641349929e-01  -2.4662324506035036e-02
 6.1202171882606660e-01  -3.4702112395727222e-02
 6.3830939144540999e-01  -4.3171543132572869e-02
 6.5150577829954615e-01  -4.7413943930684620e-02
 5.4028935633669617e-01  -2.1146509742613324e-12
 5.4076783216067692e-01  -2.3684967837558414e-03
 5.4513052920951366e-01  -7.6217506420057785e-03
 5.5835659263190951e-01  -1.5242999539811898e-02
 5.8216242728078704e-01  -2.4654216047306061e-02
 6.1194345132209604e-01  -3.4690790241534722e-02
 6.3822412757363878e-01  -4.3157552715348123e-02
 6.5141706120043219e-01  -4.7398631075946038e-02
 5.3975566895628768e-01   1.2125454363349934e-12
 5.4023290562415249e-01  -2.3613096970172527e-03
 5.4458432237112797e-01  -7.5986493261687776e-03
 5.5777639100289067e-01  -1.5196957709964381e-02
 5.8152182616972359e-01  -2.4580204207457344e-02
 6.1122877829455857e-01  -3.4587441126493063e-02
 6.3744553588474284e-01  -4.3029843802717495e-02
 6.5060691894167033e-01  -4.7258848483557964e-02
 5.3812970697502149e-01   2.1159746919107688e-12
 5.3860316262346208e-01  -2.3394369463493330e-03
 5.4292015927806681e-01  -7.5283427830227729e-03
 5.5600848967908600e-01  -1.5056825957153241e-02
 5.7956957625109362e-01  -2.4354920841058215e-02
 6.0905038710841430e-01  -3.4272819550123505e-02
 6.3507194262568811e-01  -4.2641022865251975e-02
 6.4813695120720349e-01  -4.6833245391250208e-02
 5.3517031004298954e-01  -2.9870579455176375e-12
 5.3563686277896139e-01  -2.2997226837696409e-03
 5.3989101635447101e-01  -7.4006823118356645e-03
 5.5278991059476845e-01  -1.4802348192069797e-02
 5.7601422949096726e-01  -2.3945721219712730e-02
 6.0508168561545983e-01  -3.3701198570610762e-02
 6.3074620764478417e-01  -4.1934432207458308e-02
 6.4363485814404398e-01  -4.6059724327738839e-02
 5.3140096345717280e-01   5.5241651213988428e-14
 5.3185868769658040e-01  -2.2493320275831282e-03
 5.3603246218407408e-01  -7.2386933942073005e-03
 5.4868899581541974e-01  -1.4479383530446163e-02
 5.7148221902287277e-01  -2.3426233650212208e-02
 6.0002008955214048e-01  -3.2975237905309276e-02
 6.2522675109178849e-01  -4.1036763271410981e-02
 6.3788908044374815e-01  -4.5076863701583182e-02
 5.2800275306264999e-01   3.2669054847110019e-12
 5.2845248717593829e-01  -2.2041051769768165e-03
 5.3255351024542197e-01  -7.0932954249302059e-03
 5.4499062257925091e-01  -1.4189443498825137e-02
 5.6739331924072411e-01  -2.2959714006405826e-02
 5.9545100759270875e-01  -3.2323036968116892e-02
 6.2024210577306471e-01  -4.0230019713605715e-02
 6.3269886819421028e-01  -4.4193404327203097e-02
 5.2626790644599220e-01   2.9382037461751700e-12
 5.2671355159990663e-01  -2.1810960040450460e-03
 5.3077734204301230e-01  -7.0193209473882519e-03
 5.4310213720026201e-01  -1.4041910765981470e-02
 5.6530484636556866e-01  -2.2722275980470250e-02
 5.9311647629476993e-01  -3.1991001406109387e-02
 6.1769447618981010e-01  -3.9819205315832329e-02
 6.3004576899878550e-01  -4.3743468946329730e-02
 6.5150577829954615e-01  -4.7413943930684620e-02
 6.6537443346749592e-01  -5.1903999589724518e-02
 6.9777101286607668e-01  -6.2631310381045607e-02
 7.4584833668764905e-01  -7.9513768036752253e-02
 8.0167270667846013e-01  -1.0123504881072901e-01
 8.5322171601251096e-01  -1.2423732812822133e-01
 8.8969235597059226e-01  -1.4304620749249325e-01
 9.0564401239364445e-01  -1.5221318463238556e-01
 6.5141706120043219e-01  -4.7398631075946038e-02
 6.6528213138240133e-01  -5.1887297013077503e-02
 6.9767052119825146e-01  -6.2611327388080285e-02
 7.4573620916080674e-01  -7.9488730398074137e-02
 8.0154795980751947e-01  -1.0120369088373246e-01
 8.5308635619699180e-01  -1.2419949083679178e-01
 8.8955026221922551e-01  -1.4300323002708243e-01
 9.0549923098593033e-01  -1.5216775258497317e-01
 6.5060691894167033e-01  -4.7258848483557964e-02
 6.6443923323862941e-01  -5.1734826070196138e-02
 6.9675278896871495e-01  -6.2428904332670947e-02
 7.4471213544568649e-01  -7.9260151661392192e-02
 8.0040852958720743e-01  -1.0091739337706870e-01
 8.5184987838827453e-01  -1.2385401524156366e-01
 8.8825218329799560e-01  -1.4261080305364396e-01
 9.0417655738327241e-01  -1.5175290359234161e-01
 6.4813695120720349e-01  -4.6833245391250208e-02
 6.6186919292452706e-01  -5.1270564094496970e-02
 6.9395405541086452e-01  -6.1873367961329535e-02
 7.4158823955390463e-01  -7.8563920667967066e-02
 7.9693160255838058e-01  -1.0004515283986466e-01
 8.4807559768323948e-01  -1.2280124171776070e-01
 8.8428888736986822e-01  -1.4141474567910051e-01
 9.0013770097427737e-01  -1.5048840446717038e-01
 6.4363485814404398e-01  -4.6059724327738839e-02
 6.5718391172140178e-01  -5.0426681661021669e-02
 6.8884988081756338e-01  -6.0863298269409151e-02
 7.3588776200048778e-01  -7.7297518712787408e-02
 7.9058252108363980e-01  -9.8457816700577960e-02
 8.4117883289274276e-01  -1.2088443874400931e-01
 8.7704293467126671e-01  -1.3923625774340179e-01
 8.9275178407734668e-01  -1.4818485880411236e-01
 6.3788908044374815e-01  -4.5076863701583182e-02
 6.5120292952853531e-01  -4.9354232607437237e-02
 6.8233057270604958e-01  -5.9579132911999164e-02
 7.2860079909777353e-01  -7.5686491156571375e-02
 7.8245832121891445e-01  -9.6437060627099877e-02
 8.3234506664064001e-01  -1.1844252588693553e-01
 8.6775478216138013e-01  -1.3645946267431916e-01
 8.8328079656134650e-01  -1.4524791221730926e-01
 6.3269886819421028e-01  -4.4193404327203097e-02
 6.4579896712485274e-01  -4.8390069910922387e-02
 6.7643691505382553e-01  -5.8424140333247686e-02
 7.2200753877593127e-01  -7.4236591154165407e-02
 7.7509986411871645e-01  -9.4617018435686345e-02
 8.2433556543926301e-01  -1.1624150128047206e-01
 8.5932643951283472e-01  -1.3395514082343843e-01
 8.7468324051716440e-01  -1.4259843360255234e-01
 6.3004576899878550e-01  -4.3743468946329730e-02
 6.4303615788493074e-01  -4.7898969915130138e-02
 6.7342259022441819e-01  -5.7835662843431765e-02
 7.1863341064606834e-01  -7.3497521130120230e-02
 7.7133139434776743e-01  -9.3688766250601963e-02
 8.2023065035583020e-01  -1.1511833714520846e-01
 8.5500436598324059e-01  -1.3267667632753427e-01
 8.7027318406615128e-01  -1.4124560232564520e-01
 9.0564401239364367e-01  -1.5221318463238542e-01
 9.2973545362507692e-01  -1.6758802473074524e-01
 9.7344771166871780e-01  -2.0402372929128368e-01
 1.0019056889266620e+00  -2.5909101361302794e-01
 9.6659992803243655e-01  -3.2312599190164210e-01
 8.4338679682805762e-01  -3.7971140522386032e-01
 6.7868727503938309e-01  -4.1567351282946235e-01
 5.7784373387986487e-01  -4.2944276134273229e-01
 9.0549923098592988e-01  -1.5216775258497317e-01
 9.2958699539176859e-01  -1.6753854957334502e-01
 9.7329444784762364e-01  -2.0396503843983399e-01
 1.0017547836108474e+00  -2.5901936856084057e-01
 9.6646569249156511e-01  -3.2304078597344266e-01
 8.4328121865055694e-01  -3.7961564604825698e-01
 6.7860993307264239e-01  -4.1557183235018164e-01
 5.7778097708186871e-01  -4.2933900409078529e-01
 9.0417655738327196e-01  -1.5175290359234145e-01
 9.2823066194138959e-01  -1.6708676583880100e-01
 9.7189404940503532e-01  -2.0342905853598134e-01
 1.0003757210055504e+00  -2.5836501693990382e-01
 9.6523877408905467e-01  -3.2226249473688867e-01
 8.4231611355958136e-01  -3.7874088656752614e-01
 6.7790289346689936e-01  -4.1464293925914630e-01
 5.7720725609783952e-01  -4.2839112370408905e-01
 9.0013770097427714e-01  -1.5048840446717018e-01
 9.2408824461137451e-01  -1.6570950456766037e-01
 9.6761526002844189e-01  -2.0179464850737727e-01
 9.9615972255740326e-01  -2.5636885785797292e-01
 9.6148573061244291e-01  -3.1988729860022619e-01
 8.3936263334781458e-01  -3.7607047785538161e-01
 6.7573864004765183e-01  -4.1180679862226810e-01
 5.7545093461127284e-01  -4.2549684066615079e-01
 8.9275178407734623e-01  -1.4818485880411228e-01
 9.1650990716793490e-01  -1.6319983534025523e-01
 9.5978044428835363e-01  -1.9881454469870749e-01
 9.8843046922946731e-01  -2.5272608727382462e-01
 9.5459667415819738e-01  -3.1554911881946440e-01
 8.3393610627300163e-01  -3.7118992863543110e-01
 6.7176008370328189e-01  -4.0662147789951469e-01
 5.7222169724237826e-01  -4.2020455089332381e-01
 8.8328079656134595e-01  -1.4524791221730901e-01
 9.0678644999540647e-01  -1.5999876520911638e-01
 9.4971464833836505e-01  -1.9500994448984288e-01
 9.7848231414773179e-01  -2.4806966603678854e-01
 9.4571346332893291e-01  -3.0999671850798660e-01
 8.2692881447988986e-01  -3.6493727134921000e-01
 6.6661848304924032e-01  -3.9997476962768913e-01
 5.6804731053825186e-01  -4.1341944296308819e-01
 8.7468324051716440e-01  -1.4259843360255239e-01
 8.9795416277958451e-01  -1.5710973891479066e-01
 9.4055846944275956e-01  -1.9157283667868460e-01
 9.6941546127408396e-01  -2.4385734732049830e-01
 9.3760086781323881e-01  -3.0496694354746151e-01
 8.2051943125692584e-01  -3.5926714761226036e-01
 6.6191151364478140e-01  -3.9394374300365720e-01
 5.6422461365826226e-01  -4.0726156257446239e-01
 8.7027318406615084e-01  -1.4124560232564512e-01
 8.9342166510820975e-01  -1.5563412558510148e-01
 9.3585498224250308e-01  -1.8981603679020642e-01
 9.6475127262014393e-01  -2.4170221842748621e-01
 9.3342143392546528e-01  -3.0239100382415268e-01
 8.1721368764071234e-01  -3.5636101467459913e-01
 6.5948226469880766e-01  -3.9085129725418766e-01
 5.6225129011348773e-01  -4.0410359287783076e-01
 5.7784373387986432e-01  -4.2944276134273263e-01
 5.6400676817672357e-01  -4.3101267570203228e-01
 5.3280800160923480e-01  -4.3431231286552519e-01
 4.8797302069942833e-01  -4.3851996588252434e-01
 4.3585782840276599e-01  -4.4270481232901404e-01
 3.8539366727250424e-01  -4.4611574922150238e-01
 3.4666278884590163e-01  -4.4834852923324925e-01
 3.2841333884840723e-01  -4.4929302206397265e-01
 5.7778097708186760e-01  -4.2933900409078557e-01
 5.6394589506466364e-01  -4.3090868937131771e-01
 5.3275128346426714e-01  -4.3420785061882605e-01
 4.8792206389146914e-01  -4.3841490823843549e-01
 4.3581328369864236e-01  -4.4259917629343593e-01
 3.8535506567824562e-01  -4.4600965296484746e-01
 3.4662858503395855e-01  -4.4824213778213196e-01
 3.2838116073114609e-01  -4.4918650732466026e-01
 5.7720725609783841e-01  -4.2839112370408927e-01
 5.6338939319638226e-01  -4.2995871454989765e-01
 5.3223276379882134e-01  -4.3325352454220079e-01
 4.8745621266275491e-01  -4.3745513846245565e-01
 4.3540605112903974e-01  -4.4163411827706006e-01
 3.8500216359598965e-01  -4.4504038713257243e-01
 3.4631588568846566e-01  -4.4727017297061256e-01
 3.2808697946817755e-01  -4.4821341527837483e-01
 5.7545093461127195e-01  -4.2549684066615140e-01
 5.6168576797401970e-01  -4.2705801760024442e-01
 5.3064538405181971e-01  -4.3033950224308914e-01
 4.8603004063271932e-01  -4.3452444485260033e-01
 4.3415931252996465e-01  -4.3868722901831070e-01
 3.8392173606963403e-01  -4.4208061084597322e-01
 3.4535852313756771e-01  -4.4430213056607232e-01
 3.2718630368652968e-01  -4.4524192048195621e-01
 5.7222169724237759e-01  -4.2020455089332415e-01
 5.5855335692761665e-01  -4.2175392612721396e-01
 5.2772658671969941e-01  -4.2501089094342898e-01
 4.8340752088455369e-01  -4.2916515501865427e-01
 4.3186662103014356e-01  -4.3329813401150835e-01
 3.8193480376267219e-01  -4.3666779824084778e-01
 3.4359787254628243e-01  -4.3887410420858514e-01
 3.2552989049383513e-01  -4.3980753989222188e-01
 5.6804731053825197e-01  -4.1341944296308875e-01
 5.5450401262229487e-01  -4.1495354579001409e-01
 5.2395314588192565e-01  -4.1817877793486752e-01
 4.8001683731346168e-01  -4.2229333529460505e-01
 4.2890214356084500e-01  -4.2638773402029750e-01
 3.7936551961937492e-01  -4.2972669504455452e-01
 3.4132110578760355e-01  -4.3191330501423458e-01
 3.2338788456292356e-01  -4.3283851409755042e-01
 5.6422461365826160e-01  -4.0726156257446250e-01
 5.5079569795759165e-01  -4.0878166400042071e-01
 5.2049725876924158e-01  -4.1197780238034432e-01
 4.7691123391290818e-01  -4.1605595133101109e-01
 4.2618669158490335e-01  -4.2011497057138036e-01
 3.7701190191170170e-01  -4.2342577286949934e-01
 3.3923534872452438e-01  -4.2559431778192003e-01
 3.2142553958153902e-01  -4.2651198114943734e-01
 5.6225129011348696e-01  -4.0410359287783104e-01
 5.4888137245086965e-01  -4.0561646096295384e-01
 5.1871315105022830e-01  -4.0879756830300851e-01
 4.7530785826009486e-01  -4.1285690574092399e-01
 4.2478465830265383e-01  -4.1689764357615944e-01
 3.7579662898566035e-01  -4.2019389453403649e-01
 3.3815834818070284e-01  -4.2235310362009298e-01
 3.2041224987851641e-01  -4.2326686732462593e-01
 3.2841333884840723e-01  -4.4929302206397265e-01
 3.0983913227367005e-01  -4.5018699917351718e-01
 2.6814192978785711e-01  -4.5195829706318275e-01
 2.0862599368357579e-01  -4.5396021423393451e-01
 1.3998150044459376e-01  -4.5556895917332302e-01
 7.3996768857353956e-02  -4.5647454717280650e-01
 2.3644397492212543e-02  -4.5677809776940742e-01
 0.0000000000000000e+00  -4.5681180616910166e-01
 3.2838116073114609e-01  -4.4918650732466026e-01
 3.0980898645719218e-01  -4.5008036866991380e-01
 2.6811624203188178e-01  -4.5185144007458405e-01
 2.0860643254203615e-01  -4.5385310653788902e-01
 1.3996868672027823e-01  -4.5546165507490682e-01
 7.3990148532296143e-02  -4.5636713532077927e-01
 2.3642321148192074e-02  -4.5667065055976708e-01
 0.0000000000000000e+00  -4.5670435508788304e-01
 3.2808697946817755e-01  -4.4821341527837483e-01
 3.0953338387777579e-01  -4.4910621817688012e-01
 2.6788139537800898e-01  -4.5087521878699643e-01
 2.0842760156978490e-01  -4.5287459295862537e-01
 1.3985154754158663e-01  -4.5448134575914007e-01
 7.3929611815325730e-02  -4.5538584091936679e-01
 2.3623312799866594e-02  -4.5568903298901264e-01
 0.0000000000000000e+00  -4.5572270211953825e-01
 3.2718630368652968e-01  -4.4524192048195621e-01
 3.0868958177373712e-01  -4.4613148164803290e-01
 2.6716236541604382e-01  -4.4789413992088412e-01
 2.0788008834255012e-01  -4.4988649326905306e-01
 1.3949293518845632e-01  -4.5148774621268262e-01
 7.3744216578226246e-02  -4.5238922489777506e-01
 2.3565004944982412e-02  -4.5269142780848914e-01
 0.0000000000000000e+00  -4.5272498853877963e-01
 3.2552989049383513e-01  -4.3980753989222188e-01
 3.0713775231839890e-01  -4.4069113449602704e-01
 2.6583997984215635e-01  -4.4244211928111560e-01
 2.0687309844148172e-01  -4.4442155028396763e-01
 1.3883333129968559e-01  -4.4601268037647229e-01
 7.3403296350138467e-02  -4.4690860686217398e-01
 2.3457900637789578e-02  -4.4720898898192984e-01
 0.0000000000000000e+00  -4.4724235038853011e-01
 3.2338788456292356e-01  -4.3283851409755042e-01
 3.0513096119333644e-01  -4.3371438384752747e-01
 2.6412985035370640e-01  -4.3545025464864895e-01
 2.0557078780381888e-01  -4.3741295410110220e-01
 1.3798024509099147e-01  -4.3899097681983551e-01
 7.2962409538048681e-02  -4.3987971367349593e-01
 2.3319450672764974e-02  -4.4017773778556585e-01
 0.0000000000000000e+00  -4.4021084111467601e-01
 3.2142553958153902e-01  -4.2651198114943734e-01
 3.0329245176693559e-01  -4.2738076521730056e-01
 2.6256306918916372e-01  -4.2910277203610631e-01
 2.0437763258707964e-01  -4.3105012273169097e-01
 1.3719868771275412e-01  -4.3261612065380206e-01
 7.2558353771276632e-02  -4.3349826198518171e-01
 2.3192384314478353e-02  -4.3379412333169548e-01
 0.0000000000000000e+00  -4.3382698969969941e-01
 3.2041224987851641e-01  -4.2326686732462593e-01
 3.0234309413114563e-01  -4.2413198941224250e-01
 2.6175400455756326e-01  -4.2584683094274922e-01
 2.0376148949939465e-01  -4.2778624867439363e-01
 1.3679508853111247e-01  -4.2934603138427097e-01
 7.2349685069423617e-02  -4.3022476365725504e-01
 2.3126747698535958e-02  -4.3051950712974074e-01
 0.0000000000000000e+00  -4.3055225099662020e-01
 0.0000000000000000e+00   4.3055225099769701e-01
 2.3126747704942427e-02   4.3051950712713649e-01
 7.2349685060251301e-02   4.3022476366143436e-01
 1.3679508853093394e-01   4.2934603138163452e-01
 2.0376148951186970e-01   4.2778624867081694e-01
 2.6175400456030939e-01   4.2584683094616493e-01
 3.0234309412306903e-01   4.2413198941788455e-01
 3.2041224986693739e-01   4.2326686732978924e-01
 0.0000000000000000e+00   4.2705587384963095e-01
 2.3056372583191057e-02   4.2702326145248609e-01
 7.2125849449340307e-02   4.2672971806961668e-01
 1.3636211272314325e-01   4.2585464522873329e-01
 2.0310052261918016e-01   4.2430153387196884e-01
 2.6088610655948430e-01   4.2237063112454704e-01
 3.0132471835717078e-01   4.2066348042234442e-01
 3.1932530265880116e-01   4.1980228884140469e-01
 0.0000000000000000e+00   4.1864708047165794e-01
 2.2885891599638535e-02   4.1861478712995193e-01
 7.1583033101572741e-02   4.1832415824984137e-01
 1.3531187909236236e-01   4.1745797094830750e-01
 2.0149738930844094e-01   4.1592105681368574e-01
 2.5878119631136226e-01   4.1401082663648620e-01
 2.9885492775356348e-01   4.1232234702977133e-01
 3.1668924602715331e-01   4.1147069732414343e-01
 0.0000000000000000e+00   4.0543086869441436e-01
 2.2613699465452185e-02   4.0539908560107041e-01
 7.0716279087499209e-02   4.0511311866458211e-01
 1.3363490395881250e-01   4.0426114426315524e-01
 1.9893770960008905e-01   4.0275013738759480e-01
 2.5542057176269178e-01   4.0087297045235437e-01
 2.9491198161661170e-01   3.9921435061109778e-01
 3.1248098782946110e-01   3.9837795986767616e-01
 0.0000000000000000e+00   3.8863266703820787e-01
 2.2259061641552232e-02   3.8860154937910285e-01
 6.9588750133718166e-02   3.8832165637229443e-01
 1.3145423288426256e-01   3.8748820421546787e-01
 1.9560923263222324e-01   3.8601096079248476e-01
 2.5105086984785818e-01   3.8417687814876261e-01
 2.8978557309985259e-01   3.8255716277769797e-01
 3.0700990228744635e-01   3.8174065112800493e-01
 0.0000000000000000e+00   3.7111488773203066e-01
 2.1879397422061974e-02   3.7108448475053368e-01
 6.8380075972140422e-02   3.7081111973131203e-01
 1.2911605313443592e-01   3.6999756779707327e-01
 1.9204088506836500e-01   3.6855659169640681e-01
 2.4636695535210612e-01   3.6676878116062267e-01
 2.8429112302031184e-01   3.6519084248964079e-01
 3.0114633508204136e-01   3.6439567520293203e-01
 0.0000000000000000e+00   3.5694298389645901e-01
 2.1563866532327763e-02   3.5691317580925064e-01
 6.7375243391848708e-02   3.5664524531143599e-01
 1.2717215928972742e-01   3.5584825782271834e-01
 1.8907459352532532e-01   3.5443746544541593e-01
 2.4247381384630448e-01   3.5268815912644325e-01
 2.7972477884778751e-01   3.5114497829824093e-01
 2.9627348946102672e-01   3.5036756726891932e-01
 0.0000000000000000e+00   3.5006649839187248e-01
 2.1407591769164538e-02   3.5003698478364642e-01
 6.6878167805246982e-02   3.4977174236928388e-01
 1.2621083327102578e-01   3.4898294963663345e-01
 1.8760767677780862e-01   3.4758708989934156e-01
 2.4054865927787430e-01   3.4585683045255555e-01
 2.7746690493248061e-01   3.4433084108742146e-01
 2.9386416481388000e-01   3.4356221164923023e-01
 3.2041224986693739e-01   4.2326686732978924e-01
 3.3815834816715695e-01   4.2235310362397355e-01
 3.7579662897354932e-01   4.2019389453356831e-01
 4.2478465830152795e-01   4.1689764357073522e-01
 4.7530785827154154e-01   4.1285690573592365e-01
 5.1871315106480631e-01   4.0879756830274783e-01
 5.4888137246163871e-01   4.0561646096644133e-01
 5.6225129012121344e-01   4.0410359288262326e-01
 3.1932530265880116e-01   4.1980228884140469e-01
 3.3700306853102496e-01   4.1889271070659045e-01
 3.7449305432215324e-01   4.1674352170109275e-01
 4.2328080634508430e-01   4.1346288800130271e-01
 4.7358812105189302e-01   4.0944176968402801e-01
 5.1679965536996653e-01   4.0540261946568906e-01
 5.4682829111418307e-01   4.0223764152403041e-01
 5.6013497172616755e-01   4.0073253506174394e-01
 3.1668924602715331e-01   4.1147069732414343e-01
 3.3420133273437108e-01   4.1057128006375998e-01
 3.7133179563697838e-01   4.0844641487236771e-01
 4.1963409224387216e-01   4.0520368954637592e-01
 4.6941825115496882e-01   4.0123018984584824e-01
 5.1216037105657719e-01   3.9724003079861947e-01
 5.4185091168735289e-01   3.9411419249200674e-01
 5.5500444647441449e-01   3.9262791918666401e-01
 3.1248098782946110e-01   3.9837795986767616e-01
 3.2972872416515875e-01   3.9749479077775196e-01
 3.6628564426529320e-01   3.9540881877699591e-01
 4.1381373714822400e-01   3.9222670005590610e-01
 4.6276392351304912e-01   3.8832931757200301e-01
 5.0475810434064794e-01   3.8441745369831021e-01
 5.3391018411336666e-01   3.8135415465870381e-01
 5.4681988673643067e-01   3.7989797021557375e-01
 3.0700990228744635e-01   3.8174065112800493e-01
 3.2391426286412339e-01   3.8087864847987707e-01
 3.5972636041798722e-01   3.7884333687484212e-01
 4.0624945386651801e-01   3.7574014576394649e-01
 4.5411768542036435e-01   3.7194186344200147e-01
 4.9514221834276145e-01   3.6813190412375385e-01
 5.2359669839898815e-01   3.6514997991298936e-01
 5.3619064921327231e-01   3.6373293929722983e-01
 3.0114633508204136e-01   3.6439567520293203e-01
 3.1768303328867870e-01   3.6355639737408013e-01
 3.5269787540077296e-01   3.6157546850000921e-01
 3.9814585225232435e-01   3.5855698301429989e-01
 4.4485757090995598e-01   3.5486501896782885e-01
 4.8484654980986036e-01   3.5116434425723220e-01
 5.1255660804576009e-01   3.4826965747970001e-01
 5.2481379207965129e-01   3.4689457111811878e-01
 2.9627348946102672e-01   3.5036756726891932e-01
 3.1250494688398456e-01   3.4954719255630728e-01
 3.4685809315460736e-01   3.4761149427348209e-01
 3.9141425889552006e-01   3.4466344116598335e-01
 4.3716739202606708e-01   3.4105984937268402e-01
 4.7629879604792935e-01   3.3744997680284800e-01
 5.0339287161381974e-01   3.3462774776136678e-01
 5.1537154207913560e-01   3.3328749963223009e-01
 2.9386416481388000e-01   3.4356221164923023e-01
 3.0994481419802450e-01   3.4275118516114406e-01
 3.4397110915754942e-01   3.4083785261472943e-01
 3.8808691371882692e-01   3.3792462069834761e-01
 4.3336695551494198e-01   3.3436470849195310e-01
 4.7207538177400993e-01   3.3079970387248664e-01
 4.9886581742710850e-01   3.2801326909661349e-01
 5.1070725227413638e-01   3.2669022822613980e-01
 5.6225129012121355e-01   4.0410359288262315e-01
 6.5948226468364268e-01   3.9085129725470830e-01
 8.1721368765421720e-01   3.5636101467927989e-01
 9.3342143392898691e-01   3.0239100382087647e-01
 9.6475127260449556e-01   2.4170221842351863e-01
 9.3585498225867170e-01   1.8981603679468489e-01
 8.9342166509564513e-01   1.5563412558134399e-01
 8.7027318405141052e-01   1.4124560232312347e-01
 5.6013497172616789e-01   4.0073253506174322e-01
 6.5687739732045314e-01   3.8755054067164463e-01
 8.1367058135482717e-01   3.5326007417897803e-01
 9.2894553551399206e-01   2.9964389566728916e-01
 9.5976142642881612e-01   2.3940550826526363e-01
 9.3082809911659836e-01   1.8794510491692182e-01
 8.8858097259752356e-01   1.5406342845220825e-01
 8.6556473530329647e-01   1.3980591840961229e-01
 5.5500444647441449e-01   3.9262791918666362e-01
 6.5056430007676136e-01   3.7961647101601637e-01
 8.0509063798334712e-01   3.4581039230736949e-01
 9.1812246475295189e-01   2.9305068916077232e-01
 9.4771788695078363e-01   2.3390018343730429e-01
 9.1871647496776765e-01   1.8346580032228213e-01
 8.7693249251093253e-01   1.5030621269533037e-01
 8.5424068298354261e-01   1.3636343350063160e-01
 5.4681988673643034e-01   3.7989797021557392e-01
 6.4049868582735414e-01   3.6715888656826079e-01
 7.9143179155483168e-01   3.3412531303909537e-01
 9.0093925210212344e-01   2.8272769517388846e-01
 9.2866227144852864e-01   2.2530034223764880e-01
 8.9961455660047096e-01   1.7648410109237284e-01
 8.5860235254412265e-01   1.4445926150270919e-01
 8.3643850653658702e-01   1.3101002353711730e-01
 5.3619064921327331e-01   3.6373293929722961e-01
 6.2743700223833021e-01   3.5134797374904836e-01
 7.7374706246100033e-01   3.1931672236074210e-01
 8.7877826493226185e-01   2.6967910893401675e-01
 9.0420576454614210e-01   2.1446530149725687e-01
 8.7520818112331633e-01   1.6771482318513739e-01
 8.3525409000827100e-01   1.3713132292213831e-01
 8.1379262776453620e-01   1.2430710587893050e-01
 5.2481379207965206e-01   3.4689457111811850e-01
 6.1347020824293363e-01   3.3488886432885706e-01
 7.5488856382986247e-01   3.0392835298356624e-01
 8.5525718676659190e-01   2.5616131748561932e-01
 8.7839626705562923e-01   2.0328345579926499e-01
 8.4958319198980814e-01   1.5869688769115967e-01
 8.1082377505042480e-01   1.2961430187609901e-01
 7.9013118186411035e-01   1.1743870275464240e-01
 5.1537154207913716e-01   3.3328749963222959e-01
 6.0188965555147234e-01   3.2159648471802343e-01
 7.3929414522519110e-01   2.9152213393730519e-01
 8.3589561226136933e-01   2.4529535594349380e-01
 8.5726554985748571e-01   1.9432757382256255e-01
 8.2870175689719072e-01   1.5149786993500014e-01
 7.9097600391825151e-01   1.2362709096657767e-01
 7.7093170435903635e-01   1.1197349903204086e-01
 5.1070725227413649e-01   3.2669022822613952e-01
 5.9617300751136537e-01   3.1515456077827336e-01
 7.3161056232445920e-01   2.8551685678253969e-01
 8.2638583158516010e-01   2.4004629833945856e-01
 8.4692463243226013e-01   1.9001176219863777e-01
 8.1851421309240047e-01   1.4803627406331163e-01
 7.8131130898933565e-01   1.2075248583725358e-01
 7.6158976596685246e-01   1.0935121204570614e-01
 8.7027318405141041e-01   1.4124560232312328e-01
 8.5500436597509177e-01   1.3267667632771296e-01
 8.2023065036711085e-01   1.1511833714873264e-01
 7.7133139435397569e-01   9.3688766248020611e-02
 7.1863341063315878e-01   7.3497521130297797e-02
 6.7342259022582451e-01   5.7835662846905826e-02
 6.4303615789500357e-01   4.7898969913094204e-02
 6.3004576900771248e-01   4.3743468942157825e-02
 8.6556473530329603e-01   1.3980591840961243e-01
 8.5039073410462562e-01   1.3131631883345465e-01
 8.1585058346582684e-01   1.1392357367624266e-01
 7.6731237001468977e-01   9.2701709908670216e-02
 7.1503674291761488e-01   7.2711929324650301e-02
 6.7021073904524775e-01   5.7210339381935441e-02
 6.4009305966971530e-01   4.7377229996620675e-02
 6.2721984363443450e-01   4.3265504591004790e-02
 8.5424068298354250e-01   1.3636343350063157e-01
 8.3929840738525741e-01   1.2806428921716365e-01
 8.0532712723114053e-01   1.1106885158736977e-01
 7.5766480205246944e-01   9.0344815239956855e-02
 7.0641037424528563e-01   7.0837327748776852e-02
 6.6251249396235434e-01   5.5718988039503814e-02
 6.3304196763243181e-01   4.6133368158618022e-02
 6.2045066692886131e-01   4.2126182586598247e-02
 8.3643850653658702e-01   1.3101002353711719e-01
 8.2187083175682707e-01   1.2300922753036207e-01
 7.8881365609319987e-01   1.0663541008937570e-01
 7.4254892167815634e-01   8.6688791510450752e-02
 6.9291418030153096e-01   6.7932857155497878e-02
 6.5048183499168211e-01   5.3410557456180875e-02
 6.2203024230538384e-01   4.4209256984207565e-02
 6.0988214961374743e-01   4.0364264888069865e-02
 8.1379262776453598e-01   1.2430710587893046e-01
 7.9971897854096041e-01   1.1668358930014414e-01
 7.6785774759511893e-01   1.0109451503339306e-01
 7.2340434558791167e-01   8.2126763910559217e-02
 6.7585176743841036e-01   6.4314373240800277e-02
 6.3529210543895520e-01   5.0538380051574301e-02
 6.0813744024627281e-01   4.1817308562738270e-02
 5.9655232960898930e-01   3.8174746254448784e-02
 7.9013118186411013e-01   1.1743870275464237e-01
 7.7659329705624403e-01   1.1020605829259121e-01
 7.4601787542154607e-01   9.5428431972563621e-02
 7.0349188926108575e-01   7.7469881323016090e-02
 6.5813509837866868e-01   6.0627102335497798e-02
 6.1953714516460257e-01   4.7615766936717784e-02
 5.9373518642516776e-01   3.9385631182623081e-02
 5.8273595428093439e-01   3.5949743716417196e-02
 7.7093170435903668e-01   1.1197349903204092e-01
 7.5784194352649326e-01   1.0505494600092924e-01
 7.2833390123197916e-01   9.0928219766002835e-02
 6.8739336311916321e-01   7.3777030612890926e-02
 6.4382838370245354e-01   5.7707665634996207e-02
 6.0682170551863124e-01   4.5304653983495126e-02
 5.8211278461197546e-01   3.7464308767563771e-02
 5.7158601785661500e-01   3.4192328878029046e-02
 7.6158976596685279e-01   1.0935121204570619e-01
 7.4872197989609290e-01   1.0258432473336988e-01
 7.1974012683596067e-01   8.8771533998062355e-02
 6.7957661206990383e-01   7.2009061559211163e-02
 6.3688527699235364e-01   5.6311358853677225e-02
 6.0065149089407743e-01   4.4200178903837414e-02
 5.7647214363669452e-01   3.6546591081203450e-02
 5.6617398948076403e-01   3.3353085930663141e-02
 6.3004576900771248e-01   4.3743468942157825e-02
 6.1769447619497331e-01   3.9819205311219637e-02
 5.9311647629013753e-01   3.1991001406478488e-02
 5.6530484636106404e-01   2.2722275985412186e-02
 5.4310213720344380e-01   1.4041910761598454e-02
 5.3077734204459071e-01   7.0193209451054825e-03
 5.2671355159999511e-01   2.1810960088245387e-03
 5.2626790644599220e-01   2.9382037461751700e-12
 6.2721984363443450e-01   4.3265504591004790e-02
 6.1498116490453658e-01   3.9382836120195316e-02
 5.9063061406430128e-01   3.1638371531100350e-02
 5.6308148201379193e-01   2.2470160249551487e-02
 5.4109202626895925e-01   1.3885282922282912e-02
 5.2888696339511376e-01   6.9407931485981613e-03
 5.2486285817999334e-01   2.1566712920105860e-03
 5.2442157116848354e-01   1.4062023925162225e-12
 6.2045066692886131e-01   4.2126182586598247e-02
 6.0848280996242554e-01   3.8342817369600622e-02
 5.8467888992656358e-01   3.0798179790399633e-02
 5.5776007348758416e-01   2.1869660600956603e-02
 5.3628228767743313e-01   1.3512322698411955e-02
 5.2436435748092791e-01   6.7538327587748619e-03
 5.2043539943500094e-01   2.0985234893880341e-03
 5.2000456057680444e-01  -2.8364484878615999e-12
 6.0988214961374743e-01   4.0364264888069865e-02
 5.9833970725781294e-01   3.6734887181863199e-02
 5.7539345845612377e-01   2.9499869697240801e-02
 5.4946208390467310e-01   2.0942288400743133e-02
 5.2878475599855068e-01   1.2936626259498936e-02
 5.1731560513732844e-01   6.4653220727616308e-03
 5.1353529607275294e-01   2.0088000224697611e-03
 5.1312077854111249e-01  -5.7939937349876097e-13
 5.9655232960898930e-01   3.8174746254448784e-02
 5.8554966009091780e-01   3.4737420836278295e-02
 5.6368993789188515e-01   2.7888148092189136e-02
 5.3900687416851378e-01   1.9791959015933256e-02
 5.1933957208623049e-01   1.2222979918485557e-02
 5.0843599397354389e-01   6.1078070694726557e-03
 5.0484291317977958e-01   1.8976303994577468e-03
 5.0444894975924082e-01   3.0990540869170802e-12
 5.8273595428093439e-01   3.5949743716417196e-02
 5.7229431337765824e-01   3.2708347026812960e-02
 5.5156195336718916e-01   2.6252149432262645e-02
 5.2817112120579246e-01   1.8625298884789386e-02
 5.0954721948680648e-01   1.1499702217193482e-02
 4.9922710955837252e-01   5.7456079687243115e-03
 4.9582705943755667e-01   1.7850188035598311e-03
 4.9545428346236786e-01  -2.9024979293863027e-12
 5.7158601785661500e-01   3.4192328878029046e-02
 5.6159630324883747e-01   3.1106212471967341e-02
 5.4177067533336809e-01   2.4961225346267640e-02
 5.1941704778902598e-01   1.7705399887550776e-02
 5.0162909233336672e-01   1.0929746796286685e-02
 4.9177588078369905e-01   5.4602848011463707e-03
 4.8853021047217482e-01   1.6963186833439954e-03
 4.8817437698190608e-01  -2.1359780407106151e-12
 5.6617398948076403e-01   3.3353085930663141e-02
 5.5640279357712463e-01   3.0341281836578388e-02
 5.3701516323828147e-01   2.4345134778384667e-02
 5.1516190044027665e-01   1.7266585537728939e-02
 4.9777674501820579e-01   1.0657966597106321e-02
 4.8814833441062355e-01   5.3242587803044037e-03
 4.8497696838531296e-01   1.6540344362936915e-03
 4.8462928868725036e-01   2.6800732603863922e-13
 5.2626790644599220e-01   2.9382037461751700e-12
 5.2671355159990663e-01  -2.1810960040450460e-03
 5.3077734204301230e-01  -7.0193209473882519e-03
 5.4310213720026201e-01  -1.4041910765981470e-02
 5.6530484636556866e-01  -2.2722275980470250e-02
 5.9311647629476993e-01  -3.1991001406109387e-02
 6.1769447618981010e-01  -3.9819205315832329e-02
 6.3004576899878550e-01  -4.3743468946329730e-02
 5.2442157116848354e-01   1.4062023925162225e-12
 5.2486285817897371e-01  -2.1566712896707546e-03
 5.2888696339176799e-01  -6.9407931493876609e-03
 5.4109202626563391e-01  -1.3885282924574121e-02
 5.6308148201906250e-01  -2.2470160247903246e-02
 5.9063061407006545e-01  -3.1638371530202228e-02
 6.1498116490040622e-01  -3.9382836121296269e-02
 6.2721984362577243e-01  -4.3265504592312432e-02
 5.2000456057680444e-01  -2.8364484878615999e-12
 5.2043539943444284e-01  -2.0985234939381527e-03
 5.2436435748013843e-01  -6.7538327561927746e-03
 5.3628228767737907e-01  -1.3512322694384373e-02
 5.5776007348638590e-01  -2.1869660606711024e-02
 5.8467888992863681e-01  -3.0798179789971989e-02
 6.0848280996682480e-01  -3.8342817363600130e-02
 6.2045066693208017e-01  -4.2126182581426135e-02
 5.1312077854111249e-01  -5.7939937349876097e-13
 5.1353529607439075e-01  -2.0088000234947034e-03
 5.1731560514211117e-01  -6.4653220727889094e-03
 5.2878475600229169e-01  -1.2936626258339121e-02
 5.4946208389778028e-01  -2.0942288400616342e-02
 5.7539345845000600e-01  -2.9499869698471938e-02
 5.9833970726347385e-01  -3.6734887182678921e-02
 6.0988214962426945e-01  -4.0364264888291757e-02
 5.0444894975924082e-01   3.0990540869170802e-12
 5.0484291317685770e-01  -1.8976303943784736e-03
 5.0843599396643924e-01  -6.1078070716865497e-03
 5.1933957208431392e-01  -1.2222979923357009e-02
 5.3900687417867554e-01  -1.9791959010981342e-02
 5.6368993789259958e-01  -2.7888148091003137e-02
 5.8554966007870635e-01  -3.4737420840842338e-02
 5.9655232959529381e-01  -3.8174746259158766e-02
 4.9545428346236786e-01  -2.9024979293863027e-12
 4.9582705943882877e-01  -1.7850188082108806e-03
 4.9922710955996141e-01  -5.7456079660419754e-03
 5.0954721948350523e-01  -1.1499702213047445e-02
 5.2817112120477772e-01  -1.8625298890850427e-02
 5.5156195337424585e-01  -2.6252149431829443e-02
 5.7229431338146231e-01  -3.2708347020339631e-02
 5.8273595428016300e-01  -3.5949743710743963e-02
 4.8817437698190608e-01  -2.1359780407106151e-12
 4.8853021047765050e-01  -1.6963186869187036e-03
 4.9177588079588491e-01  -5.4602848000345414e-03
 5.0162909233504471e-01  -1.0929746792609071e-02
 5.1941704777442455e-01  -1.7705399890115096e-02
 5.4177067533328793e-01  -2.4961225348259536e-02
 5.6159630326467769e-01  -3.1106212470095432e-02
 5.7158601787383922e-01  -3.4192328875289425e-02
 4.8462928868725036e-01   2.6800732603863922e-13
 4.8497696838899890e-01  -1.6540344359922694e-03
 4.8814833441978028e-01  -5.3242587812761220e-03
 4.9777674502199065e-01  -1.0657966596953667e-02
 5.1516190042840559e-01  -1.7266585535605890e-02
 5.3701516323353782e-01  -2.4345134780402268e-02
 5.5640279358849631e-01  -3.0341281839556040e-02
 5.6617398949633024e-01  -3.3353085932305897e-02
 6.3004576899878550e-01  -4.3743468946329730e-02
 6.4303615788493074e-01  -4.7898969915130138e-02
 6.7342259022441819e-01  -5.7835662843431765e-02
 7.1863341064606834e-01  -7.3497521130120230e-02
 7.7133139434776743e-01  -9.3688766250601963e-02
 8.2023065035583020e-01  -1.1511833714520846e-01
 8.5500436598324059e-01  -1.3267667632753427e-01
 8.7027318406615128e-01  -1.4124560232564520e-01
 6.2721984362577243e-01  -4.3265504592312432e-02
 6.4009305965865482e-01  -4.7377229997594722e-02
 6.7021073904024231e-01  -5.7210339381587420e-02
 7.1503674293093722e-01  -7.2711929324733804e-02
 7.6731237001449315e-01  -9.2701709908575597e-02
 8.1585058344960215e-01  -1.1392357367519328e-01
 8.5039073410472421e-01  -1.3131631883451228e-01
 8.6556473531374989e-01  -1.3980591841151901e-01
 6.2045066693208017e-01  -4.2126182581426135e-02
 6.3304196763279130e-01  -4.6133368156338624e-02
 6.6251249395501222e-01  -5.5718988044538634e-02
 7.0641037424370468e-01  -7.0837327749678422e-02
 7.5766480206496412e-01  -9.0344815235334761e-02
 8.0532712722338939e-01  -1.1106885159127827e-01
 8.3929840736967409e-01  -1.2806428921951338e-01
 8.5424068297440270e-01  -1.3636343349995750e-01
 6.0988214962426945e-01  -4.0364264888291757e-02
 6.2203024231808246e-01  -4.4209256983749542e-02
 6.5048183499642120e-01  -5.3410557454771107e-02
 6.9291418028667418e-01  -6.7932857155424076e-02
 7.4254892167954623e-01  -8.6688791512066737e-02
 7.8881365611000220e-01  -1.0663541008879079e-01
 8.2187083175570341e-01  -1.2300922752859990e-01
 8.3643850652507823e-01  -1.3101002353576380e-01
 5.9655232959529381e-01  -3.8174746259158766e-02
 6.0813744023556704e-01  -4.1817308565758195e-02
 6.3529210544550574e-01  -5.0538380048760656e-02
 6.7585176745199538e-01  -6.4314373239318878e-02
 7.2340434557236399e-01  -8.2126763913591708e-02
 7.6785774759165237e-01  -1.0109451503111089e-01
 7.9971897855837004e-01  -1.1668358929887739e-01
 8.1379262778200989e-01  -1.2430710587967762e-01
 5.8273595428016300e-01  -3.5949743710743963e-02
 5.9373518641941281e-01  -3.9385631180000581e-02
 6.1953714515430691e-01  -4.7615766942158799e-02
 6.5813509838432738e-01  -6.0627102336864025e-02
 7.0349188927087225e-01  -7.7469881317474704e-02
 7.4601787540757580e-01  -9.5428431976706057e-02
 7.7659329704549795e-01  -1.1020605829609907e-01
 7.9013118186324505e-01  -1.1743870275481835e-01
 5.7158601787383922e-01  -3.4192328875289425e-02
 5.8211278462523874e-01  -3.7464308764976834e-02
 6.0682170551126569e-01  -4.5304653983632093e-02
 6.4382838368639850e-01  -5.7707665636665066e-02
 6.8739336313529464e-01  -7.3777030612003622e-02
 7.2833390123763986e-01  -9.0928219765941926e-02
 7.5784194350994583e-01  -1.0505494600123660e-01
 7.7093170434125680e-01  -1.1197349903205497e-01
 5.6617398949633024e-01  -3.3353085932305897e-02
 5.7647214365196642e-01  -3.6546591080795506e-02
 6.0065149089399927e-01  -4.4200178900092153e-02
 6.3688527697484876e-01  -5.6311358854282130e-02
 6.7957661207840336e-01  -7.2009061562278973e-02
 7.1974012684892108e-01  -8.8771533994934232e-02
 7.4872197988763201e-01  -1.0258432473134280e-01
 7.6158976595178152e-01  -1.0935121204588433e-01
 8.7027318406615084e-01  -1.4124560232564512e-01
 8.9342166510820975e-01  -1.5563412558510148e-01
 9.3585498224250308e-01  -1.8981603679020642e-01
 9.6475127262014393e-01  -2.4170221842748621e-01
 9.3342143392546528e-01  -3.0239100382415268e-01
 8.1721368764071234e-01  -3.5636101467459913e-01
 6.5948226469880766e-01  -3.9085129725418766e-01
 5.6225129011348773e-01  -4.0410359287783076e-01
 8.6556473531374967e-01  -1.3980591841151904e-01
 8.8858097261545588e-01  -1.5406342845367127e-01
 9.3082809910305242e-01  -1.8794510491432864e-01
 9.5976142644490148e-01  -2.3940550826760360e-01
 9.2894553549990933e-01  -2.9964389566842958e-01
 8.1367058135045711e-01  -3.5326007417650246e-01
 6.5687739733222850e-01  -3.8755054067227507e-01
 5.6013497172692095e-01  -4.0073253505973289e-01
 8.5424068297440259e-01  -1.3636343349995741e-01
 8.7693249251980443e-01  -1.5030621269160122e-01
 9.1871647497292419e-01  -1.8346580032523074e-01
 9.4771788695236958e-01  -2.3390018343455640e-01
 9.1812246473344827e-01  -2.9305068915784499e-01
 8.0509063799691905e-01  -3.4581039231088251e-01
 6.5056430007504484e-01  -3.7961647101759177e-01
 5.5500444648809188e-01  -3.9262791919097273e-01
 8.3643850652507834e-01  -1.3101002353576366e-01
 8.5860235252609229e-01  -1.4445926150298333e-01
 8.9961455661453693e-01  -1.7648410109358312e-01
 9.2866227143292912e-01  -2.2530034223686951e-01
 9.0093925211522496e-01  -2.8272769517317925e-01
 7.9143179155817633e-01  -3.3412531304019899e-01
 6.4049868581808778e-01  -3.6715888656785267e-01
 5.4681988673520476e-01  -3.7989797021627580e-01
 8.1379262778200934e-01  -1.2430710587967746e-01
 8.3525409001122419e-01  -1.3713132292475985e-01
 8.7520818111007648e-01  -1.6771482318254435e-01
 9.0420576455230417e-01  -2.1446530149994242e-01
 8.7877826494390887e-01  -2.6967910893588087e-01
 7.7374706245111746e-01  -3.1931672235769010e-01
 6.2743700223853927e-01  -3.5134797374865123e-01
 5.3619064920398374e-01  -3.6373293929403389e-01
 7.9013118186324471e-01  -1.1743870275481830e-01
 8.1082377506541858e-01  -1.2961430187195111e-01
 8.4958319198597354e-01  -1.5869688769365456e-01
 8.7839626706517981e-01  -2.0328345579622412e-01
 8.5525718674777507e-01  -2.5616131748454413e-01
 7.5488856383513048e-01  -3.0392835298655996e-01
 6.1347020824837639e-01  -3.3488886432937820e-01
 5.2481379208804424e-01  -3.4689457112151872e-01
 7.7093170434125746e-01  -1.1197349903205484e-01
 7.9097600391320977e-01  -1.2362709096623373e-01
 8.2870175691036707e-01  -1.5149786993578618e-01
 8.5726554985156989e-01  -1.9432757382165428e-01
 8.3589561225284392e-01  -2.4529535594289351e-01
 7.3929414523017833e-01  -2.9152213393851945e-01
 6.0188965555554053e-01  -3.2159648471803315e-01
 5.1537154208434688e-01  -3.3328749963335946e-01
 7.6158976595178074e-01  -1.0935121204588422e-01
 7.8131130897668677e-01  -1.2075248584009224e-01
 8.1851421310590766e-01  -1.4803627406190306e-01
 8.4692463242233040e-01  -1.9001176220031388e-01
 8.2638583158755696e-01  -2.4004629833979133e-01
 7.3161056232516974e-01  -2.8551685678121225e-01
 5.9617300751346225e-01  -3.1515456077806525e-01
 5.1070725227367086e-01  -3.2669022822453964e-01
 5.6225129011348696e-01  -4.0410359287783104e-01
 5.4888137245086965e-01  -4.0561646096295384e-01
 5.1871315105022830e-01  -4.0879756830300851e-01
 4.7530785826009486e-01  -4.1285690574092399e-01
 4.2478465830265383e-01  -4.1689764357615944e-01
 3.7579662898566035e-01  -4.2019389453403649e-01
 3.3815834818070284e-01  -4.2235310362009298e-01
 3.2041224987851641e-01  -4.2326686732462593e-01
 5.6013497172691928e-01  -4.0073253505973283e-01
 5.4682829111139930e-01  -4.0223764152233271e-01
 5.1679965536052663e-01  -4.0540261946512762e-01
 4.7358812103945225e-01  -4.0944176968527335e-01
 4.2328080634007148e-01  -4.1346288800325431e-01
 3.7449305432864549e-01  -4.1674352170177098e-01
 3.3700306854248807e-01  -4.1889271070579526e-01
 3.1932530267031395e-01  -4.1980228884007448e-01
 5.5500444648809122e-01  -3.9262791919097301e-01
 5.4185091169905963e-01  -3.9411419249484891e-01
 5.1216037106147116e-01  -3.9724003079754122e-01
 4.6941825114901631e-01  -4.0123018984027975e-01
 4.1963409223233739e-01  -4.0520368954111519e-01
 3.7133179563046520e-01  -4.0844641487262501e-01
 3.3420133273536834e-01  -4.1057128006839710e-01
 3.1668924603139958e-01  -4.1147069732994190e-01
 5.4681988673520510e-01  -3.7989797021627608e-01
 5.3391018411497404e-01  -3.8135415465937123e-01
 5.0475810434769619e-01  -3.8441745369873809e-01
 4.6276392352287110e-01  -3.8832931757191980e-01
 4.1381373715264869e-01  -3.9222670005545390e-01
 3.6628564426083121e-01  -3.9540881877669004e-01
 3.2972872415664040e-01  -3.9749479077777844e-01
 3.1248098782075823e-01  -3.9837795986785823e-01
 5.3619064920398329e-01  -3.6373293929403389e-01
 5.2359669839157086e-01  -3.6514997991069720e-01
 4.9514221834110761e-01  -3.6813190412404495e-01
 4.5411768542677633e-01  -3.7194186344552682e-01
 4.0624945387541667e-01  -3.7574014576768078e-01
 3.5972636042099787e-01  -3.7884333687507415e-01
 3.2391426286078406e-01  -3.8087864847708469e-01
 3.0700990228182062e-01  -3.8174065112433747e-01
 5.2481379208804357e-01  -3.4689457112151900e-01
 5.1255660805111969e-01  -3.4826965748214678e-01
 4.8484654980771696e-01  -3.5116434425694792e-01
 4.4485757089990169e-01  -3.5486501896411243e-01
 3.9814585224290516e-01  -3.5855698301036948e-01
 3.5269787540029474e-01  -3.6157546849984828e-01
 3.1768303329519143e-01  -3.6355639737718293e-01
 3.0114633509049227e-01  -3.6439567520698291e-01
 5.1537154208434655e-01  -3.3328749963335996e-01
 5.0339287161656265e-01  -3.3462774776222715e-01
 4.7629879604471764e-01  -3.3744997680289951e-01
 4.3716739201711136e-01  -3.4105984937166095e-01
 3.9141425888856790e-01  -3.4466344116481740e-01
 3.4685809315630489e-01  -3.4761149427340809e-01
 3.1250494689157476e-01  -3.4954719255721911e-01
 2.9627348946989157e-01  -3.5036756727012625e-01
 5.1070725227367020e-01  -3.2669022822453975e-01
 4.9886581742574215e-01  -3.2801326909546547e-01
 4.7207538177088071e-01  -3.3079970387264379e-01
 4.3336695551109750e-01  -3.3436470849376854e-01
 3.8808691371767357e-01  -3.3792462070030743e-01
 3.4397110916059492e-01  -3.4083785261491412e-01
 3.0994481420286690e-01  -3.4275118515976033e-01
 2.9386416481865663e-01  -3.4356221164737899e-01
 3.2041224987851641e-01  -4.2326686732462593e-01
 3.0234309413114563e-01  -4.2413198941224250e-01
 2.6175400455756326e-01  -4.2584683094274922e-01
 2.0376148949939465e-01  -4.2778624867439363e-01
 1.3679508853111247e-01  -4.2934603138427097e-01
 7.2349685069423617e-02  -4.3022476365725504e-01
 2.3126747698535958e-02  -4.3051950712974074e-01
 0.0000000000000000e+00  -4.3055225099662020e-01
 3.1932530267031395e-01  -4.1980228884007448e-01
 3.0132471836710423e-01  -4.2066348042070045e-01
 2.6088610656127104e-01  -4.2237063112325474e-01
 2.0310052260938125e-01  -4.2430153387278247e-01
 1.3636211272080953e-01  -4.2585464522972172e-01
 7.2125849457640057e-02  -4.2672971806845572e-01
 2.3056372578098679e-02  -4.2702326145316122e-01
 0.0000000000000000e+00  -4.2705587384946087e-01
 3.1668924603139958e-01  -4.1147069732994190e-01
 2.9885492776029743e-01  -4.1232234703585302e-01
 2.5878119631928914e-01  -4.1401082663978384e-01
 2.0149738930890149e-01  -4.1592105680956570e-01
 1.3531187908740938e-01  -4.1745797094579823e-01
 7.1583033103505639e-02  -4.1832415825445923e-01
 2.2885891599695837e-02  -4.1861478712706551e-01
 0.0000000000000000e+00  -4.1864708047303906e-01
 3.1248098782075823e-01  -3.9837795986785823e-01
 2.9491198160896404e-01  -3.9921435061140415e-01
 2.5542057176099381e-01  -4.0087297045273018e-01
 1.9893770960720961e-01  -4.0275013738761467e-01
 1.3363490396075209e-01  -4.0426114426296206e-01
 7.0716279081456057e-02  -4.0511311866477157e-01
 2.2613699469095593e-02  -4.0539908560104215e-01
 0.0000000000000000e+00  -4.0543086869443284e-01
 3.0700990228182062e-01  -3.8174065112433747e-01
 2.8978557309285008e-01  -3.8255716277372759e-01
 2.5105086984199598e-01  -3.8417687814643398e-01
 1.9560923263455315e-01  -3.8601096079511937e-01
 1.3145423288837393e-01  -3.8748820421732083e-01
 6.9588750129967333e-02  -3.8832165636928712e-01
 2.2259061643030934e-02  -3.8860154938101776e-01
 0.0000000000000000e+00  -3.8863266703742733e-01
 3.0114633509049227e-01  -3.6439567520698291e-01
 2.8429112302942056e-01  -3.6519084249402373e-01
 2.4636695535775499e-01  -3.6676878116323541e-01
 1.9204088506370670e-01  -3.6855659169362781e-01
 1.2911605313030833e-01  -3.6999756779511872e-01
 6.8380075977416674e-02  -3.7081111973467112e-01
 2.1879397419591513e-02  -3.7108448474854139e-01
 0.0000000000000000e+00  -3.7111488773294632e-01
 2.9627348946989157e-01  -3.5036756727012625e-01
 2.7972477885661140e-01  -3.5114497829955943e-01
 2.4247381385034275e-01  -3.5268815912725854e-01
 1.8907459351881017e-01  -3.5443746544462140e-01
 1.2717215928625980e-01  -3.5584825782215762e-01
 6.7375243398555190e-02  -3.5664524531247993e-01
 2.1563866528626612e-02  -3.5691317580867343e-01
 0.0000000000000000e+00  -3.5694298389675960e-01
 2.9386416481865663e-01  -3.4356221164737899e-01
 2.7746690493651538e-01  -3.4433084108539386e-01
 2.4054865927826780e-01  -3.4585683045132642e-01
 1.8760767677302087e-01  -3.4758708990066278e-01
 1.2621083327008040e-01  -3.4898294963764498e-01
 6.6878167809586747e-02  -3.4977174236778080e-01
 2.1407591766381521e-02  -3.5003698478461387e-01
 0.0000000000000000e+00  -3.5006649839152049e-01
 0.0000000000000000e+00   3.5006649839187226e-01
 2.1407591769164520e-02   3.5003698478364648e-01
 6.6878167805247010e-02   3.4977174236928354e-01
 1.2621083327102561e-01   3.4898294963663340e-01
 1.8760767677780854e-01   3.4758708989934128e-01
 2.4054865927787430e-01   3.4585683045255533e-01
 2.7746690493248022e-01   3.4433084108742157e-01
 2.9386416481388006e-01   3.4356221164923012e-01
 0.0000000000000000e+00   3.3855288977674364e-01
 2.1141075094505784e-02   3.3852387806937173e-01
 6.6031049800138686e-02   3.3826321511457225e-01
 1.2457285277882628e-01   3.3748838462638581e-01
 1.8510830791758795e-01   3.3611796680403000e-01
 2.3726874418804902e-01   3.3442015568140804e-01
 2.7362041121988867e-01   3.3292345037185050e-01
 2.8975981836506542e-01   3.3216977834309958e-01
 0.0000000000000000e+00   3.1118409841975292e-01
 2.0482678491546977e-02   3.1115632598032894e-01
 6.3935691546048959e-02   3.1090698017543039e-01
 1.2052043147936486e-01   3.1016664475055772e-01
 1.7892602424043882e-01   3.0885906828687965e-01
 2.2915746080353161e-01   3.0724138534505413e-01
 2.6410951956913958e-01   3.0581697648434780e-01
 2.7961217878784467e-01   3.0510022460466424e-01
 0.0000000000000000e+00   2.6869443031635032e-01
 1.9371882205656769e-02   2.6866873159397686e-01
 6.0402357810585706e-02   2.6843831817380820e-01
 1.1368881738269725e-01   2.6775568542485417e-01
 1.6850687208193108e-01   2.6655319423166418e-01
 2.1549254407170437e-01   2.6506943108940262e-01
 2.4809237075328838e-01   2.6376578182586297e-01
 2.6252578119013348e-01   2.6311067330441451e-01
 0.0000000000000000e+00   2.1504642949408839e-01
 1.7755179585534006e-02   2.1502367394038097e-01
 5.5256804480416873e-02   2.1482013840092848e-01
 1.0374167182056848e-01   2.1421938207523891e-01
 1.5334531330517193e-01   2.1316587718098787e-01
 1.9562267234121375e-01   2.1187177027469439e-01
 2.2481737273282598e-01   2.1073894070132387e-01
 2.3770523908049956e-01   2.1017095697190330e-01
 0.0000000000000000e+00   1.5913471606724064e-01
 1.5657698807477517e-02   1.5911556066037272e-01
 4.8584059931598936e-02   1.5894488954285596e-01
 9.0850504064743598e-02   1.5844417762559074e-01
 1.3371693991272723e-01   1.5757244723899147e-01
 1.6993286392665524e-01   1.5650923111247556e-01
 1.9476065468902062e-01   1.5558388444427881e-01
 2.0567183829948918e-01   1.5512155390685436e-01
 0.0000000000000000e+00   1.1385094236044521e-01
 1.3423224353216471e-02   1.1383529452018153e-01
 4.1483637923147673e-02   1.1369661307604016e-01
 7.7149590649479641e-02   1.1329317192529838e-01
 1.1289323092396533e-01   1.1259769453405266e-01
 1.4274046719425859e-01   1.1175745843402121e-01
 1.6300991312529756e-01   1.1103165467517077e-01
 1.7186716345334344e-01   1.1067064021867798e-01
 0.0000000000000000e+00   9.1889806228704810e-02
 1.2061665069274235e-02   9.1876136595197680e-02
 3.7149906735886522e-02   9.1755517244183168e-02
 6.8794528455477871e-02   9.1406870538295618e-02
 1.0022525648494114e-01   9.0810293965980282e-02
 1.2624551653326579e-01   9.0094532323644422e-02
 1.4379652504984644e-01   8.9479541272780336e-02
 1.5143531681038203e-01   8.9174590830683256e-02
 2.9386416481388006e-01   3.4356221164923012e-01
 3.0994481419802455e-01   3.4275118516114395e-01
 3.4397110915754903e-01   3.4083785261472921e-01
 3.8808691371882692e-01   3.3792462069834733e-01
 4.3336695551494181e-01   3.3436470849195299e-01
 4.7207538177400998e-01   3.3079970387248653e-01
 4.9886581742710828e-01   3.2801326909661327e-01
 5.1070725227413616e-01   3.2669022822613941e-01
 2.8975981836506542e-01   3.3216977834309958e-01
 3.0558373985457343e-01   3.3137467350555894e-01
 3.3905372816936774e-01   3.2949943001715620e-01
 3.8242028700185715e-01   3.2664548867876808e-01
 4.2689578414720614e-01   3.2315993283077848e-01
 4.6488530187949573e-01   3.1967128725045113e-01
 4.9115993806046176e-01   3.1694575465276675e-01
 5.0276833139650645e-01   3.1565198645146680e-01
 2.7961217878784467e-01   3.0510022460466424e-01
 2.9480229345101411e-01   3.0434441496842884e-01
 3.2689952075323159e-01   3.0256315540416823e-01
 3.6841882573794726e-01   2.9985545243905209e-01
 4.1091309712759039e-01   2.9655319141615527e-01
 4.4713461471516741e-01   2.9325265906651343e-01
 4.7214227618930799e-01   2.9067707574091234e-01
 4.8317869680137465e-01   2.8945535390473265e-01
 2.6252578119013348e-01   2.6311067330441451e-01
 2.7665219006763425e-01   2.6242045341048992e-01
 3.0644778248723187e-01   2.6079598793083236e-01
 3.4487534048478669e-01   2.5833203368041124e-01
 3.8406170738463241e-01   2.5533490816858612e-01
 4.1733952848883754e-01   2.5234709873342964e-01
 4.4024308428823278e-01   2.5002048189945175e-01
 4.5033121621084066e-01   2.4891828368314578e-01
 2.3770523908049956e-01   2.1017095697190330e-01
 2.5029571131482337e-01   2.0957338604270301e-01
 2.7677384055905363e-01   2.0817017798595289e-01
 3.1075961975683830e-01   2.0604956850953746e-01
 3.4521485992127993e-01   2.0348121358264276e-01
 3.7430353066503574e-01   2.0093165344680763e-01
 3.9422635492725400e-01   1.9895309650916720e-01
 4.0297512479902525e-01   1.9801773320505855e-01
 2.0567183829948918e-01   1.5512155390685436e-01
 2.1630156324269964e-01   1.5463620954584240e-01
 2.3855812056826720e-01   1.5350049520612091e-01
 2.6692358503953950e-01   1.5179356252807186e-01
 2.9543816100476022e-01   1.4973945693240578e-01
 3.1931123556062535e-01   1.4771290433316572e-01
 3.3555108721812599e-01   1.4614790401710279e-01
 3.4265308165759834e-01   1.4541021360693324e-01
 1.7186716345334344e-01   1.1067064021867798e-01
 1.8046575388347566e-01   1.1029270283864816e-01
 1.9837174336575070e-01   1.0941213211978149e-01
 2.2099730022220623e-01   1.0809747241058100e-01
 2.4351652634876533e-01   1.0652731385396409e-01
 2.6219272868618249e-01   1.0498900984645279e-01
 2.7480321632625687e-01   1.0380743570787587e-01
 2.8029372884108888e-01   1.0325222867911414e-01
 1.5143531681038203e-01   8.9174590830683256e-02
 1.5883321384492208e-01   8.8855945624765537e-02
 1.7418248863874150e-01   8.8115657299473030e-02
 1.9346869041796505e-01   8.7015215231952991e-02
 2.1254408396734803e-01   8.5707102333142798e-02
 2.2827365419043202e-01   8.4430911242983089e-02
 2.3884834755234818e-01   8.3453728235325500e-02
 2.4344090237441024e-01   8.2995379611263548e-02
 5.1070725227413649e-01   3.2669022822613941e-01
 5.9617300751136515e-01   3.1515456077827314e-01
 7.3161056232445887e-01   2.8551685678253952e-01
 8.2638583158515988e-01   2.4004629833945842e-01
 8.4692463243225935e-01   1.9001176219863769e-01
 8.1851421309240013e-01   1.4803627406331157e-01
 7.8131130898933521e-01   1.2075248583725351e-01
 7.6158976596685202e-01   1.0935121204570615e-01
 5.0276833139650712e-01   3.1565198645146647e-01
 5.8644905382075563e-01   3.0438045797568580e-01
 7.1856342543538021e-01   2.7548391137327044e-01
 8.1028354354551646e-01   2.3129268091719157e-01
 8.2947151367389838e-01   1.8282997961232961e-01
 8.0136539079246227e-01   1.4228695124924270e-01
 7.6506851303055134e-01   1.1598424621633917e-01
 7.4589897583710618e-01   1.0500390678715761e-01
 4.8317869680137521e-01   2.8945535390473254e-01
 5.6248928588131508e-01   2.7883314796731606e-01
 6.8654104479079625e-01   2.5175126153564609e-01
 7.7101083936702985e-01   2.1066852376812290e-01
 7.8719767212075997e-01   1.6598731926334390e-01
 7.6005267334526627e-01   1.2885775687320183e-01
 7.2605833259796160e-01   1.0487639933039526e-01
 7.0825618667929291e-01   9.4888138178672227e-02
 4.5033121621084093e-01   2.4891828368314570e-01
 5.2243446058045961e-01   2.3937047514009574e-01
 6.3343156798928812e-01   2.1526548808217055e-01
 7.0666709359523017e-01   1.7920200431606817e-01
 7.1879546265627203e-01   1.4050781247946287e-01
 6.9378946303792866e-01   1.0868608487855283e-01
 6.6375309075416633e-01   8.8268243050939957e-02
 6.4820984959949113e-01   7.9792422067632887e-02
 4.0297512479902586e-01   1.9801773320505864e-01
 4.6499177035018707e-01   1.8996220048975498e-01
 5.5827763278876075e-01   1.6992751086374505e-01
 6.1730026587357656e-01   1.4054318762775805e-01
 6.2534286388528615e-01   1.0957310337379167e-01
 6.0406854732134396e-01   8.4422904529348669e-02
 5.7958372652886914e-01   6.8406717380220500e-02
 5.6707285029853449e-01   6.1782315172918927e-02
 3.4265308165759883e-01   1.4541021360693324e-01
 3.9244842984146955e-01   1.3910756138466002e-01
 4.6524206755423836e-01   1.2373236743157137e-01
 5.0927260335262992e-01   1.0169539083450779e-01
 5.1418588395710918e-01   7.8889849584506538e-02
 4.9779579933252927e-01   6.0583882967051361e-02
 4.7954984489385633e-01   4.9001180456866585e-02
 4.7032096974176357e-01   4.4224849746236611e-02
 2.8029372884108894e-01   1.0325222867911409e-01
 3.1836415887326708e-01   9.8547403996025074e-02
 3.7256848261341152e-01   8.7276941807814049e-02
 4.0422458452320698e-01   7.1426162619638300e-02
 4.0729312316499561e-01   5.5235628843119597e-02
 3.9536938621047607e-01   4.2336605531407202e-02
 3.8234414697081531e-01   3.4206876255053698e-02
 3.7579436876002098e-01   3.0860337473710499e-02
 2.4344090237441018e-01   8.2995379611263506e-02
 2.7509256228143014e-01   7.9128572952071458e-02
 3.1956767143659015e-01   6.9949582814201480e-02
 3.4514571880213002e-01   5.7149232907696960e-02
 3.4748976881260446e-01   4.4143490300243136e-02
 3.3783082226096683e-01   3.3811197510222789e-02
 3.2734997251209891e-01   2.7308476901666809e-02
 3.2209066010861581e-01   2.4633375975325986e-02
 7.6158976596685168e-01   1.0935121204570603e-01
 7.4872197989609257e-01   1.0258432473336981e-01
 7.1974012683596034e-01   8.8771533998062355e-02
 6.7957661206990339e-01   7.2009061559211177e-02
 6.3688527699235298e-01   5.6311358853677163e-02
 6.0065149089407710e-01   4.4200178903837387e-02
 5.7647214363669397e-01   3.6546591081203408e-02
 5.6617398948076358e-01   3.3353085930663100e-02
 7.4589897583710640e-01   1.0500390678715760e-01
 7.3340921919539703e-01   9.8489815873575623e-02
 7.0531985791685070e-01   8.5199767185365025e-02
 6.6646775542962744e-01   6.9083583152187059e-02
 6.2524444668121704e-01   5.4002808185758186e-02
 5.9030514625564645e-01   4.2375346050588479e-02
 5.6701088361634622e-01   3.5030981983381809e-02
 5.5709439476633027e-01   3.1967332186514097e-02
 7.0825618667929280e-01   9.4888138178672241e-02
 6.9669493832170348e-01   8.8968756026762907e-02
 6.7077988499685759e-01   7.6905909026714667e-02
 6.3509074674220223e-01   6.2302271826500673e-02
 5.9737676797324968e-01   4.8660540261468641e-02
 5.6551142960436684e-01   3.8158113094295260e-02
 5.4430994140860589e-01   3.1531402573088979e-02
 5.3529390463377036e-01   2.8768757059621747e-02
 6.4820984959949179e-01   7.9792422067632832e-02
 6.3816171410510303e-01   7.4776791458138120e-02
 6.1574330028217217e-01   6.4572195968091120e-02
 5.8505741856246152e-01   5.2246856330362523e-02
 5.5281343714447073e-01   4.0760689517808021e-02
 5.2568709908754352e-01   3.1935392540693608e-02
 5.0768918770698113e-01   2.6374782009562905e-02
 5.0004653280571920e-01   2.4058409844137908e-02
 5.6707285029853405e-01   6.1782315172918982e-02
 5.5902435346070611e-01   5.7868507104334679e-02
 5.4115606898977586e-01   4.9919294698483281e-02
 5.1685536296404322e-01   4.0341307739411719e-02
 4.9147140828756219e-01   3.1437161803309459e-02
 4.7021141100080416e-01   2.4609458728198429e-02
 4.5614617983504618e-01   2.0313527337056939e-02
 4.5018228251963271e-01   1.8525361931037716e-02
 4.7032096974176357e-01   4.4224849746236645e-02
 4.6440693943238559e-01   4.1406527333619741e-02
 4.5132898926511078e-01   3.5690125896910188e-02
 4.3363350191018157e-01   2.8815510960254226e-02
 4.1523470879095498e-01   2.2436512543130571e-02
 3.9987827447208218e-01   1.7552514036137248e-02
 3.8974112352265655e-01   1.4482766160776090e-02
 3.8544762415377187e-01   1.3205725217922522e-02
 3.7579436876002131e-01   3.0860337473710513e-02
 3.7160655452827268e-01   2.8887139421358569e-02
 3.6236676857035782e-01   2.4888024440963795e-02
 3.4990086491284844e-01   2.0083802240745189e-02
 3.3697343232959748e-01   1.5630598592388727e-02
 3.2620460502433091e-01   1.2223916088577253e-02
 3.1910458396657576e-01   1.0083936097515719e-02
 3.1609930387422214e-01   9.1939630775515844e-03
 3.2209066010861576e-01   2.4633375975326000e-02
 3.1873061499653671e-01   2.3056489451788974e-02
 3.1132308224309563e-01   1.9861469832977801e-02
 3.0133945197095563e-01   1.6024677688310028e-02
 2.9099580451944862e-01   1.2469522981481100e-02
 2.8238516614390313e-01   9.7506379629917119e-03
 2.7671051210144004e-01   8.0430522044273797e-03
 2.7430908728569642e-01   7.3329791764519415e-03
 5.6617398948076358e-01   3.3353085930663100e-02
 5.5640279357712463e-01   3.0341281836578391e-02
 5.3701516323828180e-01   2.4345134778384642e-02
 5.1516190044027654e-01   1.7266585537728921e-02
 4.9777674501820535e-01   1.0657966597106312e-02
 4.8814833441062377e-01   5.3242587803044115e-03
 4.8497696838531262e-01   1.6540344362936858e-03
 4.8462928868725019e-01   2.6800732603863038e-13
 5.5709439476633027e-01   3.1967332186514097e-02
 5.4768779254575750e-01   2.9078451502559357e-02
 5.2903034142063998e-01   2.3328375537694287e-02
 5.0801030237852740e-01   1.6542674275279352e-02
 4.9129523647488843e-01   1.0209751700005576e-02
 4.8204055654005995e-01   5.0999665905793129e-03
 4.7899268448184823e-01   1.5843163543203024e-03
 4.7865855533373136e-01   3.4092883155353083e-12
 5.3529390463377036e-01   2.8768757059621747e-02
 5.2674643275636768e-01   2.6164608615704445e-02
 5.0980668079145119e-01   2.0983909806560765e-02
 4.9074234792571542e-01   1.4874745122408595e-02
 4.7559695183982753e-01   9.1776779372700484e-03
 4.6721658955813783e-01   4.5836826582514008e-03
 4.6445744930588673e-01   1.4238550995808736e-03
 4.6415499643920149e-01  -2.2822438442289705e-12
 5.0004653280571920e-01   2.4058409844137908e-02
 4.9280680214058303e-01   2.1875924315247559e-02
 4.7847446799583038e-01   1.7536985717276229e-02
 4.6236797930002926e-01   1.2425475245323676e-02
 4.4958886471964443e-01   7.6636058278397711e-03
 4.4252374685234847e-01   3.8266966559358908e-03
 4.4019852751093563e-01   1.1886260238412750e-03
 4.3994366688989978e-01   3.3467211240857666e-12
 4.5018228251963271e-01   1.8525361931037716e-02
 4.4453733951646307e-01   1.6841301598692831e-02
 4.3337450931192761e-01   1.3495445540420307e-02
 4.2084817340618358e-01   9.5575928318859457e-03
 4.1092240598457491e-01   5.8926784268157938e-03
 4.0543938211310432e-01   2.9418259772243916e-03
 4.0363553641998784e-01   9.1371244242196864e-04
 4.0343784238958869e-01  -1.5410181193510198e-12
 3.8544762415377187e-01   1.3205725217922522e-02
 3.8138622615400791e-01   1.2003425743985363e-02
 3.7336156625154909e-01   9.6158606750470048e-03
 3.6436664159070559e-01   6.8078032017947253e-03
 3.5724603980166048e-01   4.1962242017579031e-03
 3.5331505736635005e-01   2.0945972888483568e-03
 3.5202218135446628e-01   6.5053774379200051e-04
 3.5188049834198926e-01  -2.2068427300105523e-12
 3.1609930387422214e-01   9.1939630775515844e-03
 3.1325744519475662e-01   8.3562261415056679e-03
 3.0764499597669753e-01   6.6930495252561272e-03
 3.0135777830940202e-01   4.7376887301906643e-03
 2.9638331003020196e-01   2.9198332686882571e-03
 2.9363805432870399e-01   1.4573592449908458e-03
 2.9273529912134461e-01   4.5261361240450394e-04
 2.9263637276486354e-01   1.8390171161522786e-12
 2.7430908728569642e-01   7.3329791764519415e-03
 2.7203851763840486e-01   6.6646240614784153e-03
 2.6755504004283437e-01   5.3378424906706506e-03
 2.6253357294198398e-01   3.7781747426386099e-03
 2.5856131010949779e-01   2.3283751218974944e-03
 2.5636940658315577e-01   1.1621175909692777e-03
 2.5564865313447993e-01   3.6091694468268930e-04
 2.5556967197382602e-01  -1.4357798356207590e-12
 4.8462928868725019e-01   2.6800732603863038e-13
 4.8497696838899873e-01  -1.6540344359922685e-03
 4.8814833441977978e-01  -5.3242587812761264e-03
 4.9777674502199065e-01  -1.0657966596953661e-02
 5.1516190042840537e-01  -1.7266585535605870e-02
 5.3701516323353804e-01  -2.4345134780402258e-02
 5.5640279358849598e-01  -3.0341281839556037e-02
 5.6617398949632947e-01  -3.3353085932305897e-02
 4.7865855533373136e-01   3.4092883155353083e-12
 4.7899268447847371e-01  -1.5843163488305960e-03
 4.8204055653466965e-01  -5.0999665935768951e-03
 4.9129523647929757e-01  -1.0209751704980480e-02
 5.0801030238229894e-01  -1.6542674268542119e-02
 5.2903034141196337e-01  -2.3328375537842311e-02
 5.4768779253983513e-01  -2.9078451509588005e-02
 5.5709439476578981e-01  -3.1967332192812899e-02
 4.6415499643920149e-01  -2.2822438442289705e-12
 4.6445744930450505e-01  -1.4238551031628356e-03
 4.6721658955351913e-01  -4.5836826557270555e-03
 4.7559695183534190e-01  -9.1776779343675143e-03
 4.9074234793300797e-01  -1.4874745128008030e-02
 5.0980668079812486e-01  -2.0983909804956867e-02
 5.2674643275024913e-01  -2.6164608609385506e-02
 5.3529390462270676e-01  -2.8768757054787548e-02
 4.3994366688989978e-01   3.3467211240857666e-12
 4.4019852750711169e-01  -1.1886260184668098e-03
 4.4252374684675178e-01  -3.8266966589508952e-03
 4.4958886472534321e-01  -7.6636058326212276e-03
 4.6236797930221490e-01  -1.2425475238614809e-02
 4.7847446798624460e-01  -1.7536985717746607e-02
 4.9280680213753059e-01  -2.1875924322259824e-02
 5.0004653280870814e-01  -2.4058409850180571e-02
 4.0343784238958869e-01  -1.5410181193510198e-12
 4.0363553643482425e-01  -9.1371244506935605e-04
 4.0543938214086411e-01  -2.9418259768090676e-03
 4.1092240597801166e-01  -5.8926784238788714e-03
 4.2084817338326930e-01  -9.5575928329029794e-03
 4.3337450932477950e-01  -1.3495445542884963e-02
 4.4453733953825075e-01  -1.6841301598566671e-02
 4.5018228253483039e-01  -1.8525361929621505e-02
 3.5188049834198926e-01  -2.2068427300105523e-12
 3.5202218135102054e-01  -6.5053774727282952e-04
 3.5331505735888807e-01  -2.0945972865083506e-03
 3.5724603980061043e-01  -4.1962241988925649e-03
 3.6436664159846405e-01  -6.8078032069549266e-03
 3.7336156625248212e-01  -9.6158606737194157e-03
 3.8138622614723239e-01  -1.2003425738277370e-02
 3.8544762414587547e-01  -1.3205725213531423e-02
 2.9263637276486354e-01   1.8390171161522786e-12
 2.9273529911222207e-01  -4.5261360937337407e-04
 2.9363805431249340e-01  -1.4573592462030218e-03
 2.9638331003616752e-01  -2.9198332716220336e-03
 3.0135777832102589e-01  -4.7376887274899289e-03
 3.0764499596634809e-01  -6.6930495243751366e-03
 3.1325744518410215e-01  -8.3562261438755222e-03
 3.1609930386940449e-01  -9.1939630801024536e-03
 2.5556967197382602e-01  -1.4357798356207590e-12
 2.5564865312691204e-01  -3.6091694690223135e-04
 2.5636940656865370e-01  -1.1621175891904662e-03
 2.5856131011178268e-01  -2.3283751202156813e-03
 2.6253357295415558e-01  -3.7781747465577735e-03
 2.6755504003824238e-01  -5.3378424891319110e-03
 2.7203851762773801e-01  -6.6646240569216801e-03
 2.7430908727717329e-01  -7.3329791731822922e-03
 5.6617398949632947e-01  -3.3353085932305897e-02
 5.7647214365196664e-01  -3.6546591080795526e-02
 6.0065149089399916e-01  -4.4200178900092167e-02
 6.3688527697484787e-01  -5.6311358854282081e-02
 6.7957661207840314e-01  -7.2009061562278986e-02
 7.1974012684892075e-01  -8.8771533994934232e-02
 7.4872197988763145e-01  -1.0258432473134270e-01
 7.6158976595178118e-01  -1.0935121204588426e-01
 5.5709439476578981e-01  -3.1967332192812899e-02
 5.6701088362179086e-01  -3.5030981986452686e-02
 5.9030514626698261e-01  -4.2375346044888358e-02
 6.2524444667622581e-01  -5.4002808184274852e-02
 6.6646775542026038e-01  -6.9083583157999895e-02
 7.0531985792923324e-01  -8.5199767180849748e-02
 7.3340921920471647e-01  -9.8489815870102262e-02
 7.4589897583791365e-01  -1.0500390678735758e-01
 5.3529390462270676e-01  -2.8768757054787548e-02
 5.4430994139569699e-01  -3.1531402571725549e-02
 5.6551142960065426e-01  -3.8158113100472200e-02
 5.9737676798736339e-01  -4.8660540261609792e-02
 6.3509074673910237e-01  -6.2302271821059595e-02
 6.7077988498440633e-01  -7.6905909031999009e-02
 6.9669493832497154e-01  -8.8968756029911500e-02
 7.0825618668933854e-01  -9.4888138177851966e-02
 5.0004653280870814e-01  -2.4058409850180571e-02
 5.0768918771519522e-01  -2.6374782012203717e-02
 5.2568709909641365e-01  -3.1935392534733084e-02
 5.5281343713632081e-01  -4.0760689516904224e-02
 5.8505741855936311e-01  -5.2246856335973924e-02
 6.1574330029220103e-01  -6.4572195962984427e-02
 6.3816171410683220e-01  -7.4776791455106961e-02
 6.4820984959546324e-01  -7.9792422068619986e-02
 4.5018228253483039e-01  -1.8525361929621505e-02
 4.5614617983946659e-01  -2.0313527334831265e-02
 4.7021141098459929e-01  -2.4609458726639052e-02
 4.9147140828156233e-01  -3.1437161804969610e-02
 5.1685536297726031e-01  -4.0341307739961765e-02
 5.4115606898789081e-01  -4.9919294696919095e-02
 5.5902435345208823e-01  -5.7868507103859650e-02
 5.6707285029181564e-01  -6.1782315173287576e-02
 3.8544762414587547e-01  -1.3205725213531423e-02
 3.8974112351586399e-01  -1.4482766159515501e-02
 3.9987827447325169e-01  -1.7552514041661436e-02
 4.1523470879818469e-01  -2.2436512543105830e-02
 4.3363350190651861e-01  -2.8815510955529141e-02
 4.5132898926058607e-01  -3.5690125901893389e-02
 4.6440693943527195e-01  -4.1406527336143285e-02
 4.7032096974673993e-01  -4.4224849745016545e-02
 3.1609930386940449e-01  -9.1939630801024536e-03
 3.1910458396871255e-01  -1.0083936099243242e-02
 3.2620460503450588e-01  -1.2223916087228597e-02
 3.3697343232798865e-01  -1.5630598591599199e-02
 3.4990086490816508e-01  -2.0083802242226435e-02
 3.6236676857409816e-01  -2.4888024439732589e-02
 3.7160655452957714e-01  -2.8887139420834686e-02
 3.7579436875941702e-01  -3.0860337474276533e-02
 2.7430908727717329e-01  -7.3329791731822922e-03
 2.7671051209730252e-01  -8.0430522038097019e-03
 2.8238516614979170e-01  -9.7506379677150101e-03
 2.9099580452402835e-01  -1.2469522981221894e-02
 3.0133945196626016e-01  -1.6024677684334764e-02
 3.1132308224137839e-01  -1.9861469837237258e-02
 3.1873061499873923e-01  -2.3056489454051789e-02
 3.2209066011160231e-01  -2.4633375974429519e-02
 7.6158976595178041e-01  -1.0935121204588413e-01
 7.8131130897668633e-01  -1.2075248584009214e-01
 8.1851421310590733e-01  -1.4803627406190303e-01
 8.4692463242233007e-01  -1.9001176220031377e-01
 8.2638583158755696e-01  -2.4004629833979121e-01
 7.3161056232516941e-01  -2.8551685678121230e-01
 5.9617300751346214e-01  -3.1515456077806531e-01
 5.1070725227367098e-01  -3.2669022822453936e-01
 7.4589897583791354e-01  -1.0500390678735760e-01
 7.6506851301819567e-01  -1.1598424622103651e-01
 8.0136539079561919e-01  -1.4228695124610358e-01
 8.2947151366680594e-01  -1.8282997961612096e-01
 8.1028354355935694e-01  -2.3129268091839758e-01
 7.1856342543069718e-01  -2.7548391136965927e-01
 5.8644905381858381e-01  -3.0438045797550356e-01
 5.0276833138979560e-01  -3.1565198644761816e-01
 7.0825618668933832e-01  -9.4888138177851925e-02
 7.2605833260973396e-01  -1.0487639932522037e-01
 7.6005267333593718e-01  -1.2885775687678083e-01
 7.8719767212810099e-01  -1.6598731925939358e-01
 7.7101083936283066e-01  -2.1066852376691345e-01
 6.8654104479408018e-01  -2.5175126153935889e-01
 5.6248928587660452e-01  -2.7883314796752701e-01
 4.8317869680504338e-01  -2.8945535390869553e-01
 6.4820984959546291e-01  -7.9792422068619931e-02
 6.6375309074571831e-01  -8.8268243056225729e-02
 6.9378946304251854e-01  -1.0868608487452817e-01
 7.1879546265274086e-01  -1.4050781248395505e-01
 7.0666709359800883e-01  -1.7920200431761199e-01
 6.3343156798515832e-01  -2.1526548807784635e-01
 5.2243446058653553e-01  -2.3937047514008369e-01
 4.5033121620722144e-01  -2.4891828367870714e-01
 5.6707285029181476e-01  -6.1782315173287583e-02
 5.7958372652847168e-01  -6.8406717381408674e-02
 6.0406854732531323e-01  -8.4422904528966031e-02
 6.2534286388232052e-01  -1.0957310337418892e-01
 6.1730026587701670e-01  -1.4054318762729334e-01
 5.5827763278827636e-01  -1.6992751086390548e-01
 4.6499177034803985e-01  -1.8996220048983331e-01
 4.0297512479702413e-01  -1.9801773320518604e-01
 4.7032096974674015e-01  -4.4224849745016517e-02
 4.7954984489803831e-01  -4.9001180451856488e-02
 4.9779579932892032e-01  -6.0583882970870313e-02
 5.1418588395913900e-01  -7.8889849580350890e-02
 5.0927260335128888e-01  -1.0169539083347118e-01
 4.6524206755795439e-01  -1.2373236743535802e-01
 3.9244842983638450e-01  -1.3910756138450531e-01
 3.4265308166102154e-01  -1.4541021361072434e-01
 3.7579436875941685e-01  -3.0860337474276529e-02
 3.8234414696948343e-01  -3.4206876256512850e-02
 3.9536938621110462e-01  -4.2336605529823393e-02
 4.0729312316665267e-01  -5.5235628844730739e-02
 4.0422458451751248e-01  -7.1426162620676512e-02
 3.7256848261243769e-01  -8.7276941805942129e-02
 3.1836415888038760e-01  -9.8547403995994001e-02
 2.8029372884226367e-01  -1.0325222867724358e-01
 3.2209066011160220e-01  -2.4633375974429494e-02
 3.2734997251479103e-01  -2.7308476897424439e-02
 3.3783082225884425e-01  -3.3811197513237148e-02
 3.4748976881499560e-01  -4.4143490296837028e-02
 3.4514571879730610e-01  -5.7149232907293207e-02
 3.1956767143958281e-01  -6.9949582817048939e-02
 2.7509256228103512e-01  -7.9128572951773890e-02
 2.4344090237841931e-01  -8.2995379614050180e-02
 5.1070725227367042e-01  -3.2669022822453986e-01
 4.9886581742574204e-01  -3.2801326909546547e-01
 4.7207538177088065e-01  -3.3079970387264379e-01
 4.3336695551109722e-01  -3.3436470849376837e-01
 3.8808691371767351e-01  -3.3792462070030721e-01
 3.4397110916059465e-01  -3.4083785261491401e-01
 3.0994481420286663e-01  -3.4275118515976011e-01
 2.9386416481865640e-01  -3.4356221164737882e-01
 5.0276833138979493e-01  -3.1565198644761866e-01
 4.9115993805548558e-01  -3.1694575464991592e-01
 4.6488530187921473e-01  -3.1967128725055372e-01
 4.2689578415271190e-01  -3.2315993283474825e-01
 3.8242028700854186e-01  -3.2664548868321303e-01
 3.3905372817146773e-01  -3.2949943001762044e-01
 3.0558373985215626e-01  -3.3137467350242700e-01
 2.8975981836106796e-01  -3.3216977833888028e-01
 4.8317869680504283e-01  -2.8945535390869576e-01
 4.7214227619413485e-01  -2.9067707574388479e-01
 4.4713461472151572e-01  -2.9325265906653414e-01
 4.1091309713269508e-01  -2.9655319141228509e-01
 3.6841882573743068e-01  -2.9985545243465284e-01
 3.2689952074722262e-01  -3.0256315540370377e-01
 2.9480229344393016e-01  -3.0434441497155690e-01
 2.7961217878160272e-01  -3.0510022460889064e-01
 4.5033121620722066e-01  -2.4891828367870739e-01
 4.4024308428313697e-01  -2.5002048189609566e-01
 4.1733952848166861e-01  -2.5234709873334349e-01
 3.8406170737854434e-01  -2.5533490817287730e-01
 3.4487534048503027e-01  -2.5833203368539426e-01
 3.0644778249389970e-01  -2.6079598793150194e-01
 2.7665219007571323e-01  -2.6242045340715869e-01
 2.6252578119733644e-01  -2.6311067329984456e-01
 4.0297512479702413e-01  -1.9801773320518615e-01
 3.9422635492627556e-01  -1.9895309650925283e-01
 3.7430353066645972e-01  -2.0093165344679353e-01
 3.4521485992496043e-01  -2.0348121358253529e-01
 3.1075961975971855e-01  -2.0604956850946385e-01
 2.7677384055855575e-01  -2.0817017798601195e-01
 2.5029571131200457e-01  -2.0957338604284423e-01
 2.3770523907715546e-01  -2.1017095697205845e-01
 3.4265308166102088e-01  -1.4541021361072454e-01
 3.3555108722271876e-01  -1.4614790402003666e-01
 3.1931123556672369e-01  -1.4771290433344222e-01
 2.9543816100959508e-01  -1.4973945692902307e-01
 2.6692358503897512e-01  -1.5179356252397846e-01
 2.3855812056266404e-01  -1.5350049520549092e-01
 2.1630156323626562e-01  -1.5463620954852253e-01
 2.0567183829390417e-01  -1.5512155391058491e-01
 2.8029372884226345e-01  -1.0325222867724364e-01
 2.7480321632489485e-01  -1.0380743570646610e-01
 2.6219272867971655e-01  -1.0498900984642015e-01
 2.4351652633935034e-01  -1.0652731385575569e-01
 2.2099730021784661e-01  -1.0809747241264840e-01
 1.9837174337051844e-01  -1.0941213212005674e-01
 1.8046575389268726e-01  -1.1029270283727514e-01
 1.7186716346284028e-01  -1.1067064021679830e-01
 2.4344090237841923e-01  -8.2995379614050166e-02
 2.3884834755586609e-01  -8.3453728237529418e-02
 2.2827365419213963e-01  -8.4430911243312506e-02
 2.1254408396595595e-01  -8.5707102330798715e-02
 1.9346869041461101e-01  -8.7015215228977899e-02
 1.7418248863638022e-01  -8.8115657298920236e-02
 1.5883321384461005e-01  -8.8855945626613683e-02
 1.5143531681107306e-01  -8.9174590833314527e-02
 2.9386416481865640e-01  -3.4356221164737882e-01
 2.7746690493651543e-01  -3.4433084108539364e-01
 2.4054865927826788e-01  -3.4585683045132620e-01
 1.8760767677302082e-01  -3.4758708990066267e-01
 1.2621083327008045e-01  -3.4898294963764481e-01
 6.6878167809586747e-02  -3.4977174236778058e-01
 2.1407591766381545e-02  -3.5003698478461376e-01
 0.0000000000000000e+00  -3.5006649839152054e-01
 2.8975981836106796e-01  -3.3216977833888028e-01
 2.7362041121494668e-01  -3.3292345036720256e-01
 2.3726874418384364e-01  -3.3442015567854272e-01
 1.8510830791879004e-01  -3.3611796680699485e-01
 1.2457285278163394e-01  -3.3748838462865038e-01
 6.6031049798162059e-02  -3.3826321511105123e-01
 2.1141075095066748e-02  -3.3852387807155820e-01
 0.0000000000000000e+00  -3.3855288977588416e-01
 2.7961217878160272e-01  -3.0510022460889064e-01
 2.6410951956459666e-01  -3.0581697648902267e-01
 2.2915746080475283e-01  -3.0724138534801432e-01
 1.7892602424764803e-01  -3.0885906828407655e-01
 1.2052043147963300e-01  -3.1016664474836425e-01
 6.3935691540218401e-02  -3.1090698017894614e-01
 2.0482678495594417e-02  -3.1115632597827342e-01
 0.0000000000000000e+00  -3.1118409842065203e-01
 2.6252578119733644e-01  -2.6311067329984456e-01
 2.4809237075863197e-01  -2.6376578182077015e-01
 2.1549254407059526e-01  -2.6506943108616204e-01
 1.6850687207397058e-01  -2.6655319423480545e-01
 1.1368881738233046e-01  -2.6775568542737738e-01
 6.0402357817063934e-02  -2.6843831816999231e-01
 1.9371882201209781e-02  -2.6866873159632287e-01
 0.0000000000000000e+00  -2.6869443031543749e-01
 2.3770523907715546e-01  -2.1017095697205845e-01
 2.2481737272945643e-01  -2.1073894070147198e-01
 1.9562267233958891e-01  -2.1187177027476051e-01
 1.5334531330755000e-01  -2.1316587718090846e-01
 1.0374167182195458e-01  -2.1421938207525038e-01
 5.5256804477973098e-02  -2.1482013840106276e-01
 1.7755179586871582e-02  -2.1502367394032212e-01
 0.0000000000000000e+00  -2.1504642949418909e-01
 2.0567183829390417e-01  -1.5512155391058491e-01
 1.9476065468504722e-01  -1.5558388444848087e-01
 1.6993286392793427e-01  -1.5650923111524853e-01
 1.3371693991914710e-01  -1.5757244723654515e-01
 9.0850504064810433e-02  -1.5844417762352539e-01
 4.8584059926558398e-02  -1.5894488954600833e-01
 1.5657698811015638e-02  -1.5911556065854371e-01
 0.0000000000000000e+00  -1.5913471606799345e-01
 1.7186716346284028e-01  -1.1067064021679830e-01
 1.6300991313372085e-01  -1.1103165467307961e-01
 1.4274046719615358e-01  -1.1175745843269855e-01
 1.1289323091567252e-01  -1.1259769453534148e-01
 7.7149590647163716e-02  -1.1329317192631443e-01
 4.1483637930633338e-02  -1.1369661307448561e-01
 1.3423224348630724e-02  -1.1383529452115299e-01
 0.0000000000000000e+00  -1.1385094236004790e-01
 1.5143531681107306e-01  -8.9174590833314527e-02
 1.4379652505140500e-01  -8.9479541275785140e-02
 1.2624551653570690e-01  -9.0094532325689550e-02
 1.0022525648580535e-01  -9.0810293964270525e-02
 6.8794528454040979e-02  -9.1406870536761817e-02
 3.7149906735815641e-02  -9.1755517246444193e-02
 1.2061665069751752e-02  -9.1876136593907712e-02
 0.0000000000000000e+00  -9.1889806229202758e-02
 0.0000000000000000e+00   9.1889806228704629e-02
 1.2061665069274224e-02   9.1876136595197541e-02
 3.7149906735886425e-02   9.1755517244182974e-02
 6.8794528455477871e-02   9.1406870538295409e-02
 1.0022525648494106e-01   9.0810293965980129e-02
 1.2624551653326577e-01   9.0094532323644186e-02
 1.4379652504984630e-01   8.9479541272780225e-02
 1.5143531681038183e-01   8.9174590830683034e-02
 0.0000000000000000e+00   8.9092134707721843e-02
 1.1869951347524881e-02   8.9078734178376501e-02
 3.6540584639791582e-02   8.8960568781079136e-02
 6.7621012973902994e-02   8.8619360733712446e-02
 9.8448242194409050e-02   8.8036182561123499e-02
 1.2393530696252789e-01   8.7337233133292239e-02
 1.4110922806271087e-01   8.6737164658510224e-02
 1.4857949544585863e-01   8.6439749107892844e-02
 0.0000000000000000e+00   8.2944072012298156e-02
 1.1431432694998096e-02   8.2931278511654202e-02
 3.5148286772616340e-02   8.2818643696659922e-02
 6.4941038245660221e-02   8.2494195885064847e-02
 9.4392439485918328e-02   8.1941177083860686e-02
 1.1866641010069116e-01   8.1280017908222743e-02
 1.3498416248155745e-01   8.0713446251269513e-02
 1.4207230924340514e-01   8.0432929136828563e-02
 0.0000000000000000e+00   7.4462281787106052e-02
 1.0783888985990944e-02   7.4450363993682919e-02
 3.3095098575192300e-02   7.4345698343662739e-02
 6.0992662508853317e-02   7.4045383877585066e-02
 8.8424014724589828e-02   7.3535709191540205e-02
 1.1092369423593552e-01   7.2928714753117421e-02
 1.2599392618176128e-01   7.2410030858890570e-02
 1.3252664634851771e-01   7.2153631868973583e-02
 0.0000000000000000e+00   6.5066332876508287e-02
 1.0001448351392080e-02   6.5055443049276157e-02
 3.0614636695929079e-02   6.4960130309044739e-02
 5.6227721935561012e-02   6.4688092568889452e-02
 8.1234925458472607e-02   6.4229042984518939e-02
 1.0161769990435927e-01   6.3685052781089185e-02
 1.1520755761384115e-01   6.3221860145967507e-02
 1.2108347086036919e-01   6.2993340875088247e-02
 0.0000000000000000e+00   5.6385175250379921e-02
 9.2080047111370144e-03   5.6375297291639440e-02
 2.8095674828874106e-02   5.6289201423542212e-02
 5.1394273486160401e-02   5.6044949922136773e-02
 7.3961795468087024e-02   5.5635424775350335e-02
 9.2230094757413228e-02   5.5152738441086285e-02
 1.0435105718316345e-01   5.4743280613901622e-02
 1.0957798780346613e-01   5.4541677862691859e-02
 0.0000000000000000e+00   4.9971334338148175e-02
 8.5701726893033809e-03   4.9962248871515368e-02
 2.6068572621657921e-02   4.9883376114726576e-02
 4.7510133895438109e-02   4.9660832087305928e-02
 6.8134295171076803e-02   4.9289803442819698e-02
 8.4731786062989589e-02   4.8854494149615776e-02
 9.5699954777300450e-02   4.8486357853093312e-02
 1.0041968686683472e-01   4.8305391550267002e-02
 0.0000000000000000e+00   4.7018494019126431e-02
 8.2593366782679947e-03   4.7009788159515564e-02
 2.5080929049583835e-02   4.6934373225454837e-02
 4.5620279362158296e-02   4.6722198416712477e-02
 6.5305234998488296e-02   4.6369488099389004e-02
 8.1100109431934700e-02   4.5956623905983228e-02
 9.1517276282210402e-02   4.5607993039418260e-02
 9.5995301393827004e-02   4.5436747272588653e-02
 1.5143531681038183e-01   8.9174590830683034e-02
 1.5883321384492199e-01   8.8855945624765412e-02
 1.7418248863874136e-01   8.8115657299472849e-02
 1.9346869041796463e-01   8.7015215231952797e-02
 2.1254408396734789e-01   8.5707102333142632e-02
 2.2827365419043166e-01   8.4430911242982964e-02
 2.3884834755234807e-01   8.3453728235325347e-02
 2.4344090237440991e-01   8.2995379611263492e-02
 1.4857949544585863e-01   8.6439749107892844e-02
 1.5581163919724458e-01   8.6129062219953437e-02
 1.7080904592687451e-01   8.5407562309969362e-02
 1.8963799958290004e-01   8.4335709265624628e-02
 2.0824476760006644e-01   8.3062418730003557e-02
 2.2357584661315880e-01   8.1820913494743075e-02
 2.3387660330328033e-01   8.0870688056519410e-02
 2.3834869198500250e-01   8.0425089050632392e-02
 1.4207230924340514e-01   8.0432929136828563e-02
 1.4892893390954098e-01   8.0140079846982668e-02
 1.6313024751278873e-01   7.9460651783688580e-02
 1.8092694922429747e-01   7.8452717996260760e-02
 1.9847854958200489e-01   7.7257141885334182e-02
 2.1291466818113197e-01   7.6092912652597280e-02
 2.2260144734399701e-01   7.5202664690877830e-02
 2.2680385869580449e-01   7.4785409761366009e-02
 1.3252664634851771e-01   7.2153631868973583e-02
 1.3883828386685890e-01   7.1886213673527030e-02
 1.5188706555733217e-01   7.1266663297596636e-02
 1.6819521822399749e-01   7.0349448498800621e-02
 1.8423227415537091e-01   6.9263815291031469e-02
 1.9738949971508934e-01   6.8208578988944585e-02
 2.0620195438836300e-01   6.7402729520524562e-02
 2.1002111861010353e-01   6.7025305918515535e-02
 1.2108347086036919e-01   6.2993340875088247e-02
 1.2675206310221160e-01   6.2755274528238147e-02
 1.3844565787658722e-01   6.2204662599780691e-02
 1.5301315518004607e-01   6.1391490083283679e-02
 1.6729034463442405e-01   6.0431393738510669e-02
 1.7897021270278651e-01   5.9500111588051768e-02
 1.8677715607258533e-01   5.8789956975737745e-02
 1.9015670231795045e-01   5.8457618190620016e-02
 1.0957798780346613e-01   5.4541677862691859e-02
 1.1461286578383430e-01   5.4331896020338416e-02
 1.2497642844167799e-01   5.3847520251456268e-02
 1.3784652976804862e-01   5.3133861773953739e-02
 1.5041982036097015e-01   5.2293245873129543e-02
 1.6067837825601319e-01   5.1479422792367557e-02
 1.6752246703295701e-01   5.0859658569712959e-02
 1.7048215664559793e-01   5.0569828827732803e-02
 1.0041968686683472e-01   4.8305391550267002e-02
 1.0496056765387317e-01   4.8117254906452731e-02
 1.1429140542816944e-01   4.7683423861688515e-02
 1.2585140006400158e-01   4.7045383868640510e-02
 1.3711801530654641e-01   4.6295152017797270e-02
 1.4629263836081158e-01   4.5569843232990355e-02
 1.5240533601466155e-01   4.5018008432943055e-02
 1.5504680371763818e-01   4.4760076280472468e-02
 9.5995301393827004e-02   4.5436747272588653e-02
 1.0030118402336226e-01   4.5258793234029614e-02
 1.0914205237491842e-01   4.4848694054107047e-02
 1.2008291957354174e-01   4.4246058524899136e-02
 1.3073457681103617e-01   4.3538021224938842e-02
 1.3940085064215066e-01   4.2853933747152594e-02
 1.4517138486312794e-01   4.2333679988886187e-02
 1.4766418330895856e-01   4.2090563528599634e-02
 2.4344090237441010e-01   8.2995379611263367e-02
 2.7509256228142975e-01   7.9128572952071236e-02
 3.1956767143658965e-01   6.9949582814201453e-02
 3.4514571880213002e-01   5.7149232907696829e-02
 3.4748976881260435e-01   4.4143490300243039e-02
 3.3783082226096639e-01   3.3811197510222726e-02
 3.2734997251209808e-01   2.7308476901666774e-02
 3.2209066010861587e-01   2.4633375975325947e-02
 2.3834869198500286e-01   8.0425089050632309e-02
 2.6914581523821995e-01   7.6668012513820327e-02
 3.1234858157682288e-01   6.7759676541076536e-02
 3.3714944186995882e-01   5.5349377014060765e-02
 3.3940767798493948e-01   4.2747642672797716e-02
 3.3004016597934743e-01   3.2739523762121484e-02
 3.1988307803492705e-01   2.6441830620532181e-02
 3.1478740977092023e-01   2.3851256339323893e-02
 2.2680385869580474e-01   7.4785409761365954e-02
 2.5569369425253702e-01   7.1271778979230191e-02
 2.9607532169729467e-01   6.2961291304932998e-02
 3.1916640437359128e-01   5.1408949068287038e-02
 3.2124067488520253e-01   3.9693500745181493e-02
 3.1251536203457486e-01   3.0395507218905313e-02
 3.0306917818049484e-01   2.4546614764934090e-02
 2.9833243654974212e-01   2.2141008043852425e-02
 2.1002111861010381e-01   6.7025305918515549e-02
 2.3621390104756698e-01   6.3852610038142160e-02
 2.7264899975578660e-01   5.6373398799170013e-02
 2.9337776042196645e-01   4.6006017613245666e-02
 2.9520796282507383e-01   3.5509569598087896e-02
 2.8737190116357425e-01   2.7186119286556409e-02
 2.7890482829239205e-01   2.1952456334999919e-02
 2.7466160026235625e-01   1.9800284562127835e-02
 1.9015670231795062e-01   5.8457618190619953e-02
 2.1327476265629833e-01   5.5669164552589398e-02
 2.4526904792762355e-01   4.9118716290197879e-02
 2.6337743005473174e-01   4.0064950641178466e-02
 2.6494912874050330e-01   3.0913508059137909e-02
 2.5810141495387279e-01   2.3662686208186047e-02
 2.5071619935569123e-01   1.9105344560559723e-02
 2.4701729207543607e-01   1.7231623563117686e-02
 1.7048215664559810e-01   5.0569828827732775e-02
 1.9068190603986182e-01   4.8142075580071997e-02
 2.1851507510139243e-01   4.2456072091435336e-02
 2.3420068708598024e-01   3.4615990936632243e-02
 2.3554329134206498e-01   2.6701912174972697e-02
 2.2961064079255383e-01   2.0435692506765583e-02
 2.2322188852633768e-01   1.6498492458723316e-02
 2.2002356683674257e-01   1.4879970105346892e-02
 1.5504680371763827e-01   4.4760076280472412e-02
 1.7304589119065911e-01   4.2602004965700130e-02
 1.9777304916576138e-01   3.7557937673707152e-02
 2.1166848167487004e-01   3.0614079072434176e-02
 2.1284709782510305e-01   2.3610792154535848e-02
 2.0759109216372190e-01   1.8068134584774118e-02
 2.0193641924217445e-01   1.4586300238046294e-02
 1.9910646684887506e-01   1.3155103094054946e-02
 1.4766418330895864e-01   4.2090563528599620e-02
 1.6463830326192311e-01   4.0057480158333714e-02
 1.8792741645163136e-01   3.5309740042191749e-02
 2.0099881627755925e-01   2.8778259647384504e-02
 2.0210329491276555e-01   2.2193302396762041e-02
 1.9715885241337366e-01   1.6982678238057047e-02
 1.9184149570381412e-01   1.3709713252562386e-02
 1.8918070689459798e-01   1.2364422737325496e-02
 3.2209066010861548e-01   2.4633375975325944e-02
 3.1873061499653610e-01   2.3056489451788939e-02
 3.1132308224309524e-01   1.9861469832977766e-02
 3.0133945197095535e-01   1.6024677688309980e-02
 2.9099580451944840e-01   1.2469522981481079e-02
 2.8238516614390291e-01   9.7506379629916876e-03
 2.7671051210143982e-01   8.0430522044273711e-03
 2.7430908728569603e-01   7.3329791764519319e-03
 3.1478740977092029e-01   2.3851256339323865e-02
 3.1153219969750306e-01   2.2324240205739389e-02
 3.0435642038952437e-01   1.9230360509909856e-02
 2.9468623975943697e-01   1.5515179357492810e-02
 2.8466837066113992e-01   1.2072848083772538e-02
 2.7632955487440525e-01   9.4403319066316271e-03
 2.7083430057327484e-01   7.7870259312111606e-03
 2.6850885100404626e-01   7.0995324251317219e-03
 2.9833243654974184e-01   2.2141008043852415e-02
 2.9530707243218951e-01   2.0723107406480475e-02
 2.8863919864816517e-01   1.7850488847800709e-02
 2.7965560047459986e-01   1.4401301667471488e-02
 2.7035097134852049e-01   1.1205697844874345e-02
 2.6260706834420028e-01   8.7620289273028455e-03
 2.5750436266885324e-01   7.2273948266172354e-03
 2.5534513635892547e-01   6.5892642449085579e-03
 2.7466160026235598e-01   1.9800284562127832e-02
 2.7195207406026511e-01   1.8531858954676132e-02
 2.6598170284951872e-01   1.5962276469087926e-02
 2.5794021969882663e-01   1.2877284290528394e-02
 2.4961356304692037e-01   1.0019400615860104e-02
 2.4268496920653201e-01   7.8341672200223731e-03
 2.3812005852768184e-01   6.4619094699172163e-03
 2.3618851844457506e-01   5.8913156389171313e-03
 2.4701729207543596e-01   1.7231623563117672e-02
 2.4465588010237618e-01   1.6127390436480312e-02
 2.3945376172943703e-01   1.3890603164788530e-02
 2.3244904510531020e-01   1.1205443021338029e-02
 2.2519776915901626e-01   8.7182112007077716e-03
 2.1916517040573028e-01   6.8165440764947696e-03
 2.1519106142165031e-01   5.6224226563039107e-03
 2.1350960319671086e-01   5.1259139022730889e-03
 2.2002356683674243e-01   1.4879970105346892e-02
 2.1798209567913077e-01   1.3926188726353790e-02
 2.1348559798273742e-01   1.1994283122041399e-02
 2.0743240001690852e-01   9.6753149369983044e-03
 2.0116743189889752e-01   7.5274568927440359e-03
 1.9595616134171701e-01   5.8853709232830950e-03
 1.9252344812023975e-01   4.8542943695510559e-03
 1.9107112707968943e-01   4.4255888356582417e-03
 1.9910646684887504e-01   1.3155103094054951e-02
 1.9730032225870131e-01   1.2311743015246082e-02
 1.9332258126694069e-01   1.0603566348084894e-02
 1.8796853592890511e-01   8.5532626787188648e-03
 1.8242794510960511e-01   6.6543436543484930e-03
 1.7781963719922175e-01   5.2026374660573884e-03
 1.7478428859927139e-01   4.2911271398047004e-03
 1.7350013042491158e-01   3.9121409952628380e-03
 1.8918070689459793e-01   1.2364422737325492e-02
 1.8748260274967138e-01   1.1571697443326012e-02
 1.8374296750640426e-01   9.9661054775125289e-03
 1.7870973005107008e-01   8.0389764684019472e-03
 1.7350143194487416e-01   6.2541759259859692e-03
 1.6916966136185385e-01   4.8897361408731070e-03
 1.6631653327043097e-01   4.0330294374852265e-03
 1.6510948541539983e-01   3.6768315997963989e-03
 2.7430908728569603e-01   7.3329791764519319e-03
 2.7203851763840470e-01   6.6646240614784006e-03
 2.6755504004283381e-01   5.3378424906706428e-03
 2.6253357294198393e-01   3.7781747426386004e-03
 2.5856131010949740e-01   2.3283751218974936e-03
 2.5636940658315588e-01   1.1621175909692777e-03
 2.5564865313447976e-01   3.6091694468268827e-04
 2.5556967197382574e-01  -1.4357798356207758e-12
 2.6850885100404626e-01   7.0995324251317219e-03
 2.6631014534064423e-01   6.4524345991061041e-03
 2.6196864767215766e-01   5.1678643383748727e-03
 2.5710630967766585e-01   3.6578384208703521e-03
 2.5326000540315491e-01   2.2542037403660031e-03
 2.5113763409208745e-01   1.1250946026871158e-03
 2.5043974863108032e-01   3.4941844488450732e-04
 2.5036327349147974e-01  -1.6057560983025929e-12
 2.5534513635892547e-01   6.5892642449085579e-03
 2.5330364908376818e-01   5.9886372665289862e-03
 2.4927273902298758e-01   4.7963415607494416e-03
 2.4475846940847756e-01   3.3948262777541895e-03
 2.4118765156219799e-01   2.0920955303932770e-03
 2.3921734515885026e-01   1.0441786504386083e-03
 2.3856947052474745e-01   3.2428790608967164e-04
 2.3849847589781803e-01  -1.4899733727250418e-12
 2.3618851844457506e-01   5.8913156389171313e-03
 2.3436236219435261e-01   5.3542655900937330e-03
 2.3075679032522223e-01   4.2882023996289390e-03
 2.2671911646105580e-01   3.0351159323506183e-03
 2.2352545520513073e-01   1.8703951894206928e-03
 2.2176331302732571e-01   9.3351972167759665e-04
 2.2118389731111546e-01   2.8992016554153170e-04
 2.2112040485813664e-01  -4.1849644872829514e-13
 2.1350960319671086e-01   5.1259139022730889e-03
 2.1191993483597282e-01   4.6586015881441229e-03
 2.0878142804693758e-01   3.7309929257841627e-03
 2.0526701119760510e-01   2.6406887782841706e-03
 2.0248736778170823e-01   1.6273074921490092e-03
 2.0095371199826703e-01   8.1218824615464716e-04
 2.0044943500092116e-01   2.5223809088661373e-04
 2.0039417662183243e-01   9.5058507647973734e-13
 1.9107112707968943e-01   4.4255888356582417e-03
 1.8969812356188395e-01   4.0220980918379791e-03
 1.8698747740817143e-01   3.2211899461835523e-03
 1.8395230628741746e-01   2.2798350098028686e-03
 1.8155180931668327e-01   1.4049191279226212e-03
 1.8022738138590583e-01   7.0119033253564450e-04
 1.7979190470229531e-01   2.1776549925024713e-04
 1.7974418553325303e-01   1.1644547888485840e-12
 1.7350013042491158e-01   3.9121409952628380e-03
 1.7228612790050957e-01   3.5554483516028368e-03
 1.6988944107699278e-01   2.8474408287660351e-03
 1.6720588375746620e-01   2.0152928685261435e-03
 1.6508353490258482e-01   1.2418903018900976e-03
 1.6391259367456140e-01   6.1982071874830652e-04
 1.6352758465965533e-01   1.9249461931610635e-04
 1.6348539560640440e-01   4.9676585715098643e-13
 1.6510948541539983e-01   3.6768315997963989e-03
 1.6396838968140048e-01   3.3415879184634993e-03
 1.6171565566001436e-01   2.6761584112922660e-03
 1.5919330475385363e-01   1.8940602136595778e-03
 1.5719847341099466e-01   1.1671795877248785e-03
 1.5609789630165355e-01   5.8253193255174271e-04
 1.5573602301170933e-01   1.8091388846626830e-04
 1.5569636908627485e-01   6.7214430480941770e-14
 2.5556967197382574e-01  -1.4357798356207758e-12
 2.5564865312691193e-01  -3.6091694690223211e-04
 2.5636940656865331e-01  -1.1621175891904649e-03
 2.5856131011178252e-01  -2.3283751202156778e-03
 2.6253357295415514e-01  -3.7781747465577662e-03
 2.6755504003824188e-01  -5.3378424891319101e-03
 2.7203851762773762e-01  -6.6646240569216740e-03
 2.7430908727717301e-01  -7.3329791731822792e-03
 2.5036327349147974e-01  -1.6057560983025929e-12
 2.5043974862779644e-01  -3.4941844741882009e-04
 2.5113763408544904e-01  -1.1250946009925273e-03
 2.5326000540327653e-01  -2.2542037382710092e-03
 2.5710630968378423e-01  -3.6578384246121688e-03
 2.6196864767146372e-01  -5.1678643374392548e-03
 2.6631014533539982e-01  -6.4524345949689890e-03
 2.6850885099885446e-01  -7.0995324219311666e-03
 2.3849847589781803e-01  -1.4899733727250418e-12
 2.3856947053136149e-01  -3.2428790853730261e-04
 2.3921734517053717e-01  -1.0441786494110254e-03
 2.4118765155772687e-01  -2.0920955280555298e-03
 2.4475846940025017e-01  -3.3948262800397896e-03
 2.4927273903068170e-01  -4.7963415613280118e-03
 2.5330364909127717e-01  -5.9886372644647407e-03
 2.5534513636206785e-01  -6.5892642427880441e-03
 2.2112040485813664e-01  -4.1849644872829514e-13
 2.2118389732660884e-01  -2.8992016636247744e-04
 2.2176331305574784e-01  -9.3351972214658608e-04
 2.2352545519729708e-01  -1.8703951882197715e-03
 2.2671911643927867e-01  -3.0351159313405877e-03
 2.3075679033928229e-01  -4.2882024017951827e-03
 2.3436236221373663e-01  -5.3542655919857794e-03
 2.3618851845640171e-01  -5.8913156395138822e-03
 2.0039417662183243e-01   9.5058507647973734e-13
 2.0044943501226892e-01  -2.5223808947603087e-04
 2.0095371201947668e-01  -8.1218824766748291e-04
 2.0248736777697390e-01  -1.6273074930261402e-03
 2.0526701118073121e-01  -2.6406887749564670e-03
 2.0878142805571825e-01  -3.7309929276797432e-03
 2.1191993485079827e-01  -4.6586015922597786e-03
 2.1350960320701873e-01  -5.1259139049792748e-03
 1.7974418553325303e-01   1.1644547888485840e-12
 1.7979190469912490e-01  -2.1776549735656405e-04
 1.8022738138044428e-01  -7.0119033344760598e-04
 1.8155180931917730e-01  -1.4049191296710293e-03
 1.8395230629101719e-01  -2.2798350077822631e-03
 1.8698747740397126e-01  -3.2211899460240431e-03
 1.8969812355855964e-01  -4.0220980938046663e-03
 1.9107112707880938e-01  -4.4255888374812903e-03
 1.6348539560640440e-01   4.9676585715098643e-13
 1.6352758464694822e-01  -1.9249461839955263e-04
 1.6391259365135225e-01  -6.1982071851964665e-04
 1.6508353490923586e-01  -1.2418903030761779e-03
 1.6720588377503337e-01  -2.0152928690165212e-03
 1.6988944106517384e-01  -2.8474408270765085e-03
 1.7228612788494865e-01  -3.5554483504198981e-03
 1.7350013041576581e-01  -3.9121409950513579e-03
 1.5569636908627485e-01   6.7214430480941770e-14
 1.5573602299702302e-01  -1.8091388821853493e-04
 1.5609789627467774e-01  -5.8253193181760882e-04
 1.5719847341829551e-01  -1.1671795883860801e-03
 1.5919330477451063e-01  -1.8940602152661913e-03
 1.6171565564694021e-01  -2.6761584092191508e-03
 1.6396838966317873e-01  -3.3415879160007566e-03
 1.6510948540420040e-01  -3.6768315986396042e-03
 2.7430908727717301e-01  -7.3329791731822792e-03
 2.7671051209730191e-01  -8.0430522038096933e-03
 2.8238516614979120e-01  -9.7506379677149910e-03
 2.9099580452402790e-01  -1.2469522981221889e-02
 3.0133945196625977e-01  -1.6024677684334732e-02
 3.1132308224137811e-01  -1.9861469837237220e-02
 3.1873061499873900e-01  -2.3056489454051754e-02
 3.2209066011160203e-01  -2.4633375974429491e-02
 2.6850885099885446e-01  -7.0995324219311666e-03
 2.7083430056954433e-01  -7.7870259302673965e-03
 2.7632955487615624e-01  -9.4403319106189498e-03
 2.8466837066507517e-01  -1.2072848083785920e-02
 2.9468623975709479e-01  -1.5515179354046393e-02
 3.0435642038722849e-01  -1.9230360513516457e-02
 3.1153219969888013e-01  -2.2324240207612589e-02
 3.1478740977339276e-01  -2.3851256338475121e-02
 2.5534513636206785e-01  -6.5892642427880441e-03
 2.5750436266693411e-01  -7.2273948252827491e-03
 2.6260706833683350e-01  -8.7620289286129849e-03
 2.7035097135011915e-01  -1.1205697845436118e-02
 2.7965560047771992e-01  -1.4401301666126524e-02
 2.8863919864527515e-01  -1.7850488849018211e-02
 2.9530707243159776e-01  -2.0723107406994064e-02
 2.9833243655058728e-01  -2.2141008043335565e-02
 2.3618851845640171e-01  -5.8913156395138822e-03
 2.3812005852902410e-01  -6.4619094689200582e-03
 2.4268496919179947e-01  -7.8341672170732981e-03
 2.4961356304482182e-01  -1.0019400616762238e-02
 2.5794021970691694e-01  -1.2877284292739459e-02
 2.6598170284747868e-01  -1.5962276466484002e-02
 2.7195207405776417e-01  -1.8531858953098373e-02
 2.7466160026089820e-01  -1.9800284562334697e-02
 2.1350960320701873e-01  -5.1259139049792748e-03
 2.1519106142482264e-01  -5.6224226564565395e-03
 2.1916517039595759e-01  -6.8165440719071971e-03
 2.2519776915531847e-01  -8.7182112011862170e-03
 2.3244904511143577e-01  -1.1205443025132711e-02
 2.3945376172975114e-01  -1.3890603160680305e-02
 2.4465588010023684e-01  -1.6127390434194946e-02
 2.4701729207316134e-01  -1.7231623563838352e-02
 1.9107112707880938e-01  -4.4255888374812903e-03
 1.9252344812195321e-01  -4.8542943704966285e-03
 1.9595616134555266e-01  -5.8853709217791790e-03
 2.0116743189733757e-01  -7.5274568924261938e-03
 2.0743240001559152e-01  -9.6753149384224500e-03
 2.1348559798474651e-01  -1.1994283120652928e-02
 2.1798209567920313e-01  -1.3926188725710480e-02
 2.2002356683583374e-01  -1.4879970105817562e-02
 1.7350013041576581e-01  -3.9121409950513579e-03
 1.7478428859876582e-01  -4.2911271406925683e-03
 1.7781963721134081e-01  -5.2026374681128041e-03
 1.8242794511066951e-01  -6.6543436536388315e-03
 1.8796853592268364e-01  -8.5532626772018439e-03
 1.9332258126899080e-01  -1.0603566349871252e-02
 1.9730032226029554e-01  -1.2311743016404192e-02
 1.9910646684947941e-01  -1.3155103094008904e-02
 1.6510948540420040e-01  -3.6768315986396042e-03
 1.6631653326900653e-01  -4.0330294381542425e-03
 1.6916966137546280e-01  -4.8897361442209542e-03
 1.7350143194693002e-01  -6.2541759252402627e-03
 1.7870973004381172e-01  -8.0389764657758656e-03
 1.8374296750807737e-01  -9.9661054804602352e-03
 1.8748260275162126e-01  -1.1571697445117794e-02
 1.8918070689575117e-01  -1.2364422737043230e-02
 3.2209066011160176e-01  -2.4633375974429470e-02
 3.2734997251479092e-01  -2.7308476897424390e-02
 3.3783082225884387e-01  -3.3811197513237100e-02
 3.4748976881499499e-01  -4.4143490296836944e-02
 3.4514571879730571e-01  -5.7149232907293096e-02
 3.1956767143958226e-01  -6.9949582817048800e-02
 2.7509256228103457e-01  -7.9128572951773821e-02
 2.4344090237841923e-01  -8.2995379614049944e-02
 3.1478740977339281e-01  -2.3851256338475103e-02
 3.1988307803731819e-01  -2.6441830616877510e-02
 3.3004016597755520e-01  -3.2739523764876037e-02
 3.3940767798630489e-01  -4.2747642669740259e-02
 3.3714944186789891e-01  -5.5349377013471118e-02
 3.1234858157936152e-01  -6.7759676543782149e-02
 2.6914581523596715e-01  -7.6668012513599879e-02
 2.3834869198772282e-01  -8.0425089053288809e-02
 2.9833243655058705e-01  -2.2141008043335547e-02
 3.0306917818160156e-01  -2.4546614763551609e-02
 3.1251536203389096e-01  -3.0395507220335533e-02
 3.2124067488404784e-01  -3.9693500743729584e-02
 3.1916640437803484e-01  -5.1408949067467659e-02
 2.9607532169815132e-01  -6.2961291306573949e-02
 2.5569369424692800e-01  -7.1271778979241765e-02
 2.2680385869501013e-01  -7.4785409762998856e-02
 2.7466160026089798e-01  -1.9800284562334687e-02
 2.7890482829125052e-01  -2.1952456337398330e-02
 2.8737190116454048e-01  -2.7186119285416557e-02
 2.9520796282137979e-01  -3.5509569599603018e-02
 2.9337776043243957e-01  -4.6006017612597434e-02
 2.7264899975395007e-01  -5.6373398798449270e-02
 2.3621390104072437e-01  -6.3852610038468594e-02
 2.1002111860515743e-01  -6.7025305917854036e-02
 2.4701729207316123e-01  -1.7231623563838328e-02
 2.5071619935343337e-01  -1.9105344564600422e-02
 2.5810141495550609e-01  -2.3662686205536097e-02
 2.6494912873743343e-01  -3.0913508062248688e-02
 2.6337743006254732e-01  -4.0064950641202343e-02
 2.4526904792476673e-01  -4.9118716287827394e-02
 2.1327476265367146e-01  -5.5669164552971329e-02
 1.9015670231307902e-01  -5.8457618188333810e-02
 2.2002356683583371e-01  -1.4879970105817557e-02
 2.2322188852533811e-01  -1.6498492460225708e-02
 2.2961064079327742e-01  -2.0435692505413085e-02
 2.3554329134249555e-01  -2.6701912176408708e-02
 2.3420068708382230e-01  -3.4615990937209122e-02
 2.1851507510051957e-01  -4.2456072089980881e-02
 1.9068190604342733e-01  -4.8142075580136445e-02
 1.7048215664561461e-01  -5.0569828826303842e-02
 1.9910646684947950e-01  -1.3155103094008903e-02
 2.0193641924284844e-01  -1.4586300236435805e-02
 2.0759109216336513e-01  -1.8068134585421156e-02
 2.1284709782804012e-01  -2.3610792153600138e-02
 2.1166848166597255e-01  -3.0614079073072713e-02
 1.9777304916714333e-01  -3.7557937674020686e-02
 1.7304589119690303e-01  -4.2602004965456679e-02
 1.5504680372168256e-01  -4.4760076280742377e-02
 1.8918070689575112e-01  -1.2364422737043228e-02
 1.9184149570513925e-01  -1.3709713249782766e-02
 1.9715885241260986e-01  -1.6982678239534709e-02
 2.0210329491629864e-01  -2.2193302394873809e-02
 2.0099881626720792e-01  -2.8778259647926713e-02
 1.8792741645381802e-01  -3.5309740043294041e-02
 1.6463830326821793e-01  -4.0057480157989621e-02
 1.4766418331412537e-01  -4.2090563529632585e-02
 2.4344090237841917e-01  -8.2995379614050083e-02
 2.3884834755586584e-01  -8.3453728237529293e-02
 2.2827365419213935e-01  -8.4430911243312409e-02
 2.1254408396595570e-01  -8.5707102330798576e-02
 1.9346869041461073e-01  -8.7015215228977705e-02
 1.7418248863638006e-01  -8.8115657298920042e-02
 1.5883321384460991e-01  -8.8855945626613544e-02
 1.5143531681107295e-01  -8.9174590833314388e-02
 2.3834869198772263e-01  -8.0425089053288892e-02
 2.3387660330632828e-01  -8.0870688058604173e-02
 2.2357584661624413e-01  -8.1820913495015066e-02
 2.0824476760161759e-01  -8.3062418727725337e-02
 1.8963799958156977e-01  -8.4335709262783221e-02
 1.7080904592377694e-01  -8.5407562309472398e-02
 1.5581163919447244e-01  -8.6129062221748098e-02
 1.4857949544376689e-01  -8.6439749110427441e-02
 2.2680385869500991e-01  -7.4785409762998911e-02
 2.2260144734519696e-01  -7.5202664692122931e-02
 2.1291466818632307e-01  -7.6092912652670472e-02
 1.9847854958944508e-01  -7.7257141883838559e-02
 1.8092694922768071e-01  -7.8452717994506774e-02
 1.6313024750897120e-01  -7.9460651783454447e-02
 1.4892893390225939e-01  -8.0140079848162682e-02
 1.4207230923592418e-01  -8.0432929138447559e-02
 2.1002111860515721e-01  -6.7025305917854119e-02
 2.0620195438647515e-01  -6.7402729519940641e-02
 1.9738949972013137e-01  -6.8208578988710605e-02
 1.8423227416635754e-01  -6.9263815291433162e-02
 1.6819521823166522e-01  -7.0349448499502240e-02
 1.5188706555472198e-01  -7.1266663297855637e-02
 1.3883828385776231e-01  -7.1886213673223898e-02
 1.3252664633817920e-01  -7.2153631868457482e-02
 1.9015670231307896e-01  -5.8457618188333851e-02
 1.8677715606936002e-01  -5.8789956973901249e-02
 1.7897021270377392e-01  -5.9500111587710999e-02
 1.6729034464009665e-01  -6.0431393740369946e-02
 1.5301315518565856e-01  -6.1391490085737507e-02
 1.3844565787712049e-01  -6.2204662600310566e-02
 1.2675206309855205e-01  -6.2755274526800062e-02
 1.2108347085548293e-01  -6.2993340872993450e-02
 1.7048215664561450e-01  -5.0569828826303884e-02
 1.6752246703179050e-01  -5.0859658568610508e-02
 1.6067837825258138e-01  -5.1479422792273022e-02
 1.5041982035651985e-01  -5.2293245874416569e-02
 1.3784652976637310e-01  -5.3133861775507406e-02
 1.2497642844437047e-01  -5.3847520251708893e-02
 1.1461286578843101e-01  -5.4331896019351046e-02
 1.0957798780806084e-01  -5.4541677861311935e-02
 1.5504680372168253e-01  -4.4760076280742404e-02
 1.5240533601599590e-01  -4.5018008433213526e-02
 1.4629263835608122e-01  -4.5569843233172300e-02
 1.3711801529678533e-01  -4.6295152017731454e-02
 1.2585140005746065e-01  -4.7045383868384166e-02
 1.1429140543081200e-01  -4.7683423861540883e-02
 1.0496056766215127e-01  -4.8117254906521453e-02
 1.0041968687612261e-01  -4.8305391550432314e-02
 1.4766418331412526e-01  -4.2090563529632627e-02
 1.4517138486538989e-01  -4.2333679989763701e-02
 1.3940085063773058e-01  -4.2853933747433751e-02
 1.3073457680066466e-01  -4.3538021224239686e-02
 1.2008291956597167e-01  -4.4246058523826758e-02
 1.0914205237702125e-01  -4.4848694053796948e-02
 1.0030118403176966e-01  -4.5258793234591199e-02
 9.5995301403527328e-02  -4.5436747273462488e-02
 1.5143531681107295e-01  -8.9174590833314388e-02
 1.4379652505140472e-01  -8.9479541275784988e-02
 1.2624551653570673e-01  -9.0094532325689397e-02
 1.0022525648580537e-01  -9.0810293964270386e-02
 6.8794528454040924e-02  -9.1406870536761650e-02
 3.7149906735815648e-02  -9.1755517246443999e-02
 1.2061665069751759e-02  -9.1876136593907531e-02
 0.0000000000000000e+00  -9.1889806229202606e-02
 1.4857949544376689e-01  -8.6439749110427441e-02
 1.4110922806157206e-01  -8.6737164661390059e-02
 1.2393530696385792e-01  -8.7337233135229272e-02
 9.8448242197354555e-02  -8.8036182559469170e-02
 6.7621012973455671e-02  -8.8619360732264091e-02
 3.6540584637674636e-02  -8.8960568783242391e-02
 1.1869951349152332e-02  -8.9078734177129748e-02
 0.0000000000000000e+00  -8.9092134708217335e-02
 1.4207230923592418e-01  -8.0432929138447559e-02
 1.3498416247494832e-01  -8.0713446253076318e-02
 1.1866641009927094e-01  -8.1280017909386978e-02
 9.4392439492515093e-02  -8.1941177082793124e-02
 6.4941038247461641e-02  -8.2494195884209781e-02
 3.5148286766697040e-02  -8.2818643698008856e-02
 1.1431432698641622e-02  -8.2931278510853634e-02
 0.0000000000000000e+00  -8.2944072012652054e-02
 1.3252664633817920e-01  -7.2153631868457482e-02
 1.2599392617169813e-01  -7.2410030858244004e-02
 1.1092369423170932e-01  -7.2928714752592674e-02
 8.8424014732266965e-02  -7.3535709191867527e-02
 6.0992662512594054e-02  -7.4045383878014306e-02
 3.3095098567618352e-02  -7.4345698343163263e-02
 1.0783888990227810e-02  -7.4450363993939145e-02
 0.0000000000000000e+00  -7.4462281787075313e-02
 1.2108347085548293e-01  -6.2993340872993450e-02
 1.1520755760847005e-01  -6.3221860143545319e-02
 1.0161769990086703e-01  -6.3685052779402840e-02
 8.1234925461155127e-02  -6.4229042985895157e-02
 5.6227721938161022e-02  -6.4688092570190120e-02
 3.0614636692750202e-02  -6.4960130307218783e-02
 1.0001448352867499e-02  -6.5055443050323916e-02
 0.0000000000000000e+00  -6.5066332876150879e-02
 1.0957798780806084e-01  -5.4541677861311935e-02
 1.0435105718710401e-01  -5.4743280612346103e-02
 9.2230094758001355e-02  -5.5152738440066865e-02
 7.3961795463864999e-02  -5.5635424776278419e-02
 5.1394273485221506e-02  -5.6044949922915449e-02
 2.8095674832584166e-02  -5.6289201422382175e-02
 9.2080047088017331e-03  -5.6375297292341475e-02
 0.0000000000000000e+00  -5.6385175250102969e-02
 1.0041968687612261e-01  -4.8305391550432314e-02
 9.5699954786240438e-02  -4.8486357853329852e-02
 8.4731786066547035e-02  -4.8854494149855314e-02
 6.8134295164039779e-02  -4.9289803442743273e-02
 4.7510133892219891e-02  -4.9660832087121069e-02
 2.6068572628522094e-02  -4.9883376114921080e-02
 8.5701726854182109e-03  -4.9962248871451807e-02
 0.0000000000000000e+00  -4.9971334338133298e-02
 9.5995301403527328e-02  -4.5436747273462488e-02
 9.1517276291776001e-02  -4.5607993040467892e-02
 8.1100109436207032e-02  -4.5956623906780396e-02
 6.5305234991492031e-02  -4.6369488098847944e-02
 4.5620279358487489e-02  -4.6722198416103297e-02
 2.5080929056602596e-02  -4.6934373226261129e-02
 8.2593366744075566e-03  -4.7009788159098814e-02
 0.0000000000000000e+00  -4.7018494019241068e-02
 0.0000000000000000e+00   4.7018494019126431e-02
 8.2593366782679947e-03   4.7009788159515564e-02
 2.5080929049583835e-02   4.6934373225454837e-02
 4.5620279362158296e-02   4.6722198416712477e-02
 6.5305234998488296e-02   4.6369488099389004e-02
 8.1100109431934700e-02   4.5956623905983228e-02
 9.1517276282210402e-02   4.5607993039418260e-02
 9.5995301393827004e-02   4.5436747272588653e-02
 0.0000000000000000e+00   4.4056390194499334e-02
 7.9352740821487158e-03   4.4048075535191744e-02
 2.4052047123806729e-02   4.3976220294490879e-02
 4.3653817379816662e-02   4.3774704534405746e-02
 6.2366380961474184e-02   4.3440770817984219e-02
 7.7333933651091660e-02   4.3050839266211074e-02
 8.7185177870162389e-02   4.2722086406796103e-02
 9.1415463741120931e-02   4.2560732294075351e-02
 0.0000000000000000e+00   3.7558086118882221e-02
 7.1755095094338996e-03   3.7550670646124981e-02
 2.1645267133539849e-02   3.7486974703253448e-02
 3.9065317239346142e-02   3.7309825576606885e-02
 5.5530813486895973e-02   3.7018579559147884e-02
 6.8602149311895580e-02   3.6680471787731733e-02
 7.7164723864151505e-02   3.6396433538301805e-02
 8.0832921731868485e-02   3.6257273333071077e-02
 0.0000000000000000e+00   2.8620875938467138e-02
 5.9979245313709871e-03   2.8614806648418402e-02
 1.7932666652155552e-02   2.8563256871434815e-02
 3.2028455303609753e-02   2.8422141799380803e-02
 4.5122236375022814e-02   2.8193255819760753e-02
 5.5394986990694874e-02   2.7929935909330694e-02
 6.2078880124813621e-02   2.7709867806988895e-02
 6.4932969333495169e-02   2.7602312899861117e-02
 0.0000000000000000e+00   1.8764128085568793e-02
 4.4655802206486897e-03   1.8759733338433449e-02
 1.3117798408633924e-02   1.8723239521495919e-02
 2.3007147017136447e-02   1.8625968392877622e-02
 3.1966275848404273e-02   1.8471191452146735e-02
 3.8895645078594089e-02   1.8295047162290114e-02
 4.3372016329696270e-02   1.8148641561809679e-02
 4.5277328978731116e-02   1.8077262659659178e-02
 0.0000000000000000e+00   9.7063552328807128e-03
 2.7230965905830945e-03   9.7037661461897382e-03
 7.6980380035090706e-03   9.6833509735995797e-03
 1.3103642235516940e-02   9.6308858149071076e-03
 1.7879415075767919e-02   9.5490918836542305e-03
 2.1530696103070388e-02   9.4568272584066790e-03
 2.3875638144745952e-02   9.3804277307895541e-03
 2.4871221619336924e-02   9.3432388238730724e-03
 0.0000000000000000e+00   3.0512797441694865e-03
 1.0222991336717602e-03   3.0503414738884370e-03
 2.7221206666731114e-03   3.0435620266824918e-03
 4.4593348983492983e-03   3.0267339245779678e-03
 5.9786231949569488e-03   3.0008353788126317e-03
 7.1363192051025030e-03   2.9717128524610254e-03
 7.8762365869630493e-03   2.9476209034906367e-03
 8.1896549501390189e-03   2.9358995769832945e-03
 0.0000000000000000e+00   0.0000000000000000e+00
 0.0000000000000000e+00   0.0000000000000000e+00
 0.0000000000000000e+00   0.0000000000000000e+00
 0.0000000000000000e+00   0.0000000000000000e+00
 0.0000000000000000e+00   0.0000000000000000e+00
 0.0000000000000000e+00   0.0000000000000000e+00
 0.0000000000000000e+00   0.0000000000000000e+00
 0.0000000000000000e+00   0.0000000000000000e+00
 9.5995301393827004e-02   4.5436747272588653e-02
 1.0030118402336226e-01   4.5258793234029614e-02
 1.0914205237491842e-01   4.4848694054107047e-02
 1.2008291957354174e-01   4.4246058524899136e-02
 1.3073457681103617e-01   4.3538021224938842e-02
 1.3940085064215066e-01   4.2853933747152594e-02
 1.4517138486312794e-01   4.2333679988886187e-02
 1.4766418330895856e-01   4.2090563528599634e-02
 9.1415463741120931e-02   4.2560732294075351e-02
 9.5480774435422633e-02   4.2393131058091338e-02
 1.0382094175427808e-01   4.2007129062238198e-02
 1.1413074323987715e-01   4.1440376150869915e-02
 1.2415723745987629e-01   4.0775022840650869e-02
 1.3230786872524586e-01   4.0132570543221786e-02
 1.3773187204151266e-01   3.9644180926528022e-02
 1.4007423266478453e-01   3.9416004334161703e-02
 8.0832921731868485e-02   3.6257273333071077e-02
 8.4353533977026579e-02   3.6112865987340842e-02
 9.1563384928746216e-02   3.5780732098184720e-02
 1.0045452251660111e-01   3.5293947015217757e-02
 1.0908152376586806e-01   3.4723430283513088e-02
 1.1608186946303892e-01   3.4173258297983622e-02
 1.2073474519972265e-01   3.3755374748388668e-02
 1.2274279265941679e-01   3.3560226100212927e-02
 6.4932969333495169e-02   2.7602312899861117e-02
 6.7667496206057429e-02   2.7490848648436175e-02
 7.3254295594345223e-02   2.7234940470347271e-02
 8.0122201631262768e-02   2.6860739223670667e-02
 8.6766539782913862e-02   2.6423090182260578e-02
 9.2146130784519831e-02   2.6001711151405062e-02
 9.5716637130398977e-02   2.5681979154978319e-02
 9.7256415133186516e-02   2.5532746149933110e-02
 4.5277328978731116e-02   1.8077262659659178e-02
 4.7099775767216169e-02   1.8003382894819793e-02
 5.0814746979671872e-02   1.7834050094440321e-02
 5.5368060829286060e-02   1.7586969988347252e-02
 5.9761323868759500e-02   1.7298537067283917e-02
 6.3311480497592179e-02   1.7021205061096115e-02
 6.5664996264764366e-02   1.6810953965967525e-02
 6.6679344701519816e-02   1.6712864126806771e-02
 2.4871221619336924e-02   9.3432388238730724e-03
 2.5822382083113545e-02   9.3047784674964128e-03
 2.7758624061796699e-02   9.2167238186745496e-03
 3.0128451512178009e-02   9.0884173742731035e-03
 3.2412449540556859e-02   8.9388127867018729e-03
 3.4256160248766140e-02   8.7950799519989770e-03
 3.5477229655896038e-02   8.6861642031805433e-03
 3.6003189659924703e-02   8.6353630079510964e-03
 8.1896549501390189e-03   2.9358995769832945e-03
 8.4888517087229089e-03   2.9237813771491256e-03
 9.0977691291301843e-03   2.8960504705727659e-03
 9.8438926115938623e-03   2.8556699810810648e-03
 1.0564143219024325e-02   2.8086104642211329e-03
 1.1145483148753998e-02   2.7634084245875346e-03
 1.1529937791153409e-02   2.7291586568647217e-03
 1.1695343010461396e-02   2.7131842263451241e-03
 0.0000000000000000e+00   0.0000000000000000e+00
 0.0000000000000000e+00   0.0000000000000000e+00
 0.0000000000000000e+00   0.0000000000000000e+00
 0.0000000000000000e+00   0.0000000000000000e+00
 0.0000000000000000e+00   0.0000000000000000e+00
 0.0000000000000000e+00   0.0000000000000000e+00
 0.0000000000000000e+00   0.0000000000000000e+00
 0.0000000000000000e+00   0.0000000000000000e+00
 1.4766418330895864e-01   4.2090563528599620e-02
 1.6463830326192311e-01   4.0057480158333714e-02
 1.8792741645163136e-01   3.5309740042191749e-02
 2.0099881627755925e-01   2.8778259647384504e-02
 2.0210329491276555e-01   2.2193302396762041e-02
 1.9715885241337366e-01   1.6982678238057047e-02
 1.9184149570381412e-01   1.3709713252562386e-02
 1.8918070689459798e-01   1.2364422737325496e-02
 1.4007423266478466e-01   3.9416004334161675e-02
 1.5601315757236020e-01   3.7508787927848466e-02
 1.7785503773495526e-01   3.3058740460340741e-02
 1.9009999147106021e-01   2.6940748743036348e-02
 1.9113090240716088e-01   2.0774807110817247e-02
 1.8649898069085824e-01   1.5896585653894464e-02
 1.8151958050784661e-01   1.2832668870182331e-02
 1.7902821200828223e-01   1.1573348918525954e-02
 1.2274279265941680e-01   3.3560226100212906e-02
 1.3638798419888756e-01   3.1930696406046483e-02
 1.5504012598558048e-01   2.8135031731451706e-02
 1.6547289670860696e-01   2.2923393488388892e-02
 1.6634502721824904e-01   1.7674504849136633e-02
 1.6239848879375818e-01   1.3523217257630287e-02
 1.5815901500238425e-01   1.0916299235631918e-02
 1.5603835673824856e-01   9.8448884104804721e-03
 9.7256415133186627e-02   2.5532746149933089e-02
 1.0770298336900319e-01   2.4288076658290081e-02
 1.2194079623767130e-01   2.1394554474688649e-02
 1.2988408063750795e-01   1.7427381082892986e-02
 1.3054299872380723e-01   1.3434914245924313e-02
 1.2753811360459016e-01   1.0278502985664391e-02
 1.2431292068073969e-01   8.2967046810271273e-03
 1.2269996585858139e-01   7.4822735960918454e-03
 6.6679344701519788e-02   1.6712864126806757e-02
 7.3552370871382458e-02   1.5895541006754738e-02
 8.2896394642905935e-02   1.3998539644756476e-02
 8.8098954539575530e-02   1.1400673726479677e-02
 8.8528015122040574e-02   8.7878291982040283e-03
 8.6559886674683353e-02   6.7227500395770027e-03
 8.4448937475222724e-02   5.4263436126141679e-03
 8.3393343555906205e-02   4.8936124069868889e-03
 3.6003189659924738e-02   8.6353630079510930e-03
 3.9563109191883841e-02   8.2122943289403248e-03
 4.4399212785305647e-02   7.2312842820247717e-03
 4.7087972238005343e-02   5.8886867275712148e-03
 4.7308510838332055e-02   4.5387958654089398e-03
 4.6291495385163084e-02   3.4720818153733640e-03
 4.5200744781780149e-02   2.8024744888150988e-03
 4.4655621283226379e-02   2.5273267535744406e-03
 1.1695343010461403e-02   2.7131842263451193e-03
 1.2812937192266090e-02   2.5801706669909808e-03
 1.4334614798825616e-02   2.2718615628706026e-03
 1.5179177971773967e-02   1.8499931822204419e-03
 1.5247736431759959e-02   1.4258765679937458e-03
 1.4928468872779958e-02   1.0907527627937173e-03
 1.4585648647698901e-02   8.8038977199854937e-04
 1.4414680249937247e-02   7.9395327190677001e-04
 0.0000000000000000e+00   0.0000000000000000e+00
 0.0000000000000000e+00   0.0000000000000000e+00
 0.0000000000000000e+00   0.0000000000000000e+00
 0.0000000000000000e+00   0.0000000000000000e+00
 0.0000000000000000e+00   0.0000000000000000e+00
 0.0000000000000000e+00   0.0000000000000000e+00
 0.0000000000000000e+00   0.0000000000000000e+00
 0.0000000000000000e+00   0.0000000000000000e+00
 1.8918070689459793e-01   1.2364422737325492e-02
 1.8748260274967138e-01   1.1571697443326012e-02
 1.8374296750640426e-01   9.9661054775125289e-03
 1.7870973005107008e-01   8.0389764684019472e-03
 1.7350143194487416e-01   6.2541759259859692e-03
 1.6916966136185385e-01   4.8897361408731070e-03
 1.6631653327043097e-01   4.0330294374852265e-03
 1.6510948541539983e-01   3.6768315997963989e-03
 1.7902821200828223e-01   1.1573348918525949e-02
 1.7743829790656432e-01   1.0831293774884074e-02
 1.7393706702428072e-01   9.3283532784474866e-03
 1.6922498127523899e-01   7.5244709944373754e-03
 1.6434927568195393e-01   5.8538484048012585e-03
 1.6029426193491036e-01   4.5767162254050763e-03
 1.5762348532942769e-01   3.7748371589593419e-03
 1.5649359986698383e-01   3.4414371762585198e-03
 1.5603835673824853e-01   9.8448884104804756e-03
 1.5468513451817428e-01   9.2135775476611913e-03
 1.5170538955488630e-01   7.9349756876573932e-03
 1.4769559767202611e-01   6.4004160317530237e-03
 1.4354700388331182e-01   4.9792757097271321e-03
 1.4009695925425636e-01   3.8928995697400655e-03
 1.3782474434270833e-01   3.2108060262600138e-03
 1.3686349691388497e-01   2.9272126568256999e-03
 1.2269996585858141e-01   7.4822735960918445e-03
 1.2167084229742202e-01   7.0023995162177147e-03
 1.1940504946176031e-01   6.0305380797333946e-03
 1.1635635995633312e-01   4.8641772294417719e-03
 1.1320239533315926e-01   3.7840688255231605e-03
 1.1057980681940406e-01   2.9584210747368857e-03
 1.0885264281892916e-01   2.4400410586302200e-03
 1.0812197973381017e-01   2.2245171935587355e-03
 8.3393343555906219e-02   4.8936124069868907e-03
 8.2719923661842720e-02   4.5797273303600713e-03
 8.1237493028139221e-02   3.9440489848852206e-03
 7.9242987209246329e-02   3.1811797971499521e-03
 7.7179659005071372e-02   2.4747520358551415e-03
 7.5464190541433274e-02   1.9347623729252131e-03
 7.4334468176014287e-02   1.5957380068044255e-03
 7.3856536705501491e-02   1.4547858327278909e-03
 4.4655621283226345e-02   2.5273267535744432e-03
 4.4307783769355923e-02   2.3652106366614978e-03
 4.3541832517530278e-02   2.0368936362842325e-03
 4.2511468452729066e-02   1.6428942997103472e-03
 4.1445948368285516e-02   1.2780599676659430e-03
 4.0559785554347916e-02   9.9917892690698008e-04
 3.9976231081283099e-02   8.2408943829909338e-04
 3.9729414419907176e-02   7.5129673735810918e-04
 1.4414680249937244e-02   7.9395327190677110e-04
 1.4305462116303017e-02   7.4302448404895110e-04
 1.4064578464456558e-02   6.3988092857504379e-04
 1.3740710793760798e-02   5.1610474114458025e-04
 1.3406283818760330e-02   4.0149643256382541e-04
 1.3127712465238119e-02   3.1388477079989299e-04
 1.2944293475293835e-02   2.5887987762498093e-04
 1.2866792926618980e-02   2.3601301343806653e-04
 0.0000000000000000e+00   0.0000000000000000e+00
 0.0000000000000000e+00   0.0000000000000000e+00
 0.0000000000000000e+00   0.0000000000000000e+00
 0.0000000000000000e+00   0.0000000000000000e+00
 0.0000000000000000e+00   0.0000000000000000e+00
 0.0000000000000000e+00   0.0000000000000000e+00
 0.0000000000000000e+00   0.0000000000000000e+00
 0.0000000000000000e+00   0.0000000000000000e+00
 1.6510948541539983e-01   3.6768315997963989e-03
 1.6396838968140048e-01   3.3415879184634993e-03
 1.6171565566001436e-01   2.6761584112922660e-03
 1.5919330475385363e-01   1.8940602136595778e-03
 1.5719847341099466e-01   1.1671795877248785e-03
 1.5609789630165355e-01   5.8253193255174271e-04
 1.5573602301170933e-01   1.8091388846626830e-04
 1.5569636908627485e-01   6.7214430480941770e-14
 1.5649359986698383e-01   3.4414371762585198e-03
 1.5542545849994618e-01   3.1276512108095790e-03
 1.5331676742018593e-01   2.5048164576326518e-03
 1.5095571923982315e-01   1.7727866841438643e-03
 1.4908847726500604e-01   1.0924443047778984e-03
 1.4805830209974974e-01   5.4523101064175318e-04
 1.4771957694305518e-01   1.6932939552622315e-04
 1.4768245951419764e-01  -3.5040809947778578e-13
 1.3686349691388497e-01   2.9272126568256999e-03
 1.3595479037108640e-01   2.6603047732168847e-03
 1.3416088087339981e-01   2.1305235803150161e-03
 1.3215232707009467e-01   1.5078711814949641e-03
 1.3056388968034413e-01   9.2919102712708931e-04
 1.2968754617457168e-01   4.6375058835562238e-04
 1.2939940218734555e-01   1.4402418031599320e-04
 1.2936782741949895e-01  -8.8732981399950842e-13
 1.0812197973381017e-01   2.2245171935587355e-03
 1.0743125784534469e-01   2.0216752281006583e-03
 1.0606771217382457e-01   1.6190617661361649e-03
 1.0454109491288219e-01   1.1458779581722427e-03
 1.0333380730188842e-01   7.0611731436504900e-04
 1.0266774146666119e-01   3.5241495340211762e-04
 1.0244874500530426e-01   1.0944710613834513e-04
 1.0242474794833306e-01  -2.8612288770684074e-13
 7.3856536705501491e-02   1.4547858327278909e-03
 7.3404728144136094e-02   1.3221286734622004e-03
 7.2512841409007434e-02   1.0588245214752981e-03
 7.1514365474537767e-02   7.4936957839657299e-04
 7.0724743904726356e-02   4.6177672423625599e-04
 7.0289094456849166e-02   2.3046804480977522e-04
 7.0145866840550519e-02   7.1575145980889627e-05
 7.0130173059014464e-02   5.9548452421208491e-13
 3.9729414419907176e-02   7.5129673735810918e-04
 3.9496111131592668e-02   6.8278900015924864e-04
 3.9035544754518973e-02   5.4681194194515698e-04
 3.8519799317728275e-02   3.8699561867737951e-04
 3.8111970243573524e-02   2.3847212973290255e-04
 3.7887010835032722e-02   1.1902234716702302e-04
 3.7813030554458303e-02   3.6964987006265557e-05
 3.7804922694102877e-02  -2.6709381969821854e-13
 1.2866792926618980e-02   2.3601301343806653e-04
 1.2793565517148752e-02   2.1449280797939345e-04
 1.2648976012461200e-02   1.7177844314777188e-04
 1.2486863332463970e-02   1.2157123131214045e-04
 1.2358720324768932e-02   7.4912680669993409e-05
 1.2288100606515627e-02   3.7391409588417397e-05
 1.2264845825989445e-02   1.1613294280334264e-05
 1.2262294815077911e-02   5.3747550384901010e-14
 0.0000000000000000e+00   0.0000000000000000e+00
 0.0000000000000000e+00   0.0000000000000000e+00
 0.0000000000000000e+00   0.0000000000000000e+00
 0.0000000000000000e+00   0.0000000000000000e+00
 0.0000000000000000e+00   0.0000000000000000e+00
 0.0000000000000000e+00   0.0000000000000000e+00
 0.0000000000000000e+00   0.0000000000000000e+00
 0.0000000000000000e+00   0.0000000000000000e+00
 1.5569636908627485e-01   6.7214430480941770e-14
 1.5573602299702302e-01  -1.8091388821853493e-04
 1.5609789627467774e-01  -5.8253193181760882e-04
 1.5719847341829551e-01  -1.1671795883860801e-03
 1.5919330477451063e-01  -1.8940602152661913e-03
 1.6171565564694021e-01  -2.6761584092191508e-03
 1.6396838966317873e-01  -3.3415879160007566e-03
 1.6510948540420040e-01  -3.6768315986396042e-03
 1.4768245951419764e-01  -3.5040809947778578e-13
 1.4771957692854215e-01  -1.6932939594890769e-04
 1.4805830207297202e-01  -5.4523100953082239e-04
 1.4908847727191052e-01  -1.0924443048471349e-03
 1.5095571926051632e-01  -1.7727866865848373e-03
 1.5331676740773723e-01  -2.5048164554875101e-03
 1.5542545848175709e-01  -3.1276512074776713e-03
 1.5649359985541939e-01  -3.4414371743661022e-03
 1.2936782741949895e-01  -8.8732981399950842e-13
 1.2939940218080473e-01  -1.4402418167455341e-04
 1.2968754616229294e-01  -4.6375058718065888e-04
 1.3056388968291813e-01  -9.2919102613670760e-04
 1.3215232707991348e-01  -1.5078711840876768e-03
 1.3416088086860514e-01  -2.1305235791780784e-03
 1.3595479036255975e-01  -2.6603047701443607e-03
 1.3686349690779825e-01  -2.9272126546638880e-03
 1.0242474794833306e-01  -2.8612288770684074e-13
 1.0244874501593013e-01  -1.0944710669664808e-04
 1.0266774148608254e-01  -3.5241495370726551e-04
 1.0333380729637894e-01  -7.0611731356252580e-04
 1.0454109489819695e-01  -1.1458779575077886e-03
 1.0606771218360489e-01  -1.6190617675535901e-03
 1.0743125785828246e-01  -2.0216752293529937e-03
 1.0812197974144117e-01  -2.2245171939711387e-03
 7.0130173059014464e-02   5.9548452421208491e-13
 7.0145866846245200e-02  -7.1575145080468518e-05
 7.0289094467461663e-02  -2.3046804566293399e-04
 7.0724743902298395e-02  -4.6177672485717711e-04
 7.1514365466194399e-02  -7.4936957651392617e-04
 7.2512841413449866e-02  -1.0588245224024842e-03
 7.3404728151376747e-02  -1.3221286757380461e-03
 7.3856536710431381e-02  -1.4547858342893651e-03
 3.7804922694102877e-02  -2.6709381969821854e-13
 3.7813030543731668e-02  -3.6964987334209420e-05
 3.7887010815294185e-02  -1.1902234635193159e-04
 3.8111970248781074e-02  -2.3847212975738191e-04
 3.8519799332837279e-02  -3.8699562047344596e-04
 3.9035544745204750e-02  -5.4681194040963647e-04
 3.9496111118403954e-02  -6.8278899771713952e-04
 3.9729414411713015e-02  -7.5129673594613534e-04
 1.2262294815077911e-02   5.3747550384901010e-14
 1.2264845831850077e-02  -1.1613294248645083e-05
 1.2288100617271095e-02  -3.7391409947907104e-05
 1.2358720321852690e-02  -7.4912680528699287e-05
 1.2486863324282688e-02  -1.2157123052038416e-04
 1.2648976017654072e-02  -1.7177844396142172e-04
 1.2793565524293022e-02  -2.1449280911351224e-04
 1.2866792930962609e-02  -2.3601301404533936e-04
 0.0000000000000000e+00   0.0000000000000000e+00
 0.0000000000000000e+00   0.0000000000000000e+00
 0.0000000000000000e+00   0.0000000000000000e+00
 0.0000000000000000e+00   0.0000000000000000e+00
 0.0000000000000000e+00   0.0000000000000000e+00
 0.0000000000000000e+00   0.0000000000000000e+00
 0.0000000000000000e+00   0.0000000000000000e+00
 0.0000000000000000e+00   0.0000000000000000e+00
 1.6510948540420040e-01  -3.6768315986396042e-03
 1.6631653326900653e-01  -4.0330294381542425e-03
 1.6916966137546280e-01  -4.8897361442209542e-03
 1.7350143194693002e-01  -6.2541759252402627e-03
 1.7870973004381172e-01  -8.0389764657758656e-03
 1.8374296750807737e-01  -9.9661054804602352e-03
 1.8748260275162126e-01  -1.1571697445117794e-02
 1.8918070689575117e-01  -1.2364422737043230e-02
 1.5649359985541939e-01  -3.4414371743661022e-03
 1.5762348532735024e-01  -3.7748371593256331e-03
 1.6029426194803381e-01  -4.5767162295092517e-03
 1.6434927568464167e-01  -5.8538484041272274e-03
 1.6922498126802424e-01  -7.5244709911269090e-03
 1.7393706702537576e-01  -9.3283532820833872e-03
 1.7743829790856522e-01  -1.0831293777026903e-02
 1.7902821200977601e-01  -1.1573348918060295e-02
 1.3686349690779825e-01  -2.9272126546638880e-03
 1.3782474434060291e-01  -3.2108060259122243e-03
 1.4009695925962048e-01  -3.8928995729841489e-03
 1.4354700388567695e-01  -4.9792757095299062e-03
 1.4769559766867993e-01  -6.4004160290099853e-03
 1.5170538955441196e-01  -7.9349756905660422e-03
 1.5468513451923263e-01  -9.2135775492777575e-03
 1.5603835673956307e-01  -9.8448884099406921e-03
 1.0812197974144117e-01  -2.2245171939711387e-03
 1.0885264281940657e-01  -2.4400410580024123e-03
 1.1057980680943585e-01  -2.9584210728074867e-03
 1.1320239533227426e-01  -3.7840688260688498e-03
 1.1635635996134881e-01  -4.8641772309190633e-03
 1.1940504946014889e-01  -6.0305380780625965e-03
 1.2167084229630323e-01  -7.0023995151359082e-03
 1.2269996585821902e-01  -7.4822735961618692e-03
 7.3856536710431381e-02  -1.4547858342893651e-03
 7.4334468177403620e-02  -1.5957380069974256e-03
 7.5464190536644465e-02  -1.9347623704708541e-03
 7.7179659003487125e-02  -2.4747520360352254e-03
 7.9242987212001514e-02  -3.1811797992197721e-03
 8.1237493028225041e-02  -3.9440489826948876e-03
 8.2719923661121617e-02  -4.5797273291150308e-03
 8.3393343555112090e-02  -4.8936124073606984e-03
 3.9729414411713015e-02  -7.5129673594613534e-04
 3.9976231080082324e-02  -8.2408943852393143e-04
 4.0559785563964883e-02  -9.9917892988224920e-04
 4.1445948369849522e-02  -1.2780599672200575e-03
 4.2511468447763621e-02  -1.6428942972830426e-03
 4.3541832518525295e-02  -2.0368936388990753e-03
 4.4307783770418524e-02  -2.3652106382468763e-03
 4.4655621283860032e-02  -2.5273267532748872e-03
 1.2866792930962609e-02  -2.3601301404533936e-04
 1.2944293475784354e-02  -2.5887987744144014e-04
 1.3127712459928368e-02  -3.1388476935578156e-04
 1.3406283818079373e-02  -4.0149643281574217e-04
 1.3740710796428985e-02  -5.1610474231088472e-04
 1.4064578463781523e-02  -6.3988092731473184e-04
 1.4305462115779601e-02  -7.4302448326514330e-04
 1.4414680249711537e-02  -7.9395327202407765e-04
 0.0000000000000000e+00   0.0000000000000000e+00
 0.0000000000000000e+00   0.0000000000000000e+00
 0.0000000000000000e+00   0.0000000000000000e+00
 0.0000000000000000e+00   0.0000000000000000e+00
 0.0000000000000000e+00   0.0000000000000000e+00
 0.0000000000000000e+00   0.0000000000000000e+00
 0.0000000000000000e+00   0.0000000000000000e+00
 0.0000000000000000e+00   0.0000000000000000e+00
 1.8918070689575112e-01  -1.2364422737043228e-02
 1.9184149570513925e-01  -1.3709713249782766e-02
 1.9715885241260986e-01  -1.6982678239534709e-02
 2.0210329491629864e-01  -2.2193302394873809e-02
 2.0099881626720792e-01  -2.8778259647926713e-02
 1.8792741645381802e-01  -3.5309740043294041e-02
 1.6463830326821793e-01  -4.0057480157989621e-02
 1.4766418331412537e-01  -4.2090563529632585e-02
 1.7902821200977606e-01  -1.1573348918060293e-02
 1.8151958050959585e-01  -1.2832668866683357e-02
 1.8649898068982926e-01  -1.5896585655952821e-02
 1.9113090241076441e-01  -2.0774807108289828e-02
 1.9009999146076464e-01  -2.6940748743414279e-02
 1.7785503773759662e-01  -3.3058740462036829e-02
 1.5601315757784523e-01  -3.7508787927456079e-02
 1.4007423267029601e-01  -3.9416004335773004e-02
 1.5603835673956298e-01  -9.8448884099406799e-03
 1.5815901500393995e-01  -1.0916299232734910e-02
 1.6239848879280325e-01  -1.3523217259609923e-02
 1.6634502722007863e-01  -1.7674504846836425e-02
 1.6547289670387166e-01  -2.2923393488285263e-02
 1.5504012598759803e-01  -2.8135031733282995e-02
 1.3638798420008397e-01  -3.1930696405777108e-02
 1.2274279266259658e-01  -3.3560226101976759e-02
 1.2269996585821902e-01  -7.4822735961618666e-03
 1.2431292068010998e-01  -8.2967046825677578e-03
 1.2753811360480777e-01  -1.0278502984978724e-02
 1.3054299872138220e-01  -1.3434914246882939e-02
 1.2988408064514420e-01  -1.7427381082394722e-02
 1.2194079623633783e-01  -2.1394554474277051e-02
 1.0770298336389467e-01  -2.4288076658515477e-02
 9.7256415129614041e-02  -2.5532746149564606e-02
 8.3393343555112048e-02  -4.8936124073606932e-03
 8.4448937474134123e-02  -5.4263436147893324e-03
 8.6559886675269218e-02  -6.7227500381355082e-03
 8.8528015120540010e-02  -8.7878291999080940e-03
 8.8098954543798513e-02  -1.1400673726485729e-02
 8.2896394641372662e-02  -1.3998539643448030e-02
 7.3552370869885170e-02  -1.5895541006978979e-02
 6.6679344698903562e-02  -1.6712864125555213e-02
 4.4655621283860039e-02  -2.5273267532748855e-03
 4.5200744782918433e-02  -2.8024744862897486e-03
 4.6291495384733726e-02  -3.4720818168369754e-03
 4.7308510840885450e-02  -4.5387958635824061e-03
 4.7087972230103532e-02  -5.8886867278876509e-03
 4.4399212787295042e-02  -7.2312842832271693e-03
 3.9563109196215231e-02  -8.2122943286398273e-03
 3.6003189664108169e-02  -8.6353630090852534e-03
 1.4414680249711516e-02  -7.9395327202407906e-04
 1.4585648647185133e-02  -8.8038977320445400e-04
 1.4928468872923241e-02  -1.0907527621336949e-03
 1.5247736430406094e-02  -1.4258765688394020e-03
 1.5179177976100482e-02  -1.8499931820118115e-03
 1.4334614797829827e-02  -2.2718615623543623e-03
 1.2812937189733890e-02  -2.5801706671425358e-03
 1.1695343008248312e-02  -2.7131842258620725e-03
 0.0000000000000000e+00   0.0000000000000000e+00
 0.0000000000000000e+00   0.0000000000000000e+00
 0.0000000000000000e+00   0.0000000000000000e+00
 0.0000000000000000e+00   0.0000000000000000e+00
 0.0000000000000000e+00   0.0000000000000000e+00
 0.0000000000000000e+00   0.0000000000000000e+00
 0.0000000000000000e+00   0.0000000000000000e+00
 0.0000000000000000e+00   0.0000000000000000e+00
 1.4766418331412526e-01  -4.2090563529632627e-02
 1.4517138486538989e-01  -4.2333679989763701e-02
 1.3940085063773058e-01  -4.2853933747433751e-02
 1.3073457680066466e-01  -4.3538021224239686e-02
 1.2008291956597167e-01  -4.4246058523826758e-02
 1.0914205237702125e-01  -4.4848694053796948e-02
 1.0030118403176966e-01  -4.5258793234591199e-02
 9.5995301403527328e-02  -4.5436747273462488e-02
 1.4007423267029592e-01  -3.9416004335773032e-02
 1.3773187204433338e-01  -3.9644180927858520e-02
 1.3230786872171921e-01  -4.0132570543559683e-02
 1.2415723745035023e-01  -4.0775022839452696e-02
 1.1413074323237879e-01  -4.1440376149176603e-02
 1.0382094175559070e-01  -4.2007129061817493e-02
 9.5480774442805033e-02  -4.2393131059040239e-02
 9.1415463749883671e-02  -4.2560732295496825e-02
 1.2274279266259651e-01  -3.3560226101976801e-02
 1.2073474520200543e-01  -3.3755374749803758e-02
 1.1608186946291373e-01  -3.4173258298245919e-02
 1.0908152376284380e-01  -3.4723430282089095e-02
 1.0045452251320694e-01  -3.5293947013347447e-02
 9.1563384928013705e-02  -3.5780732097795767e-02
 8.4353533978741249e-02  -3.6112865988458816e-02
 8.0832921734381252e-02  -3.6257273334689796e-02
 9.7256415129613957e-02  -2.5532746149564634e-02
 9.5716637129093604e-02  -2.5681979154641748e-02
 9.2146130788332517e-02  -2.6001711151245444e-02
 8.6766539791070879e-02  -2.6423090182453295e-02
 8.0122201636880636e-02  -2.6860739224055050e-02
 7.3254295592315555e-02  -2.7234940470507195e-02
 6.7667496199244989e-02  -2.7490848648284740e-02
 6.4932969325786030e-02  -2.7602312899586912e-02
 6.6679344698903506e-02  -1.6712864125555237e-02
 6.5664996263061479e-02  -1.6810953964957322e-02
 6.3311480498208131e-02  -1.7021205060895356e-02
 5.9761323871917092e-02  -1.7298537068282688e-02
 5.5368060832341311e-02  -1.7586969989680297e-02
 5.0814746979887880e-02  -1.7834050094735033e-02
 4.7099775765131420e-02  -1.8003382894044392e-02
 4.5277328975987241e-02  -1.8077262658524908e-02
 3.6003189664108141e-02  -8.6353630090852621e-03
 3.5477229657975860e-02  -8.6861642041217730e-03
 3.4256160245907739e-02  -8.7950799522483643e-03
 3.2412449533085773e-02  -8.9388127858686800e-03
 3.0128451506388976e-02  -9.0884173730793067e-03
 2.7758624062929883e-02  -9.2167238183675296e-03
 2.5822382088960358e-02  -9.3047784681538712e-03
 2.4871221626234057e-02  -9.3432388248654488e-03
 1.1695343008248302e-02  -2.7131842258620747e-03
 1.1529937790134630e-02  -2.7291586564583696e-03
 1.1145483150503921e-02  -2.7634084244675316e-03
 1.0564143223285510e-02  -2.8086104645627945e-03
 9.8438926147742020e-03  -2.8556699815896159e-03
 9.0977691283462541e-03  -2.8960504707141541e-03
 8.4888517053128641e-03  -2.9237813768793600e-03
 8.1896549461730420e-03  -2.9358995765682069e-03
 0.0000000000000000e+00   0.0000000000000000e+00
 0.0000000000000000e+00   0.0000000000000000e+00
 0.0000000000000000e+00   0.0000000000000000e+00
 0.0000000000000000e+00   0.0000000000000000e+00
 0.0000000000000000e+00   0.0000000000000000e+00
 0.0000000000000000e+00   0.0000000000000000e+00
 0.0000000000000000e+00   0.0000000000000000e+00
 0.0000000000000000e+00   0.0000000000000000e+00
 9.5995301403527328e-02  -4.5436747273462488e-02
 9.1517276291776001e-02  -4.5607993040467892e-02
 8.1100109436207032e-02  -4.5956623906780396e-02
 6.5305234991492031e-02  -4.6369488098847944e-02
 4.5620279358487489e-02  -4.6722198416103297e-02
 2.5080929056602596e-02  -4.6934373226261129e-02
 8.2593366744075566e-03  -4.7009788159098814e-02
 0.0000000000000000e+00  -4.7018494019241068e-02
 9.1415463749883671e-02  -4.2560732295496825e-02
 8.7185177879008396e-02  -4.2722086408468071e-02
 7.7333933655449341e-02  -4.3050839267425221e-02
 6.2366380955470681e-02  -4.3440770817081094e-02
 4.3653817376223869e-02  -4.3774704533481090e-02
 2.4052047130012522e-02  -4.3976220295763341e-02
 7.9352740788381781e-03  -4.4048075534500360e-02
 0.0000000000000000e+00  -4.4056390194720657e-02
 8.0832921734381252e-02  -3.6257273334689796e-02
 7.7164723867075236e-02  -3.6396433540168319e-02
 6.8602149314088562e-02  -3.6680471789028633e-02
 5.5530813485776390e-02  -3.7018579558100007e-02
 3.9065317237793815e-02  -3.7309825575627259e-02
 2.1645267135063147e-02  -3.7486974704661044e-02
 7.1755095088204867e-03  -3.7550670645327119e-02
 0.0000000000000000e+00  -3.7558086119172517e-02
 6.4932969325786030e-02  -2.7602312899586912e-02
 6.2078880117337601e-02  -2.7709867806635625e-02
 5.5394986987609439e-02  -2.7929935909029577e-02
 4.5122236380786017e-02  -2.8193255819929663e-02
 3.2028455306360538e-02  -2.8422141799626575e-02
 1.7932666646491315e-02  -2.8563256871155358e-02
 5.9979245345508645e-03  -2.8614806648552111e-02
 0.0000000000000000e+00  -2.8620875938457985e-02
 4.5277328975987241e-02  -1.8077262658524908e-02
 4.3372016326708202e-02  -1.8148641560494762e-02
 3.8895645076699591e-02  -1.8295047161368653e-02
 3.1966275849949301e-02  -1.8471191452887413e-02
 2.3007147018558258e-02  -1.8625968393584401e-02
 1.3117798406834233e-02  -1.8723239520503164e-02
 4.4655802214970692e-03  -1.8759733338999905e-02
 0.0000000000000000e+00  -1.8764128085374789e-02
 2.4871221626234057e-02  -9.3432388248654488e-03
 2.3875638151673626e-02  -9.3804277319613234e-03
 2.1530696106414438e-02  -9.4568272592626054e-03
 1.7879415070985446e-02  -9.5490918830199827e-03
 1.3103642232733399e-02  -9.6308858142499770e-03
 7.6980380084177187e-03  -9.6833509744947491e-03
 2.7230965879476831e-03  -9.7037661457032021e-03
 0.0000000000000000e+00  -9.7063552330322184e-03
 8.1896549461730420e-03  -2.9358995765682069e-03
 7.8762365830257770e-03  -2.9476209029954317e-03
 7.1363192032926435e-03  -2.9717128520920315e-03
 5.9786231977798244e-03  -3.0008353790775440e-03
 4.4593348998880336e-03  -3.0267339248643910e-03
 2.7221206638197940e-03  -3.0435620263022365e-03
 1.0222991352283307e-03  -3.0503414740927336e-03
 0.0000000000000000e+00  -3.0512797441119583e-03
 0.0000000000000000e+00   0.0000000000000000e+00
 0.0000000000000000e+00   0.0000000000000000e+00
 0.0000000000000000e+00   0.0000000000000000e+00
 0.0000000000000000e+00   0.0000000000000000e+00
 0.0000000000000000e+00   0.0000000000000000e+00
 0.0000000000000000e+00   0.0000000000000000e+00
 0.0000000000000000e+00   0.0000000000000000e+00
 0.0000000000000000e+00   0.0000000000000000e+00
