   0.0000000000000000        1.2861427202532338E-008  -2.3327125757213449E-016  0.78790703853046440     
   5.7898133247305368E-006   1.3419704444453669E-008   1.9530059772666322E-006   1.4925516333336903     
   1.2737589314407180E-005   1.3153997517568252E-008  -1.6425656190493330E-006  0.90031484342135693     
   2.1074920502019154E-005   1.3516735391057605E-008  -7.6135425038206446E-007  0.52066406383423225     
   3.1079717927153522E-005   1.7522880631081824E-008   1.3824957901671186E-006  0.31159757363108487     
   4.3085474837314764E-005   1.1026675145559321E-008   5.4963833671856488E-007  0.20977297834400738     
   5.7492383129508246E-005   2.4815024212550507E-009  -8.8544884068401559E-007  0.15887967005048848     
   7.4780673080140437E-005   1.3231345727976725E-008  -9.7923129997287982E-007  0.12852886162735425     
   9.2068963030772613E-005   3.7147936520102842E-008   8.9255023631585927E-010  0.11012234128836999     
   1.0935725298140479E-004   5.1472668236950460E-008   4.6759681492134136E-007   9.8381397710216784E-002
   1.2664554293203697E-004   5.0600044374939601E-008   2.8440570430377791E-007   9.1806419243625453E-002
   1.4393383288266914E-004   4.3669082580932417E-008  -3.5516599796903791E-008   9.0143847614805941E-002
   1.6122212283330132E-004   4.0043729001249434E-008  -1.6582248754384646E-007   9.3742798994538426E-002
   1.7851041278393350E-004   4.1919280436170308E-008  -1.1586651717010260E-007  0.10224344898734987     
   1.9579870273456567E-004   4.6350521569752356E-008  -2.2690156343059249E-008  0.11387356713219685     
   2.1308699268519785E-004   5.0029799194357041E-008   2.7151591588550533E-008  0.12649288681870025     
   2.3037528263583003E-004   5.1742024633319039E-008   2.8957866639521734E-008  0.13908573449202685     
   2.4766357258646220E-004   5.2023034710536717E-008   1.3013086884014614E-008  0.15201225028409945     
   2.6495186253709441E-004   5.1832418158286249E-008   2.3093214405098851E-009  0.16593909859516170     
   2.8224015248772661E-004   5.1698275867008131E-008   1.7674763749329002E-009  0.18076370071843195     
   2.9952844243835881E-004   5.1625277021800100E-008   6.4741803054086132E-009  0.19566935239333688     
   3.1681673238899102E-004   5.1382274711983243E-008   1.1233229283581668E-008  0.20997015599940200     
   3.3410502233962322E-004   5.0767631484347548E-008   1.4178576394555120E-008  0.22368041692941637     
   3.5139331229025542E-004   4.9703789067067945E-008   1.5854397464122785E-008  0.23734320281165810     
   3.6569181333856275E-004   4.8495320754978149E-008   1.6871317322879167E-008  0.24019482306122847     
   3.7999031438687008E-004   4.7025030076285967E-008   1.7631156881152239E-008  0.24156166165404169     
   3.9428881543517741E-004   4.5322569063243510E-008   1.8627693734046787E-008  0.24320284307318271     
   4.0858731648348473E-004   4.3410577256522841E-008   1.9515541351067648E-008  0.24422850967451576     
   4.2288581753179206E-004   4.1308483019624298E-008   2.0152234526185899E-008  0.24413039672522607     
   4.3718431858009939E-004   3.9034806798345556E-008   2.0581146661109911E-008  0.24329070047978410     
   4.5148281962840672E-004   3.6606068912657009E-008   2.0938562652953832E-008  0.24257481779205362     
   4.6578132067671404E-004   3.4034016486438611E-008   2.1368206288779323E-008  0.24280526139584660     
   4.8007982172502137E-004   3.1323791111221924E-008   2.1954606342807406E-008  0.24442187253071229     
   4.9437832277332875E-004   2.8474216591396233E-008   2.2698852803641904E-008  0.24741509748897675     
   5.0867682382163613E-004   2.5480104613914555E-008   2.3533349957591832E-008  0.25148163346827151     
   5.2297532486994351E-004   2.2335452205655278E-008   2.4358860950777468E-008  0.25625921427223414     
   5.3727382591825090E-004   1.9036247990793485E-008   2.5084512259288494E-008  0.26149410060877382     
   5.5157232696655828E-004   1.5582051081377995E-008   2.5656643060494145E-008  0.26707124466470905     
   5.6587082801486566E-004   1.1976221162254597E-008   2.6069590426544130E-008  0.27293026071794962     
   5.8016932906317304E-004   8.2251550021749678E-009   2.6359834438515259E-008  0.27894864703111988     
   5.9446783011148042E-004   4.3370633512677037E-009   2.6589340979722147E-008  0.28487759690417186     
   6.0876633115978780E-004   3.2089931262881693E-010   2.6825523567664009E-008  0.29037273033191308     
   6.2306483220809518E-004  -3.8142952026857918E-009   2.7123941039181636E-008  0.29510281242820141     
   6.3736333325640257E-004  -8.0595231511072640E-009   2.7517271998362617E-008  0.29887972160447746     
   6.5166183430470995E-004  -1.2405513463670678E-008   2.8011202527128048E-008  0.30174784459390208     
   6.6596033535301733E-004  -1.6842209148776530E-008   2.8586720016459150E-008  0.30399181231992806     
   6.7787632331095396E-004  -2.0599699888033692E-008   2.7872989852412782E-008  0.29593695276842286     
   6.8979231126889060E-004  -2.4402914490045779E-008   2.7679833991223909E-008  0.28666911963129182     
   7.0170829922682723E-004  -2.8242775631814642E-008   2.7771849398912056E-008  0.27959732289463168     
   7.1362428718476387E-004  -3.2109073178995750E-008   2.7834081460177286E-008  0.27434398541653221     
   7.2554027514270050E-004  -3.5990367961824739E-008   2.7825469737550332E-008  0.26984864941340841     
   7.3745626310063714E-004  -3.9874382233496397E-008   2.7741063306943323E-008  0.26530120413447233     
   7.4937225105857377E-004  -4.3748540490246036E-008   2.7584362946540314E-008  0.26027957244375088     
   7.6128823901651041E-004  -4.7600599284793664E-008   2.7368009753777088E-008  0.25468227085344758     
   7.7320422697444704E-004  -5.1419267028034780E-008   2.7111893006981468E-008  0.24865471287267238     
   7.8512021493238368E-004  -5.5194709582582361E-008   2.6840188360596975E-008  0.24254400771829632     
   7.9703620289032031E-004  -5.8918988369675495E-008   2.6578706659538077E-008  0.23686202328066047     
   8.0895219084825695E-004  -6.2586347372774135E-008   2.6352966844618722E-008  0.23222712486048644     
   8.2086817880619358E-004  -6.6193388528644810E-008   2.6186016682267535E-008  0.22926557262183514     
   8.3278416676413022E-004  -6.9739123640155588E-008   2.6095795328929494E-008  0.22847708077758944     
   8.4470015472206685E-004  -7.3224857572487447E-008   2.6092351602473749E-008  0.23009908358011477     
   8.5661614268000349E-004  -7.6653996546598770E-008   2.6175918638911578E-008  0.23402237555415389     
   8.6853213063794012E-004  -8.0031648225301544E-008   2.6336809111792178E-008  0.23979587870647803     
   8.8044811859587676E-004  -8.3364205113082188E-008   2.6556987765421128E-008  0.24671520784244189     
   8.9236410655381339E-004  -8.6658855834217787E-008   2.6812747574607807E-008  0.25395304925924739     
   9.0428009451175002E-004  -8.9923123108901359E-008   2.7077818114390834E-008  0.26068510245907939     
   9.1619608246968666E-004  -9.3164426387944594E-008   2.7325756719567374E-008  0.26618547186552266     
   9.2811207042762329E-004  -9.6389751650321551E-008   2.7532263130144676E-008  0.26988726970651905     
   9.4002805838555993E-004  -9.9605351421375161E-008   2.7676188783233624E-008  0.27141577599043532     
   9.5194404634349656E-004  -1.0281656381964634E-007   2.7740654440001398E-008  0.27060374871199305     
   9.6386003430143320E-004  -1.0602764810455574E-007   2.7713393427224719E-008  0.26749629224213789     
   9.7577602225936983E-004  -1.0924174258995940E-007   2.7586904441355960E-008  0.26234937860866842     
   9.8769201021730647E-004  -1.1246082515334390E-007   2.7358552123525144E-008  0.25562271511966295     
   9.9960799817524321E-004  -1.1568575717629931E-007   2.7030208566853395E-008  0.24796396024467207     
   1.0115239861331800E-003  -1.1755552849231107E-007   2.6608092589514753E-008  0.24017698377620511     
   1.0234399740911167E-003  -1.2053001557928306E-007   3.0011885465261782E-008  0.25417006434089012     
   1.0353559620490534E-003  -1.2377273570682205E-007   2.6741290850610044E-008  0.24840130163342439     
   1.0472719500069902E-003  -1.2701702619640748E-007   2.5700702841133959E-008  0.23987126714111728     
   1.0591879379649269E-003  -1.3025921273457577E-007   2.4996007888763355E-008  0.23463960616937876     
   1.0711039259228637E-003  -1.3349679052897184E-007   2.4257275240790038E-008  0.23400084977321306     
   1.0830199138808004E-003  -1.3672724625871001E-007   2.3519696370044687E-008  0.23744500858495349     
   1.0949359018387372E-003  -1.3994843110488611E-007   2.2817774921084495E-008  0.24387762775787675     
   1.1068518897966739E-003  -1.4315872798393823E-007   2.2173012774845841E-008  0.25210500641470851     
   1.1187678777546106E-003  -1.4635728830707221E-007   2.1601852880709746E-008  0.26102134725249643     
   1.1306838657125474E-003  -1.4954411263049656E-007   2.1119243172519647E-008  0.26967622066645214     
   1.1425998536704841E-003  -1.5272014817731583E-007   2.0739915921759291E-008  0.27729443455433694     
   1.1545158416284209E-003  -1.5588738765724373E-007   2.0477391515428016E-008  0.28327695715092938     
   1.1664318295863576E-003  -1.5904885295115336E-007   2.0341158218102167E-008  0.28719436037616808     
   1.1783478175442944E-003  -1.6220857378975071E-007   2.0334298984100922E-008  0.28877761521592205     
   1.1902638055022311E-003  -1.6537148059073369E-007   2.0453068349273658E-008  0.28790840196682038     
   1.2021797934601678E-003  -1.6854324464154489E-007   2.0688256569456494E-008  0.28460993336812357     
   1.2140957814181046E-003  -1.7173006525691247E-007   2.1027035860549619E-008  0.27903874982323368     
   1.2260117693760413E-003  -1.7493851033240852E-007   2.1454145259768165E-008  0.27147764504316968     
   1.2379277573339781E-003  -1.7817529571507064E-007   2.1952258846618768E-008  0.26232952897491385     
   1.2498437452919148E-003  -1.8144711333497025E-007   2.2501981606703177E-008  0.25211131276368870     
   1.2617597332498516E-003  -1.8476041261526528E-007   2.3082025307980223E-008  0.24144543027546819     
   1.2736757212077883E-003  -1.8812117706177928E-007   2.3669799550564648E-008  0.23104409592001227     
   1.2855917091657250E-003  -1.9153471160594494E-007   2.4242367148983703E-008  0.22167816651251565     
   1.2975076971236618E-003  -1.9500545534793678E-007   2.4777489176789664E-008  0.21412062125623474     
   1.3094236850815985E-003  -1.9853681246928199E-007   2.5254653668394541E-008  0.20905901404217617     
   1.3213396730395353E-003  -2.0213100891646575E-007   2.5655908283720818E-008  0.20698682255293416     
   1.3332556609974720E-003  -2.0578904734804142E-007   2.5966566152652341E-008  0.20810659209875837     
   1.3451716489554088E-003  -2.0951064521008242E-007   2.6175715338817286E-008  0.21228846575019847     
   1.3570876369133455E-003  -2.1329425049542328E-007   2.6276573073160668E-008  0.21910666835228712     
   1.3690036248712823E-003  -2.1713709792072016E-007   2.6266651731310619E-008  0.22793526847552012     
   1.3809196128292190E-003  -2.2103530236948147E-007   2.6147702921273696E-008  0.23805937584498316     
   1.3928356007871557E-003  -2.2498396549870047E-007   2.5925486650827752E-008  0.24876555308788542     
   1.4047515887450925E-003  -2.2897736077088848E-007   2.5609322207306696E-008  0.25939865692704611     
   1.4166675767030292E-003  -2.3300909512535065E-007   2.5211508042238472E-008  0.26938990174563421     
   1.4285835646609660E-003  -2.3707228715031410E-007   2.4746619977721665E-008  0.27826665682762880     
   1.4404995526189027E-003  -2.4115979179116885E-007   2.4230780783824089E-008  0.28565298883466966     
   1.4524155405768395E-003  -2.4526438148904170E-007   2.3680860972780101E-008  0.29126653847340356     
   1.4643315285347762E-003  -2.4937893251064902E-007   2.3113791381246896E-008  0.29491449584164903     
   1.4762475164927129E-003  -2.5349661294677614E-007   2.2545889939302066E-008  0.29648972366872306     
   1.4881635044506497E-003  -2.5761100581976186E-007   2.1992313642293507E-008  0.29596722687779098     
   1.5000794924085864E-003  -2.6171627390662259E-007   2.1466635859495382E-008  0.29340084284625612     
   1.5119954803665232E-003  -2.6580724020388461E-007   2.0980536171289470E-008  0.28891994876154059     
   1.5239114683244599E-003  -2.6987948989914525E-007   2.0543607301071385E-008  0.28272600950637911     
   1.5358274562823967E-003  -2.7392940244576429E-007   2.0163331458497720E-008  0.27508878412191196     
   1.5477434442403334E-003  -2.7795419605954509E-007   1.9845040221488613E-008  0.26634190066667324     
   1.5596594321982701E-003  -2.8195192215664968E-007   1.9592043686173289E-008  0.25687721373174294     
   1.5715754201562069E-003  -2.8592145775208209E-007   1.9405890346550593E-008  0.24713682030501821     
   1.5834914081141436E-003  -2.8986247486822010E-007   1.9286403642657725E-008  0.23760085119106963     
   1.5954073960720804E-003  -2.9377537805405848E-007   1.9232014831899431E-008  0.22876841526638228     
   1.6073233840300171E-003  -2.9766124969137138E-007   1.9240034762925937E-008  0.22112898817508389     
   1.6192393719879539E-003  -3.0152178065405064E-007   1.9306751907234642E-008  0.21512316827807720     
   1.6311553599458906E-003  -3.0535918391038268E-007   1.9427729115489276E-008  0.21109596762418761     
   1.6430713479038273E-003  -3.0917613241309762E-007   1.9598003474335488E-008  0.20925192876043419     
   1.6549873358617641E-003  -3.1297564526202596E-007   1.9812172514135609E-008  0.20962574207744800     
   1.6669033238197008E-003  -3.1676103523509519E-007   2.0064585295007756E-008  0.21207988482428039     
   1.6788193117776376E-003  -3.2053579810283492E-007   2.0349438757646649E-008  0.21633120112615392     
   1.6907352997355743E-003  -3.2430356980032113E-007   2.0660850709117280E-008  0.22199704189460201     
   1.7026512876935111E-003  -3.2806803669220191E-007   2.0992941855836550E-008  0.22864616685824099     
   1.7145672756514478E-003  -3.3183286363639601E-007   2.1339894209873748E-008  0.23584221690528545     
   1.7264832636093845E-003  -3.3560165375167692E-007   2.1695995241572152E-008  0.24317422201769881     
   1.7383992515673213E-003  -3.3937789557786351E-007   2.2055712418219080E-008  0.25027441361461106     
   1.7503152395252580E-003  -3.4316489466217253E-007   2.2413664472350272E-008  0.25682648348698761     
   1.7622312274831948E-003  -3.4696577522784426E-007   2.2764701990325246E-008  0.26256786189621140     
   1.7741472154411315E-003  -3.5078339618665632E-007   2.3104068685727472E-008  0.26728883909364720     
   1.7860632033990683E-003  -3.5462038080337786E-007   2.3427217886004207E-008  0.27083036402556310     
   1.7979791913570050E-003  -3.5847904068060577E-007   2.3730014672038534E-008  0.27308154294651737     
   1.8098951793149418E-003  -3.6236140078814771E-007   2.4008781869124321E-008  0.27397732038875833     
   1.8218111672728785E-003  -3.6626915570795232E-007   2.4260239590832904E-008  0.27349651010517995     
   1.8337271552308152E-003  -3.7020365925155010E-007   2.4481611084098687E-008  0.27166017932176734     
   1.8456431431887520E-003  -3.7416595783256443E-007   2.4670651203390853E-008  0.26853031107113862     
   1.8575591311466887E-003  -3.7815670796244824E-007   2.4825622701150695E-008  0.26420862917126170     
   1.8694751191046255E-003  -3.8217625615910764E-007   2.4945345584987728E-008  0.25883543472715548     
   1.8813911070625622E-003  -3.8622454902652506E-007   2.5029188745041226E-008  0.25258824605681934     
   1.8933070950204990E-003  -3.9030122836641544E-007   2.5077075225973224E-008  0.24567993446267389     
   1.9052230829784357E-003  -3.9440555627547954E-007   2.5089471636770308E-008  0.23835589159534534     
   1.9171390709363724E-003  -3.9853646223772493E-007   2.5067384805312818E-008  0.23088955021659091     
   1.9290550588943092E-003  -4.0269253422512960E-007   2.5012358259237885E-008  0.22357535242979679     
   1.9409710468522459E-003  -4.0687204854749929E-007   2.4926419763495831E-008  0.21671812064977442     
   1.9528870348101827E-003  -4.1107298245986028E-007   2.4812112713194069E-008  0.21061795342351763     
   1.9648030227681192E-003  -4.1529304141667703E-007   2.4672442376233734E-008  0.20555050971395841     
   1.9767190107260559E-003  -4.1952967779753858E-007   2.4510845825039406E-008  0.20174403790015755     
   1.9886349986839927E-003  -4.2378014671341329E-007   2.4331168470658372E-008  0.19935651089211195     
   2.0005509866419294E-003  -4.2804152788418391E-007   2.4137651308171810E-008  0.19845785721224521     
   2.0124669745998662E-003  -4.3105831648290548E-007   2.3934829381496602E-008  0.19902226874048107     
   2.0243829625578029E-003  -4.3512371109359641E-007   2.4495216759132257E-008  0.21913351830261615     
   2.0362989505157397E-003  -4.3940110013089036E-007   2.4722714216846576E-008  0.22207800285828927     
   2.0482149384736764E-003  -4.4367701577182271E-007   2.4129522294987934E-008  0.22158015855716603     
   2.0601309264316131E-003  -4.4794844151220262E-007   2.3891583142270495E-008  0.22196292388158656     
   2.0720469143895499E-003  -4.5221272071474987E-007   2.3655761654022111E-008  0.22391436094783837     
   2.0839629023474866E-003  -4.5646727702161351E-007   2.3432936154153811E-008  0.22704861476305407     
   2.0958788903054234E-003  -4.6070976082261471E-007   2.3241629833703191E-008  0.23081176182043925     
   2.1077948782633601E-003  -4.6493815456405936E-007   2.3087846274907787E-008  0.23473779511827692     
   2.1197108662212969E-003  -4.6915085599461263E-007   2.2974454903568178E-008  0.23848525393176273     
   2.1316268541792336E-003  -4.7334669373913763E-007   2.2904500708202671E-008  0.24181575246371229     
   2.1435428421371703E-003  -4.7752495900258090E-007   2.2880788686782321E-008  0.24456667126143983     
   2.1554588300951071E-003  -4.8168545080826481E-007   2.2904666831488422E-008  0.24663053609670102     
   2.1673748180530438E-003  -4.8582842612452439E-007   2.2975601873597994E-008  0.24794134567229459     
   2.1792908060109806E-003  -4.8995463249560643E-007   2.3091509913526359E-008  0.24846559601078408     
   2.1912067939689173E-003  -4.9406523758859098E-007   2.3249564406033191E-008  0.24819604807508888     
   2.2031227819268541E-003  -4.9816180434941114E-007   2.3446767152618965E-008  0.24714702855137888     
   2.2150387698847908E-003  -5.0224626282162093E-007   2.3680245689314846E-008  0.24535062142731143     
   2.2269547578427275E-003  -5.0632087269502223E-007   2.3947136877042444E-008  0.24285344313002638     
   2.2388707458006643E-003  -5.1038819160177928E-007   2.4244323267379862E-008  0.23971386722476132     
   2.2507867337586010E-003  -5.1445100800059087E-007   2.4568134348739877E-008  0.23599964545412491     
   2.2627027217165378E-003  -5.1851232523204618E-007   2.4914119098789223E-008  0.23178590442994892     
   2.2746187096744745E-003  -5.2257527104203947E-007   2.5277039643448699E-008  0.22715350523642558     
   2.2865346976324113E-003  -5.2664304863542024E-007   2.5650971729901254E-008  0.22218774817688394     
   2.2984506855903480E-003  -5.3071884230594863E-007   2.6029558093147694E-008  0.21697739189082085     
   2.3103666735482848E-003  -5.3480580223326242E-007   2.6406294060011281E-008  0.21161393706317566     
   2.3222826615062215E-003  -5.3890694084268980E-007   2.6774824826449461E-008  0.20619110055060086     
   2.3341986494641582E-003  -5.4302511852923115E-007   2.7129205474731285E-008  0.20080437666575271     
   2.3461146374220950E-003  -5.4716296801320043E-007   2.7464089706475915E-008  0.19555055107585140     
   2.3580306253800317E-003  -5.5132288191823518E-007   2.7774924122411327E-008  0.19052699977936430     
   2.3699466133379685E-003  -5.5550697902797954E-007   2.8058023679641416E-008  0.18583059593814311     
   2.3818626012959052E-003  -5.5971709520134564E-007   2.8310651759601061E-008  0.18155603800558423     
   2.3937785892538420E-003  -5.6395477558559366E-007   2.8531016743539859E-008  0.17779347164261436     
   2.4056945772117787E-003  -5.6822126645860754E-007   2.8718249931012028E-008  0.17462536970273121     
   2.4176105651697154E-003  -5.7251754081448636E-007   2.8872330748492580E-008  0.17212279353473786     
   2.4295265531276522E-003  -5.7684429447008495E-007   2.8993989893950742E-008  0.17034135187312302     
   2.4414425410855889E-003  -5.8120201169761891E-007   2.9084605478873391E-008  0.16931735561256675     
   2.4533585290435257E-003  -5.8559092981272205E-007   2.9146084739508059E-008  0.16906476885262872     
   2.4652745170014624E-003  -5.9001112742619817E-007   2.9180723246607882E-008  0.16957351730862424     
   2.4771905049593992E-003  -5.9446249978544328E-007   2.9191141212669411E-008  0.17080951668929290     
   2.4891064929173359E-003  -5.9894482366543910E-007   2.9180162689911008E-008  0.17271647349019548     
   2.5010224808752726E-003  -6.0345777943169126E-007   2.9150734501595781E-008  0.17521918753802534     
   2.5129384688332094E-003  -6.0800095474828575E-007   2.9105869406120512E-008  0.17822785275203151     
   2.5248544567911461E-003  -6.1257388944537618E-007   2.9048583202056861E-008  0.18164276854718148     
   2.5367704447490829E-003  -6.1717609405946742E-007   2.8981835451445272E-008  0.18535893333961651     
   2.5486864327070196E-003  -6.2180706169919776E-007   2.8908500133740137E-008  0.18927014090029975     
   2.5606024206649564E-003  -6.2646627527604911E-007   2.8831307023415740E-008  0.19327237448651680     
   2.5725184086228931E-003  -6.3115323142131361E-007   2.8752812967034837E-008  0.19726644358145656     
   2.5844343965808298E-003  -6.3586744901462392E-007   2.8675377941708812E-008  0.20115991081478607     
   2.5963503845387666E-003  -6.4060845101447527E-007   2.8601128747957287E-008  0.20486841147733792     
   2.6082663724967033E-003  -6.4537578967301156E-007   2.8531925167246900E-008  0.20831648592433674     
   2.6201823604546401E-003  -6.5016903448484044E-007   2.8469355599214515E-008  0.21143804004115682     
   2.6320983484125768E-003  -6.5498776161907197E-007   2.8414730901183267E-008  0.21417653253557933     
   2.6440143363705136E-003  -6.5983156430187742E-007   2.8369056676657748E-008  0.21648496807821807     
   2.6559303243284503E-003  -6.6470001258407306E-007   2.8333031145297345E-008  0.21832575656794570     
   2.6678463122863870E-003  -6.6959269728159324E-007   2.8307062690835681E-008  0.21967048320254792     
   2.6797623002443238E-003  -6.7450914710042115E-007   2.8291261739113200E-008  0.22049962144847515     
   2.6916782882022605E-003  -6.7944889538161092E-007   2.8285451810572602E-008  0.22080221182968157     
   2.7035942761601973E-003  -6.8441141038982029E-007   2.8289210124134462E-008  0.22057552241858985     
   2.7155102641181340E-003  -6.8939609939217303E-007   2.8301874118024956E-008  0.21982470174961488     
   2.7274262520760708E-003  -6.9440232237806884E-007   2.8322554502465551E-008  0.21856243090175659     
   2.7393422400340075E-003  -6.9942936461956313E-007   2.8350195224168247E-008  0.21680857829442099     
   2.7512582279919442E-003  -7.0447642276615476E-007   2.8383624799990220E-008  0.21458985794277613     
   2.7631742159498810E-003  -7.0954260781123037E-007   2.8421569669107105E-008  0.21193948926841147     
   2.7750902039078177E-003  -7.1462695158116470E-007   2.8462694430746750E-008  0.20889685380620240     
   2.7870061918657545E-003  -7.1972838559939664E-007   2.8505664977222880E-008  0.20550714110305088     
   2.7989221798236912E-003  -7.2484575109818221E-007   2.8549207282245936E-008  0.20182097257014095     
   2.8108381677816280E-003  -7.2997781422162785E-007   2.8592121532540262E-008  0.19789398789614332     
   2.8227541557395647E-003  -7.3512325008104593E-007   2.8633303931479051E-008  0.19378637379090480     
   2.8346701436975015E-003  -7.4028065350831955E-007   2.8671811438899032E-008  0.18956230944380367     
   2.8465861316554382E-003  -7.4544854758443316E-007   2.8706893532951545E-008  0.18528929760151261     
   2.8585021196133749E-003  -7.5062543221501624E-007   2.8737982465683302E-008  0.18103734557083165     
   2.8704181075713117E-003  -7.5580973648181382E-007   2.8764708427024695E-008  0.17687795838131726     
   2.8823340955292484E-003  -7.6099987074088421E-007   2.8786926772981569E-008  0.17288290928317218     
   2.8942500834871852E-003  -7.6619423885918642E-007   2.8804716226246716E-008  0.16912276376945828     
   2.9061660714451219E-003  -7.7139123877078835E-007   2.8818363230116455E-008  0.16566515550443578     
   2.9180820594030587E-003  -7.7658930956918843E-007   2.8828360039021670E-008  0.16257284772961778     
   2.9299980473609954E-003  -7.8178692242257623E-007   2.8835399577730489E-008  0.15990166064306660     
   2.9419140353189321E-003  -7.8698260374918703E-007   2.8840353334153223E-008  0.15769839770926017     
   2.9538300232768689E-003  -7.9217496376933984E-007   2.8844255956502409E-008  0.15599895005304842     
   2.9657460112348056E-003  -7.9736270577557842E-007   2.8848293575589694E-008  0.15482678239875186     
   2.9776619991927424E-003  -8.0254464875181841E-007   2.8853772123572517E-008  0.15419199200528827     
   2.9895779871506791E-003  -8.0771973182301471E-007   2.8862099305688532E-008  0.15409107731317123     
   3.0014939751086159E-003  -8.1288703946994857E-007   2.8874759576392631E-008  0.15450746246953764     
   3.0134099630665526E-003  -8.2006514361916771E-007   2.8893288013571703E-008  0.15541271785903349     
   3.0253259510244893E-003  -8.2503162291088100E-007   3.0403300881729548E-008  0.16963018159168450     
   3.0372419389824261E-003  -8.3017425288373340E-007   3.0195893181317445E-008  0.17146376531424209     
   3.0491579269403628E-003  -8.3530730309189396E-007   2.9845239815287748E-008  0.17057484463598316     
   3.0610739148982996E-003  -8.4043048022807131E-007   2.9851555595748264E-008  0.17004570696891769     
   3.0729899028562363E-003  -8.4554400881510348E-007   2.9856782758680546E-008  0.17049174636084982     
   3.0849058908141731E-003  -8.5064822146568375E-007   2.9870523893088147E-008  0.17180025950625433     
   3.0968218787721098E-003  -8.5574361431780924E-007   2.9907728588037627E-008  0.17372120658196219     
   3.1087378667300465E-003  -8.6083091730245705E-007   2.9970682449720565E-008  0.17603243801774621     
   3.1206538546879833E-003  -8.6591104723666639E-007   3.0057391738096150E-008  0.17856646806097953     
   3.1325698426459200E-003  -8.7098513452154643E-007   3.0165838956174937E-008  0.18120062734580641     
   3.1444858306038568E-003  -8.7605444527308511E-007   3.0295679126464172E-008  0.18384280324052849     
   3.1564018185617935E-003  -8.8112042859987181E-007   3.0447785097328179E-008  0.18642070930237187     
   3.1683178065197303E-003  -8.8618467507286270E-007   3.0622633418792493E-008  0.18887517234215423     
   3.1802337944776670E-003  -8.9124894323798579E-007   3.0818992611825791E-008  0.19115626700861124     
   3.1921497824356037E-003  -8.9631509250031346E-007   3.1033977034334746E-008  0.19322117783196921     
   3.2040657703935405E-003  -9.0138506532539024E-007   3.1263967948022555E-008  0.19503304353433909     
   3.2159817583514772E-003  -9.0646082716871225E-007   3.1505705119906804E-008  0.19656035208975381     
   3.2278977463094140E-003  -9.1154433922151085E-007   3.1756723271387218E-008  0.19777665101078504     
   3.2398137342673507E-003  -9.1663754988222112E-007   3.2015080677354855E-008  0.19866044493266416     
   3.2517297222252875E-003  -9.2174238493013197E-007   3.2279022278083770E-008  0.19919520803058222     
   3.2636457101832242E-003  -9.2686073269315865E-007   3.2546436600060850E-008  0.19936946697706748     
   3.2755616981411610E-003  -9.3199442680537908E-007   3.2814790470210249E-008  0.19917692445791202     
   3.2874776860990977E-003  -9.3714521876741345E-007   3.3081151279078101E-008  0.19861660010605706     
   3.2993936740570344E-003  -9.4231476107476584E-007   3.3342350562651383E-008  0.19769296832478131     
   3.3113096620149712E-003  -9.4750456420436583E-007   3.3595126613624765E-008  0.19641607269698247     
   3.3232256499729079E-003  -9.5271600477229291E-007   3.3836235197600807E-008  0.19480159615005704     
   3.3351416379308447E-003  -9.5795027695823336E-007   3.4062519533858345E-008  0.19287086548023785     
   3.3470576258887814E-003  -9.6320841104576335E-007   3.4270942499161080E-008  0.19065076915613094     
   3.3589736138467182E-003  -9.6849124190386718E-007   3.4458690931382558E-008  0.18817356830723680     
   3.3708896018046549E-003  -9.7379940564968545E-007   3.4623200334749587E-008  0.18547658239316089     
   3.3828055897625916E-003  -9.7913334854785173E-007   3.4762230552938884E-008  0.18260173306255956     
   3.3947215777205284E-003  -9.8449331644253041E-007   3.4873902509522373E-008  0.17959493217428518     
   3.4066375656784651E-003  -9.8987936272973935E-007   3.4956726021010360E-008  0.17650530305430007     
   3.4185535536364019E-003  -9.9529136541441017E-007   3.5009610334501730E-008  0.17338422912365728     
   3.4304695415943386E-003  -1.0007290265541807E-006   3.5031854917634770E-008  0.17028423131020201     
   3.4423855295522754E-003  -1.0061918872770246E-006   3.5023139391342413E-008  0.16725768701626328     
   3.4543015175102121E-003  -1.0116793678282638E-006   3.4983497374999491E-008  0.16435541897926850     
   3.4662175054681488E-003  -1.0171907382769216E-006   3.4913285340022204E-008  0.16162520207025427     
   3.4781334934260856E-003  -1.0227251806256719E-006   3.4813160265057388E-008  0.15911025813498456     
   3.4900494813840223E-003  -1.0282817749056276E-006   3.4684059151898217E-008  0.15684782990805016     
   3.5019654693419591E-003  -1.0338595371839224E-006   3.4527167914733630E-008  0.15486793980603694     
   3.5138814572998958E-003  -1.0394574269798233E-006   3.4343899260591166E-008  0.15319244247579969     
   3.5257974452578326E-003  -1.0450743374383814E-006   3.4135878533176730E-008  0.15183446686577404     
   3.5377134332157693E-003  -1.0507091622608567E-006   3.3904930506400185E-008  0.15079831291930371     
   3.5496294211737060E-003  -1.0563607489832014E-006   3.3653049034742786E-008  0.15007982277643933     
   3.5615454091316428E-003  -1.0620279609006098E-006   3.3382370873925780E-008  0.14966719407222998     
   3.5734613970895795E-003  -1.0677096501841056E-006   3.3095160006124734E-008  0.14954215355008410     
   3.5853773850475163E-003  -1.0734046821683137E-006   3.2793790729998274E-008  0.14968137250662575     
   3.5972933730054530E-003  -1.0791119518523140E-006   3.2480707316129392E-008  0.15005798793760708     
   3.6092093609633898E-003  -1.0848303546059913E-006   3.2158391330339645E-008  0.15064309616846161     
   3.6211253489213265E-003  -1.0905588378974287E-006   3.1829351468545549E-008  0.15140710598302862     
   3.6330413368792632E-003  -1.0962963729262726E-006   3.1496096629965393E-008  0.15232086950603643     
   3.6449573248372000E-003  -1.1020419488762445E-006   3.1161098778281614E-008  0.15335654437442600     
   3.6568733127951367E-003  -1.1077946120351404E-006   3.0826776965766436E-008  0.15448817401537224     
   3.6687893007530735E-003  -1.1135534196295243E-006   3.0495478419960970E-008  0.15569200031496561     
   3.6807052887110102E-003  -1.1193174787593232E-006   3.0169451269071866E-008  0.15694654282290307     
   3.6926212766689470E-003  -1.1250859178457909E-006   2.9850831438033814E-008  0.15823249087341218     
   3.7045372646268837E-003  -1.1308578994243037E-006   2.9541630132445144E-008  0.15953246052215722     
   3.7164532525848205E-003  -1.1366326145822750E-006   2.9243716673771586E-008  0.16083066842409161     
   3.7283692405427572E-003  -1.1424092642334685E-006   2.8958809395953558E-008  0.16211257106457735     
   3.7402852285006939E-003  -1.1481871134410304E-006   2.8688471695424677E-008  0.16336451139983987     
   3.7522012164586307E-003  -1.1539653946372073E-006   2.8434113982605181E-008  0.16457340695438871     
   3.7641172044165674E-003  -1.1597433980999312E-006   2.8196988039124915E-008  0.16572650462674049     
   3.7760331923745042E-003  -1.1655204369116839E-006   2.7978194503472615E-008  0.16681121848805422     
   3.7879491803324409E-003  -1.1712958100643308E-006   2.7778689848749404E-008  0.16781505836371974     
   3.7998651682903777E-003  -1.1770688729122008E-006   2.7599302508577939E-008  0.16872564923641331     
   3.8117811562483144E-003  -1.1828389871133190E-006   2.7440723279336158E-008  0.16953083502121230     
   3.8236971442062511E-003  -1.1886055449171793E-006   2.7303532964640395E-008  0.17021885506934312     
   3.8356131321641879E-003  -1.1943679574843651E-006   2.7188223565049197E-008  0.17077857805635754     
   3.8475291201221246E-003  -1.2001256928941307E-006   2.7095190847585940E-008  0.17119977563223954     
   3.8594451080800614E-003  -1.2058782427718920E-006   2.7024737969910909E-008  0.17147341726263643     
   3.8713610960379981E-003  -1.2116251419419261E-006   2.6977103026400221E-008  0.17159196787388872     
   3.8832770839959349E-003  -1.2173660019852848E-006   2.6952461822328408E-008  0.17154967101257251     
   3.8951930719538716E-003  -1.2231004862104126E-006   2.6950921596932863E-008  0.17134280201052662     
   3.9071090599118079E-003  -1.2288283304182639E-006   2.6972528794778662E-008  0.17096987788304621     
   3.9190250478697442E-003  -1.2345493581053361E-006   2.7017272282876682E-008  0.17043181318785139     
   3.9309410358276805E-003  -1.2402634754577925E-006   2.7085083548701704E-008  0.16973201369485644     
   3.9428570237856168E-003  -1.2459707024991396E-006   2.7175825525166699E-008  0.16887640234187484     
   3.9547730117435531E-003  -1.2516711614098487E-006   2.7289301308019816E-008  0.16787337453715045     
   3.9666889997014895E-003  -1.2573650930282074E-006   2.7425246840054413E-008  0.16673368235987115     
   3.9786049876594258E-003  -1.2630528620416000E-006   2.7583322308015832E-008  0.16547024962784176     
   3.9905209756173621E-003  -1.2687349668128579E-006   2.7763118098515017E-008  0.16409792215311661     
   4.0024369635752984E-003  -1.2744120460547616E-006   2.7964148974906288E-008  0.16263315979555990     
   4.0143529515332347E-003  -1.2807007525763185E-006   2.8185835308403325E-008  0.16109367915704509     
   4.0262689394911710E-003  -1.2861998907018666E-006   2.7894721625516993E-008  0.17293905125014203     
   4.0381849274491073E-003  -1.2918675409115864E-006   2.9960423355582854E-008  0.17124106430999786     
   4.0501009154070436E-003  -1.2975340492252208E-006   2.9839796467116709E-008  0.16641083985846142     
   4.0620169033649799E-003  -1.3032010353219713E-006   3.0080728264453251E-008  0.16175006842918532     
   4.0739328913229162E-003  -1.3088699970713744E-006   3.0325094702296926E-008  0.15793314641527176     
   4.0858488792808526E-003  -1.3145424853681783E-006   3.0579659064321121E-008  0.15488031159426924     
   4.0977648672387889E-003  -1.3202201684671287E-006   3.0857505819888978E-008  0.15238164502093474     
   4.1096808551967252E-003  -1.3259048342078018E-006   3.1158873597621473E-008  0.15026468798999554     
   4.1215968431546615E-003  -1.3315983992847478E-006   3.1479546499445363E-008  0.14841721789671994     
   4.1335128311125978E-003  -1.3373028727231300E-006   3.1814747401945628E-008  0.14677329168998521     
   4.1454288190705341E-003  -1.3430203330741766E-006   3.2160960851482305E-008  0.14529596130284966     
   4.1573448070284704E-003  -1.3487528805812481E-006   3.2516364019069711E-008  0.14396466049908507     
   4.1692607949864067E-003  -1.3545026662880827E-006   3.2880066009374506E-008  0.14276751584564368     
   4.1811767829443430E-003  -1.3602718820270430E-006   3.3251073699526320E-008  0.14169710298803359     
   4.1930927709022793E-003  -1.3660627118435729E-006   3.3627695352548679E-008  0.14074825647131936     
   4.2050087588602156E-003  -1.3718773453452011E-006   3.4007445755750411E-008  0.13991699598233157     
   4.2169247468181520E-003  -1.3777179365421110E-006   3.4387518221302467E-008  0.13920002216286165     
   4.2288407347760883E-003  -1.3835865387707450E-006   3.4764986528843323E-008  0.13859448759331608     
   4.2407567227340246E-003  -1.3894851425159827E-006   3.5137056235621673E-008  0.13809788795665007     
   4.2526727106919609E-003  -1.3954156027332284E-006   3.5501148443957485E-008  0.13770799475608439     
   4.2645886986498972E-003  -1.4013796761143816E-006   3.5854908683760977E-008  0.13742278573299835     
   4.2765046866078335E-003  -1.4073789534158015E-006   3.6196252389028054E-008  0.13724035078261243     
   4.2884206745657698E-003  -1.4134148861563143E-006   3.6523387402258504E-008  0.13715876351174633     
   4.3003366625237061E-003  -1.4194887534301065E-006   3.6834771055598219E-008  0.13717591827945785     
   4.3122526504816424E-003  -1.4256016457766770E-006   3.7129080050235810E-008  0.13728934006790910     
   4.3241686384395787E-003  -1.4317544720407431E-006   3.7405146647624209E-008  0.13749598002758479     
   4.3360846263975151E-003  -1.4379479291515763E-006   3.7661876277818836E-008  0.13779201271808636     
   4.3480006143554514E-003  -1.4441825045332404E-006   3.7898215269973169E-008  0.13817265189305750     
   4.3599166023133877E-003  -1.4504584647950182E-006   3.8113101958562650E-008  0.13863200033167544     
   4.3718325902713240E-003  -1.4567758586978559E-006   3.8305496803348074E-008  0.13916294631407311     
   4.3837485782292603E-003  -1.4631345058447914E-006   3.8474386777633660E-008  0.13975711539102589     
   4.3956645661871966E-003  -1.4695340037262612E-006   3.8618802736198335E-008  0.14040488180537458     
   4.4075805541451329E-003  -1.4759737292033233E-006   3.8737899924088133E-008  0.14109543978193212     
   4.4194965421030692E-003  -1.4824528162593170E-006   3.8830978211095875E-008  0.14181693126436190     
   4.4314125300610055E-003  -1.4889702238573006E-006   3.8897528275682255E-008  0.14255662375744951     
   4.4433285180189418E-003  -1.4955246693804342E-006   3.8937278090677864E-008  0.14330112979084664     
   4.4552445059768781E-003  -1.5021147039055308E-006   3.8950205917995148E-008  0.14403665814011274     
   4.4671604939348145E-003  -1.5087386792013517E-006   3.8936561478851808E-008  0.14474928623256628     
   4.4790764818927508E-003  -1.5153947990851923E-006   3.8896852826048705E-008  0.14542524304314622     
   4.4909924698506871E-003  -1.5220810960621252E-006   3.8831838254877046E-008  0.14605119213237763     
   4.5029084578086234E-003  -1.5287954891706851E-006   3.8742505305623797E-008  0.14661450522439540     
   4.5148244457665597E-003  -1.5355357559870411E-006   3.8630036573502014E-008  0.14710351777191968     
   4.5267404337244960E-003  -1.5422996045612968E-006   3.8495777860139122E-008  0.14750775922144821     
   4.5386564216824323E-003  -1.5490846431968291E-006   3.8341209139728311E-008  0.14781815212195157     
   4.5505724096403686E-003  -1.5558884179016611E-006   3.8167912298257288E-008  0.14802717570561608     
   4.5624883975983049E-003  -1.5627084492836262E-006   3.7977540424245263E-008  0.14812899104421837     
   4.5744043855562412E-003  -1.5695422117852515E-006   3.7771796409877056E-008  0.14811952628089789     
   4.5863203735141776E-003  -1.5763871872651777E-006   3.7552411353261979E-008  0.14799652168085345     
   4.5982363614721139E-003  -1.5832408570258366E-006   3.7321123232876360E-008  0.14775953531313329     
   4.6101523494300502E-003  -1.5901007392648253E-006   3.7079668505295703E-008  0.14740991103984030     
   4.6220683373879865E-003  -1.5969643911143368E-006   3.6829772656024390E-008  0.14695071116552200     
   4.6339843253459228E-003  -1.6038294321873210E-006   3.6573140193278047E-008  0.14638661660455074     
   4.6459003133038591E-003  -1.6106935555162521E-006   3.6311452003582055E-008  0.14572379780893860     
   4.6578163012617954E-003  -1.6175545331152135E-006   3.6046363954632916E-008  0.14496976000016615     
   4.6697322892197317E-003  -1.6244102534312720E-006   3.5779506697714963E-008  0.14413316652176475     
   4.6816482771776680E-003  -1.6312587070684582E-006   3.5512484313919631E-008  0.14322364440284166     
   4.6935642651356043E-003  -1.6380979995805628E-006   3.5246876263971721E-008  0.14225157652403042     
   4.7054802530935406E-003  -1.6449263926305675E-006   3.4984234994733179E-008  0.14122788510690809     
   4.7173962410514770E-003  -1.6517422711743417E-006   3.4726082751500835E-008  0.14016381158490063     
   4.7293122290094133E-003  -1.6585441818390301E-006   3.4473910302239149E-008  0.13907069822412529     
   4.7412282169673496E-003  -1.6653308206864659E-006   3.4229163605688416E-008  0.13795977708411472     
   4.7531442049252859E-003  -1.6721010435957298E-006   3.3993254691955052E-008  0.13684197198798004     
   4.7650601928832222E-003  -1.6788538820223908E-006   3.3767534834575765E-008  0.13572771903264255     
   4.7769761808411585E-003  -1.6855885439255203E-006   3.3553286506256294E-008  0.13462681076956856     
   4.7888921687990948E-003  -1.6923043933733808E-006   3.3351723378022838E-008  0.13354826848047038     
   4.8008081567570311E-003  -1.6990009879947981E-006   3.3163978716934614E-008  0.13250024595109836     
   4.8127241447149674E-003  -1.7056780561746134E-006   3.2991092539170442E-008  0.13148996684476977     
   4.8246401326729037E-003  -1.7123354992785161E-006   3.2834010167169190E-008  0.13052369623326909     
   4.8365561206308401E-003  -1.7189734038896321E-006   3.2693572679913463E-008  0.12960674516963647     
   4.8484721085887764E-003  -1.7255920251222680E-006   3.2570521283474826E-008  0.12874350548006083     
   4.8603880965467127E-003  -1.7321917758685459E-006   3.2465488166808802E-008  0.12793751036065640     
   4.8723040845046490E-003  -1.7387732486759398E-006   3.2379003152956150E-008  0.12719151500449197     
   4.8842200724625853E-003  -1.7453371968361842E-006   3.2311487415169338E-008  0.12650759047779822     
   4.8961360604205216E-003  -1.7518845278961763E-006   3.2263273477961753E-008  0.12588722351393083     
   4.9080520483784579E-003  -1.7584162921629992E-006   3.2234591199925162E-008  0.12533141483553933     
   4.9199680363363942E-003  -1.7649336854849642E-006   3.2225570800423956E-008  0.12484076908101689     
   4.9318840242943305E-003  -1.7714380344193849E-006   3.2236258364477868E-008  0.12441557035783951     
   4.9438000122522668E-003  -1.7779307967887840E-006   3.2266605087366251E-008  0.12405583871994667     
   4.9557160002102031E-003  -1.7844135401741656E-006   3.2316482600098217E-008  0.12376136515583633     
   4.9676319881681395E-003  -1.7908879421004172E-006   3.2385668553107727E-008  0.12353172280265366     
   4.9795479761260758E-003  -1.7973557755748882E-006   3.2473860949381320E-008  0.12336625668215610     
   4.9914639640840121E-003  -1.8038189000026509E-006   3.2580668511093486E-008  0.12326405358034884     
   5.0033799520419484E-003  -1.8102792422754114E-006   3.2705626707373568E-008  0.12322389659466358     
   5.0152959399998847E-003  -1.8185509537844915E-006   3.2848163551074745E-008  0.12324420962409881     
   5.0272119279578210E-003  -1.8248541237669229E-006   3.3139471462673918E-008  0.13354888466176584     
   5.0391279159157573E-003  -1.8313206557134639E-006   3.4491373366033983E-008  0.13354470087889797     
   5.0510439038736936E-003  -1.8377925229975033E-006   3.4281092492714397E-008  0.13122709804844201     
   5.0629598918316299E-003  -1.8442717889672365E-006   3.4432569927956059E-008  0.12910201092098658     
   5.0748758797895662E-003  -1.8507606311790074E-006   3.4581275838508734E-008  0.12766384361978036     
   5.0867918677475026E-003  -1.8572611593317216E-006   3.4736531398351947E-008  0.12683409329830853     
   5.0987078557054389E-003  -1.8637754215705414E-006   3.4911973193038488E-008  0.12643593347114310     
   5.1106238436633752E-003  -1.8703054293308674E-006   3.5107720524254455E-008  0.12632154405026452     
   5.1225398316213115E-003  -1.8768531560405179E-006   3.5320679037620256E-008  0.12638969393811014     
   5.1344558195792478E-003  -1.8834205243269337E-006   3.5547998464140082E-008  0.12657543961956988     
   5.1463718075371841E-003  -1.8900093563292165E-006   3.5787076299079180E-008  0.12683716153071062     
   5.1582877954951204E-003  -1.8966214003961381E-006   3.6035261549116629E-008  0.12714700906016277     
   5.1702037834530567E-003  -1.9032582810273744E-006   3.6290110811492872E-008  0.12748499698828053     
   5.1821197714109930E-003  -1.9099215255715128E-006   3.6549703915478650E-008  0.12783567962198811     
   5.1940357593689293E-003  -1.9166125149088984E-006   3.6812659623971222E-008  0.12818636811990911     
   5.2059517473268657E-003  -1.9233325223862291E-006   3.7077755858214273E-008  0.12852619899285983     
   5.2178677352848020E-003  -1.9300827058442354E-006   3.7343650491756069E-008  0.12884564201807319     
   5.2297837232427383E-003  -1.9368640707225127E-006   3.7608760092893242E-008  0.12913623190208559     
   5.2416997112006746E-003  -1.9436775000947832E-006   3.7871389440349014E-008  0.12939041458469935     
   5.2536156991586109E-003  -1.9505237105430202E-006   3.8129896400272723E-008  0.12960145515999599     
   5.2655316871165472E-003  -1.9574032805240810E-006   3.8382809242987404E-008  0.12976338206915880     
   5.2774476750744835E-003  -1.9643166244133107E-006   3.8628849260517711E-008  0.12987095228681159     
   5.2893636630324198E-003  -1.9712640030725044E-006   3.8866870275042211E-008  0.12991963477508964     
   5.3012796509903561E-003  -1.9782455238499048E-006   3.9095813358821273E-008  0.12990560179118349     
   5.3131956389482924E-003  -1.9852611413218177E-006   3.9314685340289935E-008  0.12982572972412604     
   5.3251116269062287E-003  -1.9923106828781986E-006   3.9522550751948898E-008  0.12967760617471108     
   5.3370276148641651E-003  -1.9993938209122324E-006   3.9718560969038744E-008  0.12945954266970414     
   5.3489436028221014E-003  -2.0065101024847821E-006   3.9901962351322754E-008  0.12917059221982768     
   5.3608595907800377E-003  -2.0136589515492273E-006   4.0072093962588302E-008  0.12881057069258650     
   5.3727755787379740E-003  -2.0208396661704199E-006   4.0228416009295407E-008  0.12838008058507488     
   5.3846915666959103E-003  -2.0280514539366258E-006   4.0370495965830561E-008  0.12788053513010339     
   5.3966075546538466E-003  -2.0352934043345022E-006   4.0498002818857459E-008  0.12731418027337812     
   5.4085235426117829E-003  -2.0425645280545004E-006   4.0610716502720223E-008  0.12668411164237361     
   5.4204395305697192E-003  -2.0498637629237560E-006   4.0708522502002411E-008  0.12599428350000810     
   5.4323555185276555E-003  -2.0571899638943343E-006   4.0791404870852739E-008  0.12524950671475388     
   5.4442715064855918E-003  -2.0645419323368823E-006   4.0859448679851850E-008  0.12445543299463334     
   5.4561874944435282E-003  -2.0719184312436571E-006   4.0912831112213144E-008  0.12361852298365077     
   5.4681034824014645E-003  -2.0793181800372500E-006   4.0951819901791126E-008  0.12274599625013966     
   5.4800194703594008E-003  -2.0867398677341863E-006   4.0976762602668118E-008  0.12184576167939365     
   5.4919354583173371E-003  -2.0941821807553517E-006   4.0988079414179383E-008  0.12092632730187565     
   5.5038514462752734E-003  -2.1016437842003054E-006   4.0986270103839073E-008  0.11999668918918242     
   5.5157674342332097E-003  -2.1091233715352406E-006   4.0971882390967651E-008  0.11906619972827705     
   5.5276834221911460E-003  -2.1166196284394312E-006   4.0945518922835375E-008  0.11814441638648490     
   5.5395994101490823E-003  -2.1241312891676960E-006   4.0907831984041705E-008  0.11724093302572948     
   5.5515153981070186E-003  -2.1316570974303973E-006   4.0859502630572126E-008  0.11636519700517479     
   5.5634313860649549E-003  -2.1391958544127784E-006   4.0801245093111114E-008  0.11552631629453171     
   5.5753473740228912E-003  -2.1467464119150573E-006   4.0733792597020571E-008  0.11473286224401122     
   5.5872633619808276E-003  -2.1543076621552704E-006   4.0657889181557496E-008  0.11399267460728039     
   5.5991793499387639E-003  -2.1618785581635861E-006   4.0574286337112325E-008  0.11331267626093569     
   5.6110953378967002E-003  -2.1694581245356682E-006   4.0483736523718131E-008  0.11269870549142019     
   5.6230113258546365E-003  -2.1770454366675587E-006   4.0386982867357778E-008  0.11215537363981130     
   5.6349273138125728E-003  -2.1846396465266718E-006   4.0284752508416896E-008  0.11168595521681349     
   5.6468433017705091E-003  -2.1922399611450654E-006   4.0177754406296253E-008  0.11129231639687322     
   5.6587592897284454E-003  -2.1998456661656004E-006   4.0066671952884784E-008  0.11097488565944748     
   5.6706752776863817E-003  -2.2074561082286723E-006   3.9952159731263092E-008  0.11073266912790238     
   5.6825912656443180E-003  -2.2150706851458595E-006   3.9834839404153146E-008  0.11056330938756306     
   5.6945072536022543E-003  -2.2226888776038109E-006   3.9715298305976561E-008  0.11046318546202731     
   5.7064232415601907E-003  -2.2303101994762819E-006   3.9594085317180878E-008  0.11042754890068687     
   5.7183392295181270E-003  -2.2379342491807232E-006   3.9471712694332321E-008  0.11045068944470535     
   5.7302552174760633E-003  -2.2455606420062438E-006   3.9348656924838376E-008  0.11052612259508068     
   5.7421712054339996E-003  -2.2531890672176859E-006   3.9225356695685580E-008  0.11064679086806241     
   5.7540871933919359E-003  -2.2608192400362885E-006   3.9102217501407918E-008  0.11080527055298359     
   5.7660031813498722E-003  -2.2684509179551382E-006   3.8979608918097890E-008  0.11099397629876806     
   5.7779191693078085E-003  -2.2760839077844765E-006   3.8857872983735391E-008  0.11120535671271728     
   5.7898351572657448E-003  -2.2837180172615598E-006   3.8737322778190941E-008  0.11143207525212730     
   5.8017511452236811E-003  -2.2913531056656335E-006   3.8618246491323997E-008  0.11166717186011206     
   5.8136671331816174E-003  -2.2989890376526243E-006   3.8500908541181783E-008  0.11190420196493905     
   5.8255831211395537E-003  -2.3066257153298336E-006   3.8385557308510752E-008  0.11213735051864318     
   5.8374991090974901E-003  -2.3142630374673115E-006   3.8272423397937957E-008  0.11236151968942019     
   5.8494150970554264E-003  -2.3219009286061022E-006   3.8161720750456214E-008  0.11257238958667962     
   5.8613310850133627E-003  -2.3295393177369183E-006   3.8053655596099023E-008  0.11276645204401606     
   5.8732470729712990E-003  -2.3371781442330321E-006   3.7948420437797937E-008  0.11294101800807459     
   5.8851630609292353E-003  -2.3448173522881884E-006   3.7846207026434988E-008  0.11309419953939052     
   5.8970790488871716E-003  -2.3524569018553739E-006   3.7747197021542298E-008  0.11322486785135406     
   5.9089950368451079E-003  -2.3600967350889035E-006   3.7651570789461131E-008  0.11333258924271078     
   5.9209110248030442E-003  -2.3677368215827111E-006   3.7559505885044065E-008  0.11341754116247589     
   5.9328270127609805E-003  -2.3753771229584089E-006   3.7471182209573716E-008  0.11348041127178958     
   5.9447430007189168E-003  -2.3830176063996950E-006   3.7386775012167768E-008  0.11352228260521943     
   5.9566589886768532E-003  -2.3906582528100761E-006   3.7306464649682032E-008  0.11354450866274632     
   5.9685749766347895E-003  -2.3982990390141979E-006   3.7230430800829187E-008  0.11354858258083751     
   5.9804909645927258E-003  -2.4059399512922504E-006   3.7158855582189123E-008  0.11353600495512177     
   5.9924069525506621E-003  -2.4135809874193997E-006   3.7091921133686578E-008  0.11350815514259777     
   6.0043229405085984E-003  -2.4212221655651231E-006   3.7029801501446437E-008  0.11346617095772908     
   6.0162389284665347E-003  -2.4300626125194677E-006   3.6972688727740158E-008  0.11341084156136119     
   6.0281549164244710E-003  -2.4375546012649016E-006   3.7674287261791923E-008  0.12156447164821797     
   6.0400709043824073E-003  -2.4451982760452553E-006   3.8197899716160758E-008  0.12168549856725419     
   6.0519868923403436E-003  -2.4528420950690179E-006   3.7754446744878833E-008  0.11985319296832705     
   6.0639028802982799E-003  -2.4604859079744866E-006   3.7659786333759733E-008  0.11800355970332913     
   6.0758188682562162E-003  -2.4681299593080067E-006   3.7559019420685162E-008  0.11655336878968015     
   6.0877348562141526E-003  -2.4757744658054962E-006   3.7458486971716164E-008  0.11547797324587747     
   6.0996508441720889E-003  -2.4834196312246755E-006   3.7371023715043722E-008  0.11466652667955118     
   6.1115668321300252E-003  -2.4910656316982420E-006   3.7298328509929590E-008  0.11402004756812910     
   6.1234828200879615E-003  -2.4987126809956687E-006   3.7239974301836676E-008  0.11346828473082482     
   6.1353988080458978E-003  -2.5063610188428267E-006   3.7195782555785725E-008  0.11296504571557284     
   6.1473147960038341E-003  -2.5140109493003716E-006   3.7165273563885357E-008  0.11248043734177428     
   6.1592307839617704E-003  -2.5216628203694327E-006   3.7147092513917830E-008  0.11199476405791464     
   6.1711467719197067E-003  -2.5293170141652605E-006   3.7139335200437704E-008  0.11149459984290060     
   6.1830627598776430E-003  -2.5369739341244339E-006   3.7140242792918717E-008  0.11097049204791666     
   6.1949787478355793E-003  -2.5446339964763250E-006   3.7148611272375980E-008  0.11041568885202178     
   6.2068947357935157E-003  -2.5522976257934364E-006   3.7164041046624489E-008  0.10982545227803046     
   6.2188107237514520E-003  -2.5599652683404012E-006   3.7186594521790762E-008  0.10919668858429185     
   6.2307267117093883E-003  -2.5676374159909507E-006   3.7216526349108133E-008  0.10852774490066522     
   6.2426426996673246E-003  -2.5753145886146466E-006   3.7254076887513898E-008  0.10781829022266057     
   6.2545586876252609E-003  -2.5829973318520430E-006   3.7299322251077201E-008  0.10706923699182327     
   6.2664746755831972E-003  -2.5906862336155430E-006   3.7352160486710314E-008  0.10628267915788601     
   6.2783906635411335E-003  -2.5983818922001085E-006   3.7412264554139253E-008  0.10546183334047421     
   6.2903066514990698E-003  -2.6060849400148226E-006   3.7479094043293533E-008  0.10461097509860566     
   6.3022226394570061E-003  -2.6137960092833665E-006   3.7551957039512678E-008  0.10373536544200151     
   6.3141386274149424E-003  -2.6215157563317911E-006   3.7630057674704063E-008  0.10284116449623328     
   6.3260546153728787E-003  -2.6292448360029224E-006   3.7712557018261054E-008  0.10193533038739219     
   6.3379706033308151E-003  -2.6369839011001577E-006   3.7798675402921416E-008  0.10102550229591052     
   6.3498865912887514E-003  -2.6447336118430065E-006   3.7887704915081377E-008  0.10011986742036147     
   6.3618025792466877E-003  -2.6524946215910730E-006   3.7979068550561464E-008   9.9227012414730684E-002
   6.3737185672046240E-003  -2.6602675840747683E-006   3.8072338386358356E-008   9.8355760755593269E-002
   6.3856345551625603E-003  -2.6680531274389107E-006   3.8167217354554664E-008   9.7514998340651762E-002
   6.3975505431204966E-003  -2.6758518942897398E-006   3.8263520796239316E-008   9.6713490702427921E-002
   6.4094665310784329E-003  -2.6836644920069564E-006   3.8361156158317603E-008   9.5959695755335764E-002
   6.4213825190363692E-003  -2.6914915392798350E-006   3.8460080083397376E-008   9.5261576928813221E-002
   6.4332985069943055E-003  -2.6993336217959429E-006   3.8560264123647131E-008   9.4626421845236813E-002
   6.4452144949522418E-003  -2.7071913293217119E-006   3.8661660821653243E-008   9.4060671961970557E-002
   6.4571304829101782E-003  -2.7150652252963696E-006   3.8764178360599838E-008   9.3569768494976058E-002
   6.4690464708681145E-003  -2.7229558527648313E-006   3.8867673775246335E-008   9.3158019565612621E-002
   6.4809624588260508E-003  -2.7308637254783635E-006   3.8971942028066749E-008   9.2828492848909941E-002
   6.4928784467839871E-003  -2.7387893590422623E-006   3.9076716889984647E-008   9.2582937095982601E-002
   6.5047944347419234E-003  -2.7467332225257101E-006   3.9181692711515816E-008   9.2421734849445505E-002
   6.5167104226998597E-003  -2.7546957662722027E-006   3.9286543101480592E-008   9.2343887390854459E-002
   6.5286264106577960E-003  -2.7626774117023933E-006   3.9390928554808138E-008   9.2347031775334473E-002
   6.5405423986157323E-003  -2.7706785296219597E-006   3.9494526335377579E-008   9.2427488647154471E-002
   6.5524583865736686E-003  -2.7786994969548743E-006   3.9597043505464705E-008   9.2580338327283157E-002
   6.5643743745316049E-003  -2.7867406149807495E-006   3.9698228768531630E-008   9.2799521858563216E-002
   6.5762903624895412E-003  -2.7948021694053612E-006   3.9797885666472552E-008   9.3077962956213733E-002
   6.5882063504474776E-003  -2.8028844120057641E-006   3.9895875065593873E-008   9.3407706406307855E-002
   6.6001223384054139E-003  -2.8109875443148442E-006   3.9992120979924459E-008   9.3780068275032283E-002
   6.6120383263633502E-003  -2.8191117511792328E-006   4.0086607272379390E-008   9.4185793390911487E-002
   6.6239543143212865E-003  -2.8272571531107745E-006   4.0179370663265421E-008   9.4615215866371727E-002
   6.6358703022792228E-003  -2.8354238602387554E-006   4.0270494352914287E-008   9.5058418917907991E-002
   6.6477862902371591E-003  -2.8436119322628909E-006   4.0360103607818470E-008   9.5505390838614576E-002
   6.6597022781950954E-003  -2.8518213995892454E-006   4.0448347960566399E-008   9.5946174656630426E-002
   6.6716182661530317E-003  -2.8600522523914689E-006   4.0535388084992917E-008   9.6371009628184970E-002
   6.6835342541109680E-003  -2.8683044459874774E-006   4.0621389075342944E-008   9.6770463381523730E-002
   6.6954502420689043E-003  -2.8765779156716795E-006   4.0706508516345644E-008   9.7135553989705692E-002
   6.7073662300268407E-003  -2.8848725479775384E-006   4.0790883786316584E-008   9.7457861692518924E-002
   6.7192822179847770E-003  -2.8931882172019289E-006   4.0874625116904142E-008   9.7729630284577484E-002
   6.7311982059427133E-003  -2.9015247548136699E-006   4.0957811592586346E-008   9.7943858372251821E-002
   6.7431141939006496E-003  -2.9098819707748525E-006   4.1040488637550435E-008   9.8094380805240938E-002
   6.7550301818585859E-003  -2.9182596335173297E-006   4.1122666672514888E-008   9.8175940633940403E-002
   6.7669461698165222E-003  -2.9266575123999705E-006   4.1204323477687662E-008   9.8184251753128504E-002
   6.7788621577744585E-003  -2.9350753332119753E-006   4.1285406518368632E-008   9.8116052711672480E-002
   6.7907781457323948E-003  -2.9435127905948690E-006   4.1365836846398687E-008   9.7969151445473301E-002
   6.8026941336903311E-003  -2.9519695797463840E-006   4.1445518389330963E-008   9.7742461102261050E-002
   6.8146101216482674E-003  -2.9604453615647272E-006   4.1524337065385504E-008   9.7436026657700583E-002
   6.8265261096062037E-003  -2.9689397850823251E-006   4.1602165135239491E-008   9.7051041946495761E-002
   6.8384420975641401E-003  -2.9774524689255375E-006   4.1678866701794407E-008   9.6589856532229346E-002
   6.8503580855220764E-003  -2.9859830370974072E-006   4.1754293551727882E-008   9.6055971629988204E-002
   6.8622740734800127E-003  -2.9945310822678959E-006   4.1828294898591403E-008   9.5454024111069707E-002
   6.8741900614379490E-003  -3.0030962011858299E-006   4.1900708224777125E-008   9.4789757383665560E-002
   6.8861060493958853E-003  -3.0116779728013614E-006   4.1971355991961803E-008   9.4069977770109794E-002
   6.8980220373538216E-003  -3.0202759684631265E-006   4.2040051884239939E-008   9.3302494819229573E-002
   6.9099380253117579E-003  -3.0288897715709461E-006   4.2106586220565475E-008   9.2496043883348270E-002
   6.9218540132696942E-003  -3.0375189364163948E-006   4.2170745655835432E-008   9.1660189253785024E-002
   6.9337700012276305E-003  -3.0461630384269716E-006   4.2232290116863670E-008   9.0805206261055052E-002
   6.9456859891855668E-003  -3.0548216472826873E-006   4.2290958657556922E-008   8.9941941024056254E-002
   6.9576019771435032E-003  -3.0634943337759691E-006   4.2346477041111138E-008   8.9081647060860664E-002
   6.9695179651014395E-003  -3.0721806716656907E-006   4.2398551148155949E-008   8.8235798782510616E-002
   6.9814339530593758E-003  -3.0808802454640892E-006   4.2446876857940121E-008   8.7415883030471903E-002
   6.9933499410173121E-003  -3.0895926341213178E-006   4.2491136922692726E-008   8.6633171298880124E-002
   7.0052659289752484E-003  -3.0983174299365331E-006   4.2531006324926908E-008   8.5898476863354167E-002
   7.0171819169331847E-003  -3.1087709737355150E-006   4.2566162784624927E-008   8.5221903435181004E-002
   7.0290979048911210E-003  -3.1173776264120421E-006   4.5419682292652256E-008   9.0584894964977930E-002
   7.0410138928490573E-003  -3.1261397352902204E-006   4.3977803755203543E-008   9.0165396221345881E-002
   7.0529298808069936E-003  -3.1349129605518206E-006   4.3591047391862874E-008   8.8450430125394802E-002
   7.0648458687649299E-003  -3.1436962650533609E-006   4.3546605614155184E-008   8.6838160408925960E-002
   7.0767618567228662E-003  -3.1524894096251788E-006   4.3481792835710478E-008   8.5618068598157765E-002
   7.0886778446808026E-003  -3.1612921055950544E-006   4.3405318235277965E-008   8.4767975270636925E-002
   7.1005938326387389E-003  -3.1701040155298206E-006   4.3330065957539078E-008   8.4207912630860582E-002
   7.1125098205966752E-003  -3.1789247903159311E-006   4.3257331951539877E-008   8.3867261802255802E-002
   7.1244258085546115E-003  -3.1877540734237273E-006   4.3185447764156735E-008   8.3694933499153551E-002
   7.1363417965125478E-003  -3.1965915214871507E-006   4.3112766775980927E-008   8.3655342720677317E-002
   7.1482577844704841E-003  -3.2054368020789110E-006   4.3038141208679960E-008   8.3722813399768434E-002
   7.1601737724284204E-003  -3.2142895736869789E-006   4.2960788897010527E-008   8.3877399251443829E-002
   7.1720897603863567E-003  -3.2231495111147745E-006   4.2880064711401510E-008   8.4102311436934182E-002
   7.1840057483442930E-003  -3.2320162756313114E-006   4.2795309725130768E-008   8.4382511030962712E-002
   7.1959217363022293E-003  -3.2408895325844649E-006   4.2705903382386589E-008   8.4704019533692693E-002
   7.2078377242601657E-003  -3.2497689437994563E-006   4.2611362194472260E-008   8.5053632348579655E-002
   7.2197537122181020E-003  -3.2586541555276694E-006   4.2511434650750110E-008   8.5418842936163433E-002
   7.2316697001760383E-003  -3.2675448129080701E-006   4.2406096271392401E-008   8.5787869328152508E-002
   7.2435856881339746E-003  -3.2764405677541265E-006   4.2295471082465662E-008   8.6149724972426636E-002
   7.2555016760919109E-003  -3.2853410490747581E-006   4.2179761948566182E-008   8.6494302772187864E-002
   7.2674176640498472E-003  -3.2942459042337648E-006   4.2059177749699385E-008   8.6812458576322721E-002
   7.2793336520077835E-003  -3.3031547661335254E-006   4.1933904932251085E-008   8.7096083684107872E-002
   7.2912496399657198E-003  -3.3120672713844754E-006   4.1804143693069023E-008   8.7338164435312851E-002
   7.3031656279236561E-003  -3.3209830502933540E-006   4.1670151479256754E-008   8.7532826127185617E-002
   7.3150816158815924E-003  -3.3299017250091749E-006   4.1532233199296995E-008   8.7675361167502935E-002
   7.3269976038395287E-003  -3.3388229210182042E-006   4.1390738815891833E-008   8.7762241640751915E-002
   7.3389135917974651E-003  -3.3477462660315398E-006   4.1246094136584600E-008   8.7791117039599340E-002
   7.3508295797554014E-003  -3.3566713744112778E-006   4.1098795838074449E-008   8.7760798101588197E-002
   7.3627455677133377E-003  -3.3655978874029239E-006   4.0949380137305067E-008   8.7671227952968556E-002
   7.3746615556712740E-003  -3.3745254232620327E-006   4.0798429390463131E-008   8.7523441017944389E-002
   7.3865775436292103E-003  -3.3834536399203665E-006   4.0646567937694335E-008   8.7319510965868513E-002
   7.3984935315871466E-003  -3.3923821817752803E-006   4.0494444393391232E-008   8.7062487766696298E-002
   7.4104095195450829E-003  -3.4013107173264971E-006   4.0342724872500896E-008   8.6756324263027859E-002
   7.4223255075030192E-003  -3.4102389317599968E-006   4.0192091825496399E-008   8.6405792345814969E-002
   7.4342414954609555E-003  -3.4191665282458343E-006   4.0043225157611079E-008   8.6016388835800719E-002
   7.4461574834188918E-003  -3.4280932364666697E-006   3.9896793383452715E-008   8.5594231262780263E-002
   7.4580734713768282E-003  -3.4370188096513249E-006   3.9753456541735795E-008   8.5145943968632676E-002
   7.4699894593347645E-003  -3.4459430360697576E-006   3.9613859226184986E-008   8.4678535293160384E-002
   7.4819054472927008E-003  -3.4548657323585600E-006   3.9478622928651504E-008   8.4199267012292106E-002
   7.4938214352506371E-003  -3.4637867518640859E-006   3.9348353311723046E-008   8.3715517654431415E-002
   7.5057374232085734E-003  -3.4727059818614099E-006   3.9223635972575076E-008   8.3234641809132093E-002
   7.5176534111665097E-003  -3.4816233604259833E-006   3.9105029459150466E-008   8.2763828019117053E-002
   7.5295693991244460E-003  -3.4905388623430204E-006   3.8993074352164563E-008   8.2309958293537572E-002
   7.5414853870823823E-003  -3.4994525113440846E-006   3.8888291423717923E-008   8.1879472628520994E-002
   7.5534013750403186E-003  -3.5083643700953351E-006   3.8791172779436497E-008   8.1478242190387115E-002
   7.5653173629982549E-003  -3.5172745574399918E-006   3.8702185957328615E-008   8.1111454905463606E-002
   7.5772333509561913E-003  -3.5261832534042113E-006   3.8621771051719530E-008   8.0783517097652316E-002
   7.5891493389141276E-003  -3.5350906732406901E-006   3.8550327258913606E-008   8.0497974442224576E-002
   7.6010653268720639E-003  -3.5439970950536867E-006   3.8488221704311305E-008   8.0257455361543412E-002
   7.6129813148300002E-003  -3.5529028503434764E-006   3.8435779728060321E-008   8.0063638051997552E-002
   7.6248973027879365E-003  -3.5618083254895770E-006   3.8393282975446367E-008   7.9917243214125480E-002
   7.6368132907458728E-003  -3.5707139636047725E-006   3.8360963401504695E-008   7.9818051784108751E-002
   7.6487292787038091E-003  -3.5796202561919904E-006   3.8339003562952696E-008   7.9764946870034992E-002
   7.6606452666617454E-003  -3.5885277501896046E-006   3.8327533894820578E-008   7.9755977751874124E-002
   7.6725612546196817E-003  -3.5974370540897334E-006   3.8326630453301326E-008   7.9788442979136648E-002
   7.6844772425776180E-003  -3.6063488162461047E-006   3.8336313261254584E-008   7.9858989191536084E-002
   7.6963932305355543E-003  -3.6152637270988913E-006   3.8356544924554896E-008   7.9963720275479086E-002
   7.7083092184934907E-003  -3.6241825427208699E-006   3.8387234687533335E-008   8.0098315679032528E-002
   7.7202252064514270E-003  -3.6331060545967607E-006   3.8428234322022273E-008   8.0258150147674068E-002
   7.7321411944093633E-003  -3.6420350810946954E-006   3.8479337684817887E-008   8.0438413671178419E-002
   7.7440571823672996E-003  -3.6509704945350315E-006   3.8540287618415117E-008   8.0634227161356431E-002
   7.7559731703252359E-003  -3.6599131841097842E-006   3.8610774333060827E-008   8.0840751368476585E-002
   7.7678891582831722E-003  -3.6688640823952350E-006   3.8690437441954390E-008   8.1053286729845991E-002
   7.7798051462411085E-003  -3.6778241406933495E-006   3.8778869427580049E-008   8.1267362497343343E-002
   7.7917211341990448E-003  -3.6867943212448629E-006   3.8875617393296241E-008   8.1478813994828189E-002
   7.8036371221569811E-003  -3.6957756087242533E-006   3.8980187799833935E-008   8.1683847326249517E-002
   7.8155531101149183E-003  -3.7047689972615436E-006   3.9092047893488015E-008   8.1879091222338690E-002
   7.8274690980728555E-003  -3.7137754815429644E-006   3.9210629785929821E-008   8.2061636031210264E-002
   7.8393850860307927E-003  -3.7227960577379704E-006   3.9335333963300486E-008   8.2229060080879823E-002
   7.8513010739887298E-003  -3.7318317209035985E-006   3.9465530993578905E-008   8.2379443823199380E-002
   7.8632170619466670E-003  -3.7408834382864597E-006   3.9600567126481206E-008   8.2511372292813995E-002
   7.8751330499046042E-003  -3.7499521873303208E-006   3.9739764975747533E-008   8.2623926513764573E-002
   7.8870490378625414E-003  -3.7590389017238802E-006   3.9882429620143500E-008   8.2716664564402853E-002
   7.8989650258204785E-003  -3.7681444947615218E-006   4.0027848546059573E-008   8.2789593084410168E-002
   7.9108810137784157E-003  -3.7772698556352623E-006   4.0175297644203443E-008   8.2843130089774411E-002
   7.9227970017363529E-003  -3.7864158303382553E-006   4.0324043477617952E-008   8.2878060036456452E-002
   7.9347129896942901E-003  -3.7955832374240359E-006   4.0473347196978375E-008   8.2895482186880698E-002
   7.9466289776522273E-003  -3.8047728272178935E-006   4.0622467409278529E-008   8.2896753436347906E-002
   7.9585449656101644E-003  -3.8139853272405676E-006   4.0770664077401401E-008   8.2883426886707010E-002
   7.9704609535681016E-003  -3.8232213908516636E-006   4.0917202681109238E-008   8.2857187578535357E-002
   7.9823769415260388E-003  -3.8324816361842466E-006   4.1061357013605444E-008   8.2819786912447221E-002
   7.9942929294839760E-003  -3.8417666083226639E-006   4.1202414202172292E-008   8.2772977396717171E-002
   8.0062089174419131E-003  -3.8513852386408813E-006   4.1339674495642673E-008   8.2718449427281224E-002
   8.0181249053998503E-003  -3.8605839517376410E-006   4.3804423298915583E-008   8.8928569762067519E-002
   8.0300408933577875E-003  -3.8699490407070616E-006   4.2983105945830935E-008   8.8823097889862410E-002
   8.0419568813157247E-003  -3.8793403061471133E-006   4.2697958916618930E-008   8.7246273960425710E-002
   8.0538728692736618E-003  -3.8887575674754327E-006   4.2749539648126765E-008   8.5723459481781075E-002
   8.0657888572315990E-003  -3.8982010588558036E-006   4.2784155515870462E-008   8.4566936522462222E-002
   8.0777048451895362E-003  -3.9076709382514461E-006   4.2807524977554328E-008   8.3742030788402880E-002
   8.0896208331474734E-003  -3.9171672698117423E-006   4.2830686821424515E-008   8.3151862354609918E-002
   8.1015368211054106E-003  -3.9266899806733765E-006   4.2854205566676930E-008   8.2714157069432817E-002
   8.1134528090633477E-003  -3.9362389089796696E-006   4.2876677611374326E-008   8.2372682894799071E-002
   8.1253687970212849E-003  -3.9458137988747045E-006   4.2896873192437474E-008   8.2091914800330124E-002
   8.1372847849792221E-003  -3.9554143429605735E-006   4.2913611506040632E-008   8.1849841980709756E-002
   8.1492007729371593E-003  -3.9650401795163389E-006   4.2925584330263999E-008   8.1632557387481444E-002
   8.1611167608950964E-003  -3.9746908700642851E-006   4.2931489492191353E-008   8.1430852070142168E-002
   8.1730327488530336E-003  -3.9843659173539974E-006   4.2930155430230713E-008   8.1238251056584859E-002
   8.1849487368109708E-003  -3.9940647445972459E-006   4.2920752088300748E-008   8.1049933957705086E-002
   8.1968647247689080E-003  -4.0037867175309165E-006   4.2902751801399326E-008   8.0862157005997609E-002
   8.2087807127268451E-003  -4.0135311154941744E-006   4.2875825818185315E-008   8.0671948075256530E-002
   8.2206967006847823E-003  -4.0232971673966118E-006   4.2839851719648497E-008   8.0476948495587050E-002
   8.2326126886427195E-003  -4.0330840585781550E-006   4.2794851542244105E-008   8.0275333529239323E-002
   8.2445286766006567E-003  -4.0428909133811939E-006   4.2740883434534477E-008   8.0065775470046938E-002
   8.2564446645585939E-003  -4.0527168264836677E-006   4.2678058025075503E-008   7.9847428565098313E-002
   8.2683606525165310E-003  -4.0625608430609536E-006   4.2606487056943435E-008   7.9619923605531079E-002
   8.2802766404744682E-003  -4.0724219923437864E-006   4.2526269191296028E-008   7.9383364365090539E-002
   8.2921926284324054E-003  -4.0822992553581647E-006   4.2437505996558043E-008   7.9138320778299326E-002
   8.3041086163903426E-003  -4.0921916051577619E-006   4.2340305558725691E-008   7.8885815574360696E-002
   8.3160246043482797E-003  -4.1020979843901870E-006   4.2234778458353585E-008   7.8627302420082007E-002
   8.3279405923062169E-003  -4.1120173229102543E-006   4.2121082994206672E-008   7.8364634630053762E-002
   8.3398565802641541E-003  -4.1219485344427284E-006   4.1999455306631963E-008   7.8100024247221358E-002
   8.3517725682220913E-003  -4.1318905243692489E-006   4.1870195873731290E-008   7.7835991835391222E-002
   8.3636885561800284E-003  -4.1418421912115492E-006   4.1733667522004209E-008   7.7575307704860805E-002
   8.3756045441379656E-003  -4.1518024403512673E-006   4.1590322094943910E-008   7.7320925718964678E-002
   8.3875205320959028E-003  -4.1617701812489039E-006   4.1440687591322822E-008   7.7075910151516852E-002
   8.3994365200538400E-003  -4.1717443315226856E-006   4.1285352764525673E-008   7.6843358523085145E-002
   8.4113525080117772E-003  -4.1817238421633495E-006   4.1124950307697506E-008   7.6626320484755872E-002
   8.4232684959697143E-003  -4.1917076715777447E-006   4.0960153119251800E-008   7.6427715606546903E-002
   8.4351844839276515E-003  -4.2016948208153753E-006   4.0791651991270208E-008   7.6250251900328081E-002
   8.4471004718855887E-003  -4.2116843300457436E-006   4.0620142416316741E-008   7.6096347462967590E-002
   8.4590164598435259E-003  -4.2216752748502945E-006   4.0446315899923876E-008   7.5968057716936849E-002
   8.4709324478014630E-003  -4.2316667790152105E-006   4.0270845742064148E-008   7.5867010745567690E-002
   8.4828484357594002E-003  -4.2416580310322663E-006   4.0094382554202253E-008   7.5794353096296188E-002
   8.4947644237173374E-003  -4.2516482503555078E-006   3.9917554361956141E-008   7.5750708151174406E-002
   8.5066804116752746E-003  -4.2616367393140531E-006   3.9740960365358892E-008   7.5736148748825810E-002
   8.5185963996332117E-003  -4.2716228458461170E-006   3.9565176864541311E-008   7.5750185195997521E-002
   8.5305123875911489E-003  -4.2816059974277333E-006   3.9390758888327922E-008   7.5791769168230078E-002
   8.5424283755490861E-003  -4.2915856652900043E-006   3.9218240553506489E-008   7.5859313319941668E-002
   8.5543443635070233E-003  -4.3015614126238413E-006   3.9048142137870857E-008   7.5950725752594553E-002
   8.5662603514649605E-003  -4.3115328547183526E-006   3.8880968515154148E-008   7.6063457876471549E-002
   8.5781763394228976E-003  -4.3214996856588558E-006   3.8717220607418178E-008   7.6194563672386348E-002
   8.5900923273808348E-003  -4.3314616642362568E-006   3.8557372903932530E-008   7.6340768003587675E-002
   8.6020083153387720E-003  -4.3414186252566245E-006   3.8401895340343349E-008   7.6498541366754172E-002
   8.6139243032967092E-003  -4.3513704686024272E-006   3.8251254465226511E-008   7.6664178438305794E-002
   8.6258402912546463E-003  -4.3613171816662715E-006   3.8105896521857446E-008   7.6833877798878555E-002
   8.6377562792125835E-003  -4.3712588082032282E-006   3.7966243238349326E-008   7.7003820433653572E-002
   8.6496722671705207E-003  -4.3811954718769890E-006   3.7832702348200947E-008   7.7170244912871278E-002
   8.6615882551284579E-003  -4.3911273597590203E-006   3.7705657364680321E-008   7.7329517423624539E-002
   8.6735042430863950E-003  -4.4010547321549077E-006   3.7585459045887394E-008   7.7478195275485814E-002
   8.6854202310443322E-003  -4.4109779211211347E-006   3.7472426573553626E-008   7.7613082822952470E-002
   8.6973362190022694E-003  -4.4208973198971244E-006   3.7366843547867917E-008   7.7731279119006680E-002
   8.7092522069602066E-003  -4.4308133921753759E-006   3.7268950665603954E-008   7.7830216928157378E-002
   8.7211681949181438E-003  -4.4407266524487684E-006   3.7178947499868094E-008   7.7907693008462162E-002
   8.7330841828760809E-003  -4.4506376886297043E-006   3.7096992664304801E-008   7.7961889801971440E-002
   8.7450001708340181E-003  -4.4605471325710588E-006   3.7023199765264265E-008   7.7991388860876934E-002
   8.7569161587919553E-003  -4.4704556676676958E-006   3.6957636957411348E-008   7.7995176493662485E-002
   8.7688321467498925E-003  -4.4803640318229162E-006   3.6900333016566320E-008   7.7972642215477242E-002
   8.7807481347078296E-003  -4.4902730055826708E-006   3.6851275809580633E-008   7.7923570679513332E-002
   8.7926641226657668E-003  -4.5001834091691194E-006   3.6810413877062283E-008   7.7848127810865989E-002
   8.8045801106237040E-003  -4.5100960889462226E-006   3.6777663537702645E-008   7.7746841906359124E-002
   8.8164960985816412E-003  -4.5200119285439120E-006   3.6752908022297774E-008   7.7620580468559353E-002
   8.8284120865395783E-003  -4.5299318405149595E-006   3.6735997223217489E-008   7.7470523543804362E-002
   8.8403280744975155E-003  -4.5398567529859787E-006   3.6726755344408672E-008   7.7298134313590242E-002
   8.8522440624554527E-003  -4.5497876078033909E-006   3.6724981227359767E-008   7.7105127652375344E-002
   8.8641600504133899E-003  -4.5597253596064145E-006   3.6730448255862299E-008   7.6893437322423069E-002
   8.8760760383713271E-003  -4.5696709678547408E-006   3.6742910088830500E-008   7.6665182409700564E-002
   8.8879920263292642E-003  -4.5796254055424703E-006   3.6762092054197990E-008   7.6422633537029272E-002
   8.8999080142872014E-003  -4.5895896221175401E-006   3.6787700970056306E-008   7.6168179307265799E-002
   8.9118240022451386E-003  -4.5995645722191696E-006   3.6819427060351740E-008   7.5904293334510570E-002
   8.9237399902030758E-003  -4.6095511995478088E-006   3.6856936704414043E-008   7.5633502140880396E-002
   8.9356559781610129E-003  -4.6195504233307325E-006   3.6899882596680675E-008   7.5358354091911536E-002
   8.9475719661189501E-003  -4.6295631520418534E-006   3.6947894311128821E-008   7.5081389473827809E-002
   8.9594879540768873E-003  -4.6395902578161257E-006   3.7000590393157883E-008   7.4805111735666965E-002
   8.9714039420348245E-003  -4.6496326014789314E-006   3.7057570984535996E-008   7.4531959872754780E-002
   8.9833199299927616E-003  -4.6596909930552734E-006   3.7118430944684583E-008   7.4264281892129358E-002
   8.9952359179506988E-003  -4.6697662212488286E-006   3.7182749079021304E-008   7.4004309295526385E-002
   9.0071519059086360E-003  -4.6798001025698527E-006   3.7250102271409757E-008   7.3754132527714969E-002
   9.0190678938665732E-003  -4.6897758613986662E-006   3.8634050393427484E-008   7.9019066499333795E-002
   9.0309838818245104E-003  -4.6999069084541585E-006   3.8795301257712240E-008   7.8741630814203850E-002
   9.0428998697824475E-003  -4.7100574083463252E-006   3.8467763928475712E-008   7.7220882998071783E-002
   9.0548158577403847E-003  -4.7202278894732585E-006   3.8483074274691698E-008   7.5796383001508399E-002
   9.0667318456983219E-003  -4.7304188757833814E-006   3.8484736198635849E-008   7.4727560850799027E-002
   9.0786478336562591E-003  -4.7406308189180090E-006   3.8482166848444131E-008   7.3972295760231427E-002
   9.0905638216141962E-003  -4.7508641239823457E-006   3.8488788569846663E-008   7.3439301502247978E-002
   9.1024798095721334E-003  -4.7611191271117377E-006   3.8505303855001159E-008   7.3053982637421785E-002
   9.1143957975300706E-003  -4.7713961360748973E-006   3.8529042350156360E-008   7.2766689367046861E-002
   9.1263117854880078E-003  -4.7816953726136221E-006   3.8557420813167280E-008   7.2546810546949114E-002
   9.1382277734459449E-003  -4.7920170119335921E-006   3.8588773011367883E-008   7.2375774258817679E-002
   9.1501437614038821E-003  -4.8023611547085510E-006   3.8622234658462385E-008   7.2241974136708506E-002
   9.1620597493618193E-003  -4.8127278456205827E-006   3.8657314810409818E-008   7.2137656812618037E-002
   9.1739757373197565E-003  -4.8231170822594491E-006   3.8693553190054972E-008   7.2057167964227120E-002
   9.1858917252776937E-003  -4.8335288247635408E-006   3.8730229150686394E-008   7.1996006990946049E-002
   9.1978077132356308E-003  -4.8439629691218655E-006   3.8766505125066694E-008   7.1950325221623340E-002
   9.2097237011935680E-003  -4.8544193605230517E-006   3.8801549572256608E-008   7.1916657638555467E-002
   9.2216396891515052E-003  -4.8648977903889063E-006   3.8834624156290241E-008   7.1891777334839077E-002
   9.2335556771094424E-003  -4.8753979928517571E-006   3.8865120693286266E-008   7.1872617348819612E-002
   9.2454716650673795E-003  -4.8859196666319917E-006   3.8892523795666798E-008   7.1856232698291334E-002
   9.2573876530253167E-003  -4.8964624351764436E-006   3.8916401790663574E-008   7.1839788770922050E-002
   9.2693036409832539E-003  -4.9070259024646483E-006   3.8936411517144426E-008   7.1820568127437354E-002
   9.2812196289411911E-003  -4.9176096327999349E-006   3.8952293639431426E-008   7.1795990316248726E-002
   9.2931356168991282E-003  -4.9282131383874342E-006   3.8963878173529110E-008   7.1763640511779386E-002
   9.3050516048570654E-003  -4.9388359125211860E-006   3.8971080242818635E-008   7.1721303558615029E-002
   9.3169675928150026E-003  -4.9494774275447110E-006   3.8973866178841490E-008   7.1667000663557412E-002
   9.3288835807729398E-003  -4.9601371037033319E-006   3.8972229578679976E-008   7.1599026605445454E-002
   9.3407995687308770E-003  -4.9708143582759258E-006   3.8966176013616368E-008   7.1515985875544863E-002
   9.3527155566888141E-003  -4.9815085812871520E-006   3.8955694653030285E-008   7.1416826570120662E-002
   9.3646315446467513E-003  -4.9922191488564569E-006   3.8940752143584312E-008   7.1300871117482983E-002
   9.3765475326046885E-003  -5.0029454200462260E-006   3.8921298413186745E-008   7.1167843022340957E-002
   9.3884635205626257E-003  -5.0136867479859542E-006   3.8897263611135312E-008   7.1017888817470537E-002
   9.4003795085205628E-003  -5.0244424750517721E-006   3.8868566582461276E-008   7.0851594355731407E-002
   9.4122954964785000E-003  -5.0352119319394305E-006   3.8835132768907518E-008   7.0669994525875232E-002
   9.4242114844364372E-003  -5.0459944595418359E-006   3.8796898599616510E-008   7.0474575456178024E-002
   9.4361274723943744E-003  -5.0567893909649775E-006   3.8753818977175423E-008   7.0267268298990368E-002
   9.4480434603523115E-003  -5.0675960721076390E-006   3.8705884269159038E-008   7.0050433776760263E-002
   9.4599594483102487E-003  -5.0784138483123957E-006   3.8653123660334059E-008   6.9826836805538417E-002
   9.4718754362681859E-003  -5.0892420834621062E-006   3.8595601535501454E-008   6.9599610679063589E-002
   9.4837914242261231E-003  -5.1000801458892999E-006   3.8533428047799329E-008   6.9372210504064891E-002
   9.4957074121840603E-003  -5.1109274339617622E-006   3.8466745440225718E-008   6.9148355827076763E-002
   9.5076234001419974E-003  -5.1217833540196031E-006   3.8395740975895866E-008   6.8931962690932963E-002
   9.5195393880999346E-003  -5.1326473426235948E-006   3.8320599462505702E-008   6.8727065719697042E-002
   9.5314553760578718E-003  -5.1435188572850317E-006   3.8241537812588413E-008   6.8537731255767828E-002
   9.5433713640158090E-003  -5.1543973772073370E-006   3.8158793334748229E-008   6.8367963055441808E-002
   9.5552873519737461E-003  -5.1652824105167806E-006   3.8072595433222187E-008   6.8221602578542581E-002
   9.5672033399316833E-003  -5.1761735063136562E-006   3.7983170194531484E-008   6.8102226397340107E-002
   9.5791193278896205E-003  -5.1870702218559854E-006   3.7890741668986349E-008   6.8013043815434701E-002
   9.5910353158475577E-003  -5.1979721663145839E-006   3.7795523231676686E-008   6.7956798027485318E-002
   9.6029513038054948E-003  -5.2088789616530620E-006   3.7697711630344464E-008   6.7935674500891732E-002
   9.6148672917634320E-003  -5.2197902817478261E-006   3.7597490400108678E-008   6.7951220211419555E-002
   9.6267832797213692E-003  -5.2307058073351872E-006   3.7495034947511718E-008   6.8004277167639085E-002
   9.6386992676793064E-003  -5.2416252769971438E-006   3.7390504716177019E-008   6.8094933211127265E-002
   9.6506152556372436E-003  -5.2525484437771118E-006   3.7284047432614239E-008   6.8222492410749305E-002
   9.6625312435951807E-003  -5.2634751029903596E-006   3.7175805311247811E-008   6.8385466519213622E-002
   9.6744472315531179E-003  -5.2744050722004915E-006   3.7065917469449852E-008   6.8581588003755981E-002
   9.6863632195110551E-003  -5.2853382036414460E-006   3.6954515683911987E-008   6.8807844183075798E-002
   9.6982792074689923E-003  -5.2962743871839365E-006   3.6841730466177288E-008   6.9060530966923814E-002
   9.7101951954269294E-003  -5.3072135368010456E-006   3.6727703476386766E-008   6.9335324478733154E-002
   9.7221111833848666E-003  -5.3181555901974190E-006   3.6612573260187496E-008   6.9627366739256250E-002
   9.7340271713428038E-003  -5.3291005212312561E-006   3.6496475929883980E-008   6.9931363308910269E-002
   9.7459431593007410E-003  -5.3400483260090987E-006   3.6379556832075215E-008   7.0241688725182425E-002
   9.7578591472586781E-003  -5.3509990340099973E-006   3.6261951963494437E-008   7.0552496665728048E-002
   9.7697751352166153E-003  -5.3619526860225770E-006   3.6143810937464019E-008   7.0857831633699978E-002
   9.7816911231745525E-003  -5.3729093695569769E-006   3.6025270011262560E-008   7.1151739351614826E-002
   9.7936071111324897E-003  -5.3838691673028641E-006   3.5906459431316643E-008   7.1428373477877727E-002
   9.8055230990904269E-003  -5.3948322036655430E-006   3.5787503942583180E-008   7.1682096716117485E-002
   9.8174390870483640E-003  -5.4057986145452946E-006   3.5668520316566308E-008   7.1907574844252364E-002
   9.8293550750063012E-003  -5.4167685597593671E-006   3.5549614026891854E-008   7.2099862612229670E-002
   9.8412710629642384E-003  -5.4277422095075648E-006   3.5430879337446557E-008   7.2254480820416009E-002
   9.8531870509221756E-003  -5.4387197536423967E-006   3.5312400725495922E-008   7.2367484183355521E-002
   9.8651030388801127E-003  -5.4497013936967481E-006   3.5194252462189945E-008   7.2435519824252226E-002
   9.8770190268380499E-003  -5.4606873519686233E-006   3.5076498332751622E-008   7.2455876390357027E-002
   9.8889350147959871E-003  -5.4716778414858836E-006   3.4959197558399531E-008   7.2426523896290534E-002
   9.9008510027539243E-003  -5.4826731216271011E-006   3.4842400893924748E-008   7.2346144435591661E-002
   9.9127669907118614E-003  -5.4936734213647820E-006   3.4726158300704081E-008   7.2214153915840074E-002
   9.9246829786697986E-003  -5.5046789987796788E-006   3.4610511675423342E-008   7.2030714939707322E-002
   9.9365989666277358E-003  -5.5156901134357650E-006   3.4495504551071351E-008   7.1796740893212696E-002
   9.9485149545856730E-003  -5.5267070330547416E-006   3.4381180837326783E-008   7.1513891212829708E-002
   9.9604309425436102E-003  -5.5377300235042782E-006   3.4267585543650736E-008   7.1184557903583398E-002
   9.9723469305015473E-003  -5.5487593543601032E-006   3.4154761353501144E-008   7.0811842763204319E-002
   9.9842629184594845E-003  -5.5597953044680869E-006   3.4042753898160657E-008   7.0399525549799474E-002
   9.9961789064174217E-003  -5.5708381500784596E-006   3.3931611925114172E-008   6.9952022424516397E-002
   1.0008094894375359E-002  -5.5814796752991415E-006   3.3821381469600513E-008   6.9474334537665675E-002
   1.0020010882333296E-002  -5.5923951319166466E-006   3.5377215470054547E-008   7.4010786782153601E-002
   1.0031926870291233E-002  -5.6034596759628801E-006   3.5020961215355007E-008   7.3528739664837250E-002
   1.0043842858249170E-002  -5.6145320875785881E-006   3.4517119160678708E-008   7.1844146647333781E-002
   1.0055758846207108E-002  -5.6256125024786471E-006   3.4349717779183543E-008   7.0185908330619884E-002
   1.0067674834165045E-002  -5.6367012675517693E-006   3.4169593177294405E-008   6.8818564219902026E-002
   1.0079590822122982E-002  -5.6477986848191802E-006   3.3985623032885286E-008   6.7725511167983393E-002
   1.0091506810080919E-002  -5.6589050075411577E-006   3.3811960711069223E-008   6.6837152913759024E-002
   1.0103422798038856E-002  -5.6700204963940928E-006   3.3650038996409404E-008   6.6093899688804192E-002
   1.0115338785996793E-002  -5.6811454072339037E-006   3.3498011949580593E-008   6.5456363265792919E-002
   1.0127254773954731E-002  -5.6922800059282625E-006   3.3354008765113921E-008   6.4901505327613379E-002
   1.0139170761912668E-002  -5.7034245457374454E-006   3.3216593995685196E-008   6.4416909052706764E-002
   1.0151086749870605E-002  -5.7145792565609743E-006   3.3084730613554756E-008   6.3996309434051782E-002
   1.0163002737828542E-002  -5.7257443740458570E-006   3.2957786169989839E-008   6.3636689776581309E-002
   1.0174918725786479E-002  -5.7369201147426099E-006   3.2835503844626501E-008   6.3336549063497768E-002
   1.0186834713744417E-002  -5.7481066842629802E-006   3.2717814374813352E-008   6.3094910483916078E-002
   1.0198750701702354E-002  -5.7593042978596655E-006   3.2604650572837927E-008   6.2910764792744489E-002
   1.0210666689660291E-002  -5.7705131752350297E-006   3.2495802704708190E-008   6.2782762611423126E-002
   1.0222582677618228E-002  -5.7817335214446118E-006   3.2390907586415311E-008   6.2709051990701495E-002
   1.0234498665576165E-002  -5.7929655474768439E-006   3.2289543843687342E-008   6.2687205548895578E-002
   1.0246414653534102E-002  -5.8042094650617675E-006   3.2191318269158929E-008   6.2714206935930758E-002
   1.0258330641492040E-002  -5.8154654586752076E-006   3.2095950533201346E-008   6.2786478917470176E-002
   1.0270246629449977E-002  -5.8267337000001926E-006   3.2003301854182301E-008   6.2899941315607388E-002
   1.0282162617407914E-002  -5.8380143547868614E-006   3.1913329889263216E-008   6.3050089867704079E-002
   1.0294078605365851E-002  -5.8493075858189055E-006   3.1826039105895840E-008   6.3232088583033766E-002
   1.0305994593323788E-002  -5.8606135301090242E-006   3.1741466194728801E-008   6.3440869233125335E-002
   1.0317910581281725E-002  -5.8719323304174032E-006   3.1659658278951769E-008   6.3671232592637808E-002
   1.0329826569239663E-002  -5.8832641256107686E-006   3.1580636478458802E-008   6.3917947032917921E-002
   1.0341742557197600E-002  -5.8946090282286434E-006   3.1504386951214267E-008   6.4175841068223605E-002
   1.0353658545155537E-002  -5.9059671649011674E-006   3.1430868735328508E-008   6.4439887420820408E-002
   1.0365574533113474E-002  -5.9173386528029348E-006   3.1360011146814630E-008   6.4705277334108732E-002
   1.0377490521071411E-002  -5.9287236011362173E-006   3.1291703174333053E-008   6.4967482581852865E-002
   1.0389406509029349E-002  -5.9401221103893531E-006   3.1225815169551328E-008   6.5222308881617702E-002
   1.0401322496987286E-002  -5.9515342905062277E-006   3.1162197546975931E-008   6.5465935989497320E-002
   1.0413238484945223E-002  -5.9629602180582113E-006   3.1100691072461491E-008   6.5694948478872750E-002
   1.0425154472903160E-002  -5.9743999863029334E-006   3.1041140889964903E-008   6.5906356629924681E-002
   1.0437070460861097E-002  -5.9858536593897761E-006   3.0983404109777095E-008   6.6097608619486090E-002
   1.0448986448819034E-002  -5.9973213009119131E-006   3.0927351286367326E-008   6.6266595062190792E-002
   1.0460902436776972E-002  -6.0088029600010966E-006   3.0872873878364051E-008   6.6411646988670955E-002
   1.0472818424734909E-002  -6.0202986755919220E-006   3.0819882699657529E-008   6.6531528310673271E-002
   1.0484734412692846E-002  -6.0318084599209788E-006   3.0768308502337992E-008   6.6625423726871788E-002
   1.0496650400650783E-002  -6.0433323395008708E-006   3.0718088121644280E-008   6.6692922886204889E-002
   1.0508566388608720E-002  -6.0548703065446802E-006   3.0669169687695183E-008   6.6734001454888142E-002
   1.0520482376566657E-002  -6.0664223534508893E-006   3.0621504422501743E-008   6.6748999570045847E-002
   1.0532398364524595E-002  -6.0779884585273673E-006   3.0575037581617532E-008   6.6738598018749012E-002
   1.0544314352482532E-002  -6.0895685852497536E-006   3.0529707492252541E-008   6.6703792360572903E-002
   1.0556230340440469E-002  -6.1011627046952069E-006   3.0485439586581350E-008   6.6645865150062780E-002
   1.0568146328398406E-002  -6.1127707571640117E-006   3.0442148126518045E-008   6.6566356384897177E-002
   1.0580062316356343E-002  -6.1243926922265961E-006   3.0399732321470677E-008   6.6467032300847079E-002
   1.0591978304314281E-002  -6.1360284422109246E-006   3.0358078159202659E-008   6.6349852653098076E-002
   1.0603894292272218E-002  -6.1476779312872349E-006   3.0317059825017166E-008   6.6216936663504158E-002
   1.0615810280230155E-002  -6.1593410821425431E-006   3.0276538594477916E-008   6.6070527827655878E-002
   1.0627726268188092E-002  -6.1710178161660474E-006   3.0236368865193239E-008   6.5912957823807433E-002
   1.0639642256146029E-002  -6.1827080221160416E-006   3.0196398011181075E-008   6.5746609774826173E-002
   1.0651558244103966E-002  -6.1944116095159426E-006   3.0156468814449025E-008   6.5573881150150559E-002
   1.0663474232061904E-002  -6.2061284554436667E-006   3.0116421481727676E-008   6.5397146630325254E-002
   1.0675390220019841E-002  -6.2178584508823458E-006   3.0076101962789694E-008   6.5218721282306061E-002
   1.0687306207977778E-002  -6.2296014664207971E-006   3.0035356125903551E-008   6.5040824449506457E-002
   1.0699222195935715E-002  -6.2413573617090715E-006   2.9994034181422719E-008   6.4865544794444410E-002
   1.0711138183893652E-002  -6.2531260010322915E-006   2.9951995141036502E-008   6.4694806982465602E-002
   1.0723054171851589E-002  -6.2649072164154856E-006   2.9909104985551011E-008   6.4530340534497313E-002
   1.0734970159809527E-002  -6.2767008563845319E-006   2.9865237927697022E-008   6.4373651391227762E-002
   1.0746886147767464E-002  -6.2885067485147931E-006   2.9820273475024431E-008   6.4225996752705877E-002
   1.0758802135725401E-002  -6.3003247263145175E-006   2.9774104232679278E-008   6.4088363730198605E-002
   1.0770718123683338E-002  -6.3121545919588765E-006   2.9726625507969866E-008   6.3961452320196108E-002
   1.0782634111641275E-002  -6.3239961611574481E-006   2.9677746341126407E-008   6.3845663156183688E-002
   1.0794550099599213E-002  -6.3358492451701429E-006   2.9627367323170819E-008   6.3741090416071872E-002
   1.0806466087557150E-002  -6.3477136393122259E-006   2.9575401736329696E-008   6.3647520180885486E-002
   1.0818382075515087E-002  -6.3595891409383948E-006   2.9521770971488429E-008   6.3564434433434347E-002
   1.0830298063473024E-002  -6.3714755455493174E-006   2.9466393691388522E-008   6.3491020781160423E-002
   1.0842214051430961E-002  -6.3833726404879372E-006   2.9409198675716278E-008   6.3426187872505771E-002
   1.0854130039388898E-002  -6.3952802214403264E-006   2.9350109871271361E-008   6.3368586358803283E-002
   1.0866046027346836E-002  -6.4071980766764418E-006   2.9289062331133712E-008   6.3316635145734587E-002
   1.0877962015304773E-002  -6.4191259853815034E-006   2.9225996314360498E-008   6.3268552560440741E-002
   1.0889878003262710E-002  -6.4310637323028137E-006   2.9160857165250447E-008   6.3222391970616090E-002
   1.0901793991220647E-002  -6.4430111285148814E-006   2.9093596574582304E-008   6.3176081294946396E-002
   1.0913709979178584E-002  -6.4549679557985640E-006   2.9024175031341171E-008   6.3127465772330305E-002
   1.0925625967136521E-002  -6.4669340100253350E-006   2.8952561870751971E-008   6.3074353294833185E-002
   1.0937541955094459E-002  -6.4789090926287554E-006   2.8878736122791731E-008   6.3014561564031915E-002
   1.0949457943052396E-002  -6.4908930063402034E-006   2.8802684370636096E-008   6.2945966300033851E-002
   1.0961373931010333E-002  -6.5028855533348504E-006   2.8724404385141794E-008   6.2866549716712669E-002
   1.0973289918968270E-002  -6.5148865563675818E-006   2.8643901570465040E-008   6.2774448344454226E-002
   1.0985205906926207E-002  -6.5268958220632365E-006   2.8561193825276928E-008   6.2668000154070258E-002
   1.0997121894884145E-002  -6.5389131846716774E-006   2.8476305718081529E-008   6.2545788392708732E-002
   1.1009037882842082E-002  -6.5500120072926075E-006   2.8389271806796967E-008   6.2406683733392317E-002
   1.1020953870800019E-002  -6.5619061378252349E-006   3.0502856135107511E-008   6.6796760961294097E-002
   1.1032869858757956E-002  -6.5739478786821716E-006   2.9655593048918883E-008   6.6624144515239889E-002
   1.1044785846715893E-002  -6.5859971969531388E-006   2.9163364468914053E-008   6.5380174389902526E-002
   1.1056701834673830E-002  -6.5980535460705674E-006   2.9006623216822477E-008   6.4153250439336396E-002
   1.1068617822631768E-002  -6.6101169136124670E-006   2.8833692745153105E-008   6.3165414089156768E-002
   1.1080533810589705E-002  -6.6221872528573217E-006   2.8654109932558166E-008   6.2394242462067061E-002
   1.1092449798547642E-002  -6.6342644976163186E-006   2.8481778825587766E-008   6.1774482237033967E-002
   1.1104365786505579E-002  -6.6463485639019710E-006   2.8318050041775664E-008   6.1251634075240279E-002
   1.1116281774463516E-002  -6.6584394009139014E-006   2.8161241226188261E-008   6.0789733717109821E-002
   1.1128197762421453E-002  -6.6705369587787464E-006   2.8009819596948557E-008   6.0367580979260899E-002
   1.1140113750379391E-002  -6.6826412184000126E-006   2.7862648900917841E-008   5.9973716337100941E-002
   1.1152029738337328E-002  -6.6947521519672756E-006   2.7718811644458808E-008   5.9602623907477698E-002
   1.1163945726295265E-002  -6.7068697546600600E-006   2.7577569627765885E-008   5.9252307514628302E-002
   1.1175861714253202E-002  -6.7189940348214955E-006   2.7438425175368501E-008   5.8922850245270268E-002
   1.1187777702211139E-002  -6.7311250015363194E-006   2.7301127067478729E-008   5.8615571885914271E-002
   1.1199693690169077E-002  -6.7432627013406449E-006   2.7165576074415044E-008   5.8332519327965744E-002
   1.1211609678127014E-002  -6.7554071735398736E-006   2.7031719227875305E-008   5.8076133976239987E-002
   1.1223525666084951E-002  -6.7675585010090755E-006   2.6899468228451935E-008   5.7849012486778845E-002
   1.1235441654042888E-002  -6.7797167801577260E-006   2.6768694647935552E-008   5.7653718928325944E-002
   1.1247357642000825E-002  -6.7918821281604193E-006   2.6639268428569949E-008   5.7492628714763870E-002
   1.1259273629958762E-002  -6.8040546692370578E-006   2.6511085933472850E-008   5.7367795930305950E-002
   1.1271189617916700E-002  -6.8162345537493450E-006   2.6384085482486865E-008   5.7280841140219217E-002
   1.1283105605874637E-002  -6.8284219302049526E-006   2.6258249929843377E-008   5.7232859280396356E-002
   1.1295021593832574E-002  -6.8406169637978127E-006   2.6133595860943608E-008   5.7224348183843178E-002
   1.1306937581790511E-002  -6.8528198352956915E-006   2.6010156326904577E-008   5.7255158454677026E-002
   1.1318853569748448E-002  -6.8650307364051249E-006   2.5887982374913039E-008   5.7324465098850662E-002
   1.1330769557706385E-002  -6.8772498697714170E-006   2.5767136321238465E-008   5.7430760788117513E-002
   1.1342685545664323E-002  -6.8894774515742768E-006   2.5647674977760642E-008   5.7571869973269671E-002
   1.1354601533622260E-002  -6.9017137182023243E-006   2.5529663166860362E-008   5.7744982389028934E-002
   1.1366517521580197E-002  -6.9139589038193459E-006   2.5413166169893346E-008   5.7946703858934259E-002
   1.1378433509538134E-002  -6.9262132774448605E-006   2.5298237246040882E-008   5.8173121784842123E-002
   1.1390349497496071E-002  -6.9384770969742171E-006   2.5184919317298040E-008   5.8419882338162470E-002
   1.1402265485454009E-002  -6.9507506484839965E-006   2.5073245992651319E-008   5.8682276425589812E-002
   1.1414181473411946E-002  -6.9630342191631968E-006   2.4963231447284331E-008   5.8955329882080014E-002
   1.1426097461369883E-002  -6.9753281071395812E-006   2.4854881850835856E-008   5.9233898060451387E-002
   1.1438013449327820E-002  -6.9876326007145666E-006   2.4748183729685747E-008   5.9512758208002350E-002
   1.1449929437285757E-002  -6.9999480119211308E-006   2.4643124025878144E-008   5.9786700050966812E-002
   1.1461845425243694E-002  -7.0122746388870378E-006   2.4539674347260631E-008   6.0050611701850241E-002
   1.1473761413201632E-002  -7.0246127817794839E-006   2.4437797615260270E-008   6.0299559659524646E-002
   1.1485677401159569E-002  -7.0369627466985573E-006   2.4337452243811929E-008   6.0528861897404584E-002
   1.1497593389117506E-002  -7.0493248225018815E-006   2.4238594866899161E-008   6.0734153392002839E-002
   1.1509509377075443E-002  -7.0616993004573149E-006   2.4141173495129681E-008   6.0911443733929746E-002
   1.1521425365033380E-002  -7.0740864582983118E-006   2.4045136438733035E-008   6.1057166688316435E-002
   1.1533341352991318E-002  -7.0864865798766185E-006   2.3950416761127305E-008   6.1168221746810532E-002
   1.1545257340949255E-002  -7.0988999299474885E-006   2.3856946676916878E-008   6.1242007831155180E-002
   1.1557173328907192E-002  -7.1113267669624800E-006   2.3764653261897786E-008   6.1276449395798023E-002
   1.1569089316865129E-002  -7.1237673384343824E-006   2.3673451590356012E-008   6.1270015224780157E-002
   1.1581005304823066E-002  -7.1362218844598734E-006   2.3583252889751152E-008   6.1221730240948985E-002
   1.1592921292781003E-002  -7.1486906364216947E-006   2.3493951511917874E-008   6.1131180639214563E-002
   1.1604837280738941E-002  -7.1611738004878046E-006   2.3405437070543409E-008   6.0998512631194171E-002
   1.1616753268696878E-002  -7.1736715789326998E-006   2.3317591520504942E-008   6.0824425039080553E-002
   1.1628669256654815E-002  -7.1861841575300240E-006   2.3230284231701778E-008   6.0610155920089344E-002
   1.1640585244612752E-002  -7.1987116985072636E-006   2.3143379607782340E-008   6.0357463338549557E-002
   1.1652501232570689E-002  -7.2112543637210949E-006   2.3056726301434655E-008   6.0068600341747359E-002
   1.1664417220528626E-002  -7.2238122710877250E-006   2.2970170254618505E-008   5.9746284152259028E-002
   1.1676333208486564E-002  -7.2363855368547332E-006   2.2883549564548224E-008   5.9393659565528750E-002
   1.1688249196444501E-002  -7.2489742398183260E-006   2.2796695846010308E-008   5.9014256531707041E-002
   1.1700165184402438E-002  -7.2615784608141421E-006   2.2709435003920139E-008   5.8611941969642728E-002
   1.1712081172360375E-002  -7.2741982193094789E-006   2.2621591575553138E-008   5.8190865910061486E-002
   1.1723997160318312E-002  -7.2868335442271784E-006   2.2532986801724867E-008   5.7755402208035177E-002
   1.1735913148276250E-002  -7.2994844198080013E-006   2.2443443633183929E-008   5.7310084211990374E-002
   1.1747829136234187E-002  -7.3121508097129898E-006   2.2352782145068625E-008   5.6859535981177323E-002
   1.1759745124192124E-002  -7.3248326412642310E-006   2.2260827784667838E-008   5.6408399897625354E-002
   1.1771661112150061E-002  -7.3375298321428651E-006   2.2167410577504242E-008   5.5961261695762272E-002
   1.1783577100107998E-002  -7.3502422475610272E-006   2.2072364307093741E-008   5.5522574323916357E-002
   1.1795493088065935E-002  -7.3629697477249773E-006   2.1975529424219342E-008   5.5096582191048279E-002
   1.1807409076023873E-002  -7.3757121498275168E-006   2.1876753997364016E-008   5.4687247645908245E-002
   1.1819325063981810E-002  -7.3884692504817302E-006   2.1775894193946707E-008   5.4298181696691164E-002
   1.1831241051939747E-002  -7.4012408236815565E-006   2.1672816689073570E-008   5.3932581069050044E-002
   1.1843157039897684E-002  -7.4140266046717429E-006   2.1567393925188029E-008   5.3593173701036848E-002
   1.1855073027855621E-002  -7.4268263214663228E-006   2.1459510768161780E-008   5.3282174634796182E-002
   1.1866989015813558E-002  -7.4396396560994296E-006   2.1349064860297442E-008   5.3001254002158688E-002
   1.1878905003771496E-002  -7.4524662746605481E-006   2.1235962669826326E-008   5.2751518486977303E-002
   1.1890820991729433E-002  -7.4653058345252325E-006   2.1120123726330507E-008   5.2533506748515181E-002
   1.1902736979687370E-002  -7.4781579489431612E-006   2.1001480871621713E-008   5.2347199666200737E-002
   1.1914652967645307E-002  -7.4910222226354808E-006   2.0879978778910834E-008   5.2192044252142633E-002
   1.1926568955603244E-002  -7.5038982421538606E-006   2.0755576243999727E-008   5.2066990707362142E-002
   1.1938484943561182E-002  -7.5167855688351837E-006   2.0628247728109406E-008   5.1970540856185451E-002
   1.1950400931519119E-002  -7.5296837623477064E-006   2.0497982554103705E-008   5.1900805965657097E-002
   1.1962316919477056E-002  -7.5425923478747596E-006   2.0364784010585236E-008   5.1855571603599541E-002
   1.1974232907434993E-002  -7.5555108522682967E-006   2.0228672330349344E-008   5.1832367026669678E-002
   1.1986148895392930E-002  -7.5684387886604628E-006   2.0089683100457394E-008   5.1828536576478436E-002
   1.1998064883350867E-002  -7.5813756629526927E-006   1.9947867960483519E-008   5.1841310685780399E-002
   1.2009980871308805E-002  -7.5923792131729474E-006   1.9803294871089778E-008   5.1867874329163358E-002
   1.2021896859266742E-002  -7.6051885672070997E-006   2.1788824023917882E-008   5.5764813282608607E-002
   1.2033812847224679E-002  -7.6181483506157296E-006   2.0971491375702120E-008   5.5770481815335456E-002
   1.2045728835182616E-002  -7.6311151861921464E-006   2.0420256748453263E-008   5.4887995791762345E-002
   1.2057644823140553E-002  -7.6440882987670814E-006   2.0203759958773685E-008   5.4057741580927521E-002
   1.2069560811098490E-002  -7.6570672407780799E-006   1.9970973934818507E-008   5.3464658398208215E-002
   1.2081476799056428E-002  -7.6700515368522642E-006   1.9730848364966417E-008   5.3080508730344630E-002
   1.2093392787014365E-002  -7.6830406901100262E-006   1.9497181684215689E-008   5.2840696179832468E-002
   1.2105308774972302E-002  -7.6960342062673934E-006   1.9271548123387703E-008   5.2691417634662820E-002
   1.2117224762930239E-002  -7.7090316284917740E-006   1.9052847221960033E-008   5.2596286779492393E-002
   1.2129140750888176E-002  -7.7220325105185336E-006   1.8840232521113373E-008   5.2532644550066177E-002
   1.2141056738846114E-002  -7.7350364437198152E-006   1.8633001839913992E-008   5.2486816400227287E-002
   1.2152972726804051E-002  -7.7480430430139207E-006   1.8430235589829771E-008   5.2450566483780658E-002
   1.2164888714761988E-002  -7.7610519637369759E-006   1.8230859750562440E-008   5.2418863784962681E-002
   1.2176804702719925E-002  -7.7740628602980846E-006   1.8033954520062758E-008   5.2388583804524116E-002
   1.2188720690677862E-002  -7.7870754238161186E-006   1.7838987480428344E-008   5.2357778877558526E-002
   1.2200636678635799E-002  -7.8000893570903271E-006   1.7645826029362528E-008   5.2325266119740851E-002
   1.2212552666593737E-002  -7.8131043974048881E-006   1.7454623574497597E-008   5.2290385081574360E-002
   1.2224468654551674E-002  -7.8261203165289068E-006   1.7265678072042677E-008   5.2252844735477637E-002
   1.2236384642509611E-002  -7.8391369103338550E-006   1.7079307150826004E-008   5.2212619057894261E-002
   1.2248300630467548E-002  -7.8521540375427719E-006   1.6895789232207846E-008   5.2169870004173682E-002
   1.2260216618425485E-002  -7.8651715870993570E-006   1.6715326907379673E-008   5.2124887935254424E-002
   1.2272132606383422E-002  -7.8781894861402928E-006   1.6538032964940290E-008   5.2078044101592016E-002
   1.2284048594341360E-002  -7.8912077202041586E-006   1.6363929992884028E-008   5.2029752362428780E-002
   1.2295964582299297E-002  -7.9042262961508593E-006   1.6192973732180209E-008   5.1980438461075820E-002
   1.2307880570257234E-002  -7.9172452814670282E-006   1.6025081793517219E-008   5.1930515737728423E-002
   1.2319796558215171E-002  -7.9302647566174986E-006   1.5860167257140483E-008   5.1880366418197064E-002
   1.2331712546173108E-002  -7.9432848764136405E-006   1.5698168038866279E-008   5.1830327761945502E-002
   1.2343628534131046E-002  -7.9563057978916573E-006   1.5539071419557085E-008   5.1780682400555562E-002
   1.2355544522088983E-002  -7.9693277453889857E-006   1.5382923129915423E-008   5.1731652246328065E-002
   1.2367460510046920E-002  -7.9823509682724439E-006   1.5229827255806715E-008   5.1683395389131276E-002
   1.2379376498004857E-002  -7.9953757465003174E-006   1.5079941858925003E-008   5.1636005443114336E-002
   1.2391292485962794E-002  -8.0084024087918425E-006   1.4933463359932881E-008   5.1589512861158593E-002
   1.2403208473920731E-002  -8.0214313226154447E-006   1.4790600494453324E-008   5.1543887806156020E-002
   1.2415124461878669E-002  -8.0344628838061848E-006   1.4651562330189573E-008   5.1499044232971344E-002
   1.2427040449836606E-002  -8.0474975317687909E-006   1.4516543322781193E-008   5.1454844900550030E-002
   1.2438956437794543E-002  -8.0605357379826841E-006   1.4385693907604265E-008   5.1411107081758674E-002
   1.2450872425752480E-002  -8.0735780015523064E-006   1.4259123832735306E-008   5.1367608770954802E-002
   1.2462788413710417E-002  -8.0866248738656996E-006   1.4136874600753361E-008   5.1324095191843430E-002
   1.2474704401668354E-002  -8.0996769183620939E-006   1.4018940907581415E-008   5.1280285318079738E-002
   1.2486620389626292E-002  -8.1127347344488659E-006   1.3905264460172504E-008   5.1235878623926673E-002
   1.2498536377584229E-002  -8.1257989389612625E-006   1.3795745113760684E-008   5.1190560766909345E-002
   1.2510452365542166E-002  -8.1388701778427756E-006   1.3690238463956442E-008   5.1144009219446951E-002
   1.2522368353500103E-002  -8.1519491168749966E-006   1.3588579639852435E-008   5.1095897690032969E-002
   1.2534284341458040E-002  -8.1650364335199013E-006   1.3490579139317860E-008   5.1045899469813506E-002
   1.2546200329415978E-002  -8.1781328204424974E-006   1.3396053490523025E-008   5.0993689501054575E-002
   1.2558116317373915E-002  -8.1912389745720545E-006   1.3304808814945571E-008   5.0938945131482741E-002
   1.2570032305331852E-002  -8.2043556091532960E-006   1.3216648661005079E-008   5.0881345634519050E-002
   1.2581948293289789E-002  -8.2174834372455401E-006   1.3131389565986749E-008   5.0820570728553623E-002
   1.2593864281247726E-002  -8.2306231630087701E-006   1.3048847145840021E-008   5.0756298349685550E-002
   1.2605780269205663E-002  -8.2437755000585116E-006   1.2968856785660249E-008   5.0688202164870154E-002
   1.2617696257163601E-002  -8.2569411466218582E-006   1.2891250441784125E-008   5.0615949244781681E-002
   1.2629612245121538E-002  -8.2701208048193599E-006   1.2815863255542270E-008   5.0539198387511038E-002
   1.2641528233079475E-002  -8.2833151634225661E-006   1.2742533853596740E-008   5.0457599545349903E-002
   1.2653444221037412E-002  -8.2965248746786609E-006   1.2671098489783280E-008   5.0370794753968273E-002
   1.2665360208995349E-002  -8.3097506188306613E-006   1.2601383512535662E-008   5.0278420848663852E-002
   1.2677276196953286E-002  -8.3229930192029152E-006   1.2533209291420330E-008   5.0180114167078939E-002
   1.2689192184911224E-002  -8.3362527026424176E-006   1.2466375762184381E-008   5.0075517283213050E-002
   1.2701108172869161E-002  -8.3495302600280194E-006   1.2400685143254297E-008   4.9964287718483352E-002
   1.2713024160827098E-002  -8.3628262603610315E-006   1.2335915683095093E-008   4.9846108493438950E-002
   1.2724940148785035E-002  -8.3761412505798284E-006   1.2271827585089198E-008   4.9720700164671686E-002
   1.2736856136742972E-002  -8.3894757370195676E-006   1.2208175201050101E-008   4.9587834146118476E-002
   1.2748772124700910E-002  -8.4028302056210840E-006   1.2144695938764292E-008   4.9447346848903145E-002
   1.2760688112658847E-002  -8.4162050969015292E-006   1.2081131236166796E-008   4.9299154275995329E-002
   1.2772604100616784E-002  -8.4296008269048692E-006   1.2017210775809724E-008   4.9143266663006072E-002
   1.2784520088574721E-002  -8.4430177653243682E-006   1.1952669018411153E-008   4.8979802759032895E-002
   1.2796436076532658E-002  -8.4564562406938554E-006   1.1887242322509469E-008   4.8809003357859752E-002
   1.2808352064490595E-002  -8.4699165468768295E-006   1.1820678559215399E-008   4.8631243689998667E-002
   1.2820268052448533E-002  -8.4833989304590691E-006   1.1752733814101236E-008   4.8447044302890332E-002
   1.2832184040406470E-002  -8.4969035929734579E-006   1.1683178476829022E-008   4.8257080048536766E-002
   1.2844100028364407E-002  -8.5104306903437861E-006   1.1611794313466527E-008   4.8062186798042104E-002
   1.2856016016322344E-002  -8.5239803551330816E-006   1.1538383669103337E-008   4.7863365497509178E-002
   1.2867932004280281E-002  -8.5375526290569818E-006   1.1462758573682874E-008   4.7661783171319916E-002
   1.2879847992238218E-002  -8.5511475540165312E-006   1.1384750369341324E-008   4.7458770484278601E-002
   1.2891763980196156E-002  -8.5647651029429149E-006   1.1304194758604233E-008   4.7255815486959105E-002
   1.2903679968154093E-002  -8.5784051955567033E-006   1.1220946906751653E-008   4.7054553202130880E-002
   1.2915595956112030E-002  -8.5920677341505977E-006   1.1134868591461706E-008   4.6856750766220652E-002
   1.2927511944069967E-002  -8.6057525550138954E-006   1.1045838115761268E-008   4.6664287928304432E-002
   1.2939427932027904E-002  -8.6194594556866924E-006   1.0953738846236421E-008   4.6479132824245331E-002
   1.2951343919985842E-002  -8.6331881905102301E-006   1.0858464780661111E-008   4.6303313091373553E-002
   1.2963259907943779E-002  -8.6469384785992049E-006   1.0759920844263993E-008   4.6138882568542233E-002
   1.2975175895901716E-002  -8.6607099930884151E-006   1.0658020866715758E-008   4.5987884027555589E-002
   1.2987091883859653E-002  -8.6745023742963481E-006   1.0552692575475210E-008   4.5852308595771038E-002
   1.2999007871817590E-002  -8.6883152030271894E-006   1.0443873468167708E-008   4.5734052560302899E-002
   1.3010923859775527E-002  -8.6996171120245156E-006   1.0331512994426978E-008   4.5634873770194845E-002
   1.3022839847733465E-002  -8.7133213569870475E-006   1.2741863768769204E-008   4.8837314388132241E-002
   1.3034755835691402E-002  -8.7271906112179136E-006   1.1584518902864511E-008   4.8769201202513580E-002
   1.3046671823649339E-002  -8.7410784563476569E-006   1.1057776413923098E-008   4.7952764415765153E-002
   1.3058587811607276E-002  -8.7549840282136438E-006   1.0870571595826784E-008   4.7189675967970947E-002
   1.3070503799565213E-002  -8.7689068475495355E-006   1.0663770282613274E-008   4.6645601816706281E-002
   1.3082419787523151E-002  -8.7828463546241610E-006   1.0448449473179259E-008   4.6302777284038241E-002
   1.3094335775481088E-002  -8.7968019224051183E-006   1.0238872794547350E-008   4.6109403829758089E-002
   1.3106251763439025E-002  -8.8107729014262645E-006   1.0036395903649344E-008   4.6020687275977086E-002
   1.3118167751396962E-002  -8.8247586348053380E-006   9.8388342917200360E-009   4.6005405958692493E-002
   1.3130083739354899E-002  -8.8387584376642541E-006   9.6440807010866848E-009   4.6043307958055252E-002
   1.3141999727312836E-002  -8.8527716251249230E-006   9.4509831935038886E-009   4.6121304948426166E-002
   1.3153915715270774E-002  -8.8667974861674601E-006   9.2592203276518450E-009   4.6230534977818032E-002
   1.3165831703228711E-002  -8.8808353025412652E-006   9.0687815157982099E-009   4.6364492922939683E-002
   1.3177747691186648E-002  -8.8948843886266391E-006   8.8795150313809494E-009   4.6517953228567228E-002
   1.3189663679144585E-002  -8.9089440397073908E-006   8.6910022955324130E-009   4.6686386717284305E-002
   1.3201579667102522E-002  -8.9230135620060976E-006   8.5026918108079215E-009   4.6865659050123867E-002
   1.3213495655060459E-002  -8.9370922699030618E-006   8.3141024653669656E-009   4.7051882161878777E-002
   1.3225411643018397E-002  -8.9511794714748853E-006   8.1249224001088537E-009   4.7241347211268964E-002
   1.3237327630976334E-002  -8.9652744749835788E-006   7.9350097806633969E-009   4.7430501115529745E-002
   1.3249243618934271E-002  -8.9793766166869757E-006   7.7443389343442067E-009   4.7615946712456621E-002
   1.3261159606892208E-002  -8.9934852333991241E-006   7.5529396891801720E-009   4.7794455734585579E-002
   1.3273075594850145E-002  -9.0075996767662930E-006   7.3608818038695799E-009   4.7962988397636047E-002
   1.3284991582808083E-002  -9.0217193299532387E-006   7.1682726293823687E-009   4.8118715829440238E-002
   1.3296907570766020E-002  -9.0358435941087907E-006   6.9752549985176400E-009   4.8259042982827981E-002
   1.3308823558723957E-002  -9.0499719115412083E-006   6.7820000210539642E-009   4.8381630580100185E-002
   1.3320739546681894E-002  -9.0641037201090853E-006   6.5886839104406617E-009   4.8484415243275368E-002
   1.3332655534639831E-002  -9.0782385114378358E-006   6.3954744128131346E-009   4.8565627361515006E-002
   1.3344571522597768E-002  -9.0923757921705076E-006   6.2025170218641332E-009   4.8623806485305211E-002
   1.3356487510555706E-002  -9.1065151123344066E-006   6.0099227048109038E-009   4.8657814124563242E-002
   1.3368403498513643E-002  -9.1206560302999731E-006   5.8177761701330072E-009   4.8666843859591087E-002
   1.3380319486471580E-002  -9.1347981530131872E-006   5.6261448651224523E-009   4.8650428641084119E-002
   1.3392235474429517E-002  -9.1489411213487507E-006   5.4350827614917964E-009   4.8608445275613227E-002
   1.3404151462387454E-002  -9.1630845861931152E-006   5.2446303662056341E-009   4.8541115066799076E-002
   1.3416067450345391E-002  -9.1772282564638268E-006   5.0548397402057024E-009   4.8449002189665039E-002
   1.3427983438303329E-002  -9.1913718612873365E-006   4.8657744967404944E-009   4.8333007596024088E-002
   1.3439899426261266E-002  -9.2055151716911368E-006   4.6775097698821015E-009   4.8194359601666889E-002
   1.3451815414219203E-002  -9.2196579872547606E-006   4.4901348600413837E-009   4.8034600566525108E-002
   1.3463731402177140E-002  -9.2338001435258887E-006   4.3037587020048691E-009   4.7855569704565684E-002
   1.3475647390135077E-002  -9.2479415301898316E-006   4.1184974971073087E-009   4.7659381994626757E-002
   1.3487563378093015E-002  -9.2620820532473521E-006   3.9344831179715014E-009   4.7448403174456463E-002
   1.3499479366050952E-002  -9.2762216791405327E-006   3.7518455975659630E-009   4.7225220832408044E-002
   1.3511395354008889E-002  -9.2903603802443528E-006   3.5707120267037586E-009   4.6992611605615478E-002
   1.3523311341966826E-002  -9.3044982066175786E-006   3.3912046271825163E-009   4.6753504540558974E-002
   1.3535227329924763E-002  -9.3186352109146156E-006   3.2134354283689927E-009   4.6510940725927437E-002
   1.3547143317882700E-002  -9.3327714889887328E-006   3.0375013912546230E-009   4.6268029406529222E-002
   1.3559059305840638E-002  -9.3469071906454233E-006   2.8634870225833806E-009   4.6027900935473043E-002
   1.3570975293798575E-002  -9.3610424712522678E-006   2.6914543700244470E-009   4.5793657102985601E-002
   1.3582891281756512E-002  -9.3751775336399691E-006   2.5214500707623622E-009   4.5568319598196926E-002
   1.3594807269714449E-002  -9.3893126169781918E-006   2.3535086271719704E-009   4.5354777579745917E-002
   1.3606723257672386E-002  -9.4034479622906252E-006   2.1876443422584202E-009   4.5155735546451879E-002
   1.3618639245630323E-002  -9.4175838638115768E-006   2.0238647565532895E-009   4.4973662885975367E-002
   1.3630555233588261E-002  -9.4317206330178144E-006   1.8621548524350482E-009   4.4810746566779705E-002
   1.3642471221546198E-002  -9.4458586086403258E-006   1.7025008986205865E-009   4.4668848529590133E-002
   1.3654387209504135E-002  -9.4599981386802393E-006   1.5448745730221041E-009   4.4549469231687802E-002
   1.3666303197462072E-002  -9.4741396098878757E-006   1.3892547009074136E-009   4.4453718687905243E-002
   1.3678219185420009E-002  -9.4882834184691064E-006   1.2356095705899111E-009   4.4382296094999100E-002
   1.3690135173377947E-002  -9.5024299773160488E-006   1.0839122853522834E-009   4.4335478828085591E-002
   1.3702051161335884E-002  -9.5165797293560885E-006   9.3413129739988757E-010   4.4313121218198741E-002
   1.3713967149293821E-002  -9.5307331149209668E-006   7.8624007133519366E-010   4.4314663134731772E-002
   1.3725883137251758E-002  -9.5448905973323795E-006   6.4021395697246340E-010   4.4339147993701727E-002
   1.3737799125209695E-002  -9.5590526519632043E-006   4.9602650791906189E-010   4.4385249456984362E-002
   1.3749715113167632E-002  -9.5732197621586438E-006   3.5365428820077954E-010   4.4451305777092866E-002
   1.3761631101125570E-002  -9.5873924168259845E-006   2.1306460777862701E-010   4.4535360500474935E-002
   1.3773547089083507E-002  -9.6015711215587676E-006   7.4227216200160008E-011   4.4635208098861991E-002
   1.3785463077041444E-002  -9.6157563789840908E-006  -6.2900012065513316E-011   4.4748443024679438E-002
   1.3797379064999381E-002  -9.6299487087861101E-006  -1.9835450141852868E-010   4.4872510691153882E-002
   1.3809295052957318E-002  -9.6441486020969459E-006  -3.3218963900664864E-010   4.5004758999065558E-002
   1.3821211040915255E-002  -9.6583565941745968E-006  -4.6445913791478698E-010   4.5142489063148564E-002
   1.3833127028873193E-002  -9.6725731729993346E-006  -5.9523316683851836E-010   4.5283004112915859E-002
   1.3845043016831130E-002  -9.6867988623341770E-006  -7.2458017873601454E-010   4.5423655596667077E-002
   1.3856959004789067E-002  -9.7010341549798722E-006  -8.5258061299217449E-010   4.5561885789555522E-002
   1.3868874992747004E-002  -9.7152795522656976E-006  -9.7931149954515971E-010   4.5695266380918337E-002
   1.3880790980704941E-002  -9.7295355392054784E-006  -1.1048588843337459E-009   4.5821532684440197E-002
   1.3892706968662879E-002  -9.7438026009984451E-006  -1.2293070670157989E-009   4.5938613279798819E-002
   1.3904622956620816E-002  -9.7580811994830696E-006  -1.3527470702623506E-009   4.6044655015056758E-002
   1.3916538944578753E-002  -9.7723717968686276E-006  -1.4752646925856234E-009   4.6138043415246903E-002
   1.3928454932536690E-002  -9.7866748338576712E-006  -1.5969490065817134E-009   4.6217418604786155E-002
   1.3940370920494627E-002  -9.8009907439220367E-006  -1.7178806057805884E-009   4.6281686753978313E-002
   1.3952286908452564E-002  -9.8153199482969721E-006  -1.8381490617696599E-009   4.6330028152344847E-002
   1.3964202896410502E-002  -9.8296628355868296E-006  -1.9578278976674220E-009   4.6361900120954549E-002
   1.3976118884368439E-002  -9.8440197977332119E-006  -2.0770027330021922E-009   4.6377037424161882E-002
   1.3988034872326376E-002  -9.8583911983110847E-006  -2.1957512621585880E-009   4.6375448722656115E-002
   1.3999950860284313E-002  -9.8727773918106770E-006  -2.3141523174356556E-009   4.6357409935586770E-002
   1.4011866848242250E-002  -9.8829305570540590E-006  -2.4322784616173486E-009   4.6323454741668796E-002
   1.4023782836200187E-002  -9.8971879356275488E-006  -5.9326025940470727E-010   4.9238188412745756E-002
   1.4035698824158125E-002  -9.9116178320989500E-006  -1.1653879285118675E-009   4.9187442478940031E-002
   1.4047614812116062E-002  -9.9260636941650286E-006  -1.6818245222705181E-009   4.8431299299542922E-002
   1.4059530800073999E-002  -9.9405256901715603E-006  -1.8629943846935610E-009   4.7682292083835995E-002
   1.4071446788031936E-002  -9.9550040737496303E-006  -2.0588354974358647E-009   4.7088865987581378E-002
   1.4083362775989873E-002  -9.9694990757257710E-006  -2.2596104554008934E-009   4.6639127287558702E-002
   1.4095278763947811E-002  -9.9840108536923985E-006  -2.4512601978735111E-009   4.6292023201240345E-002
   1.4107194751905748E-002  -9.9985395754390809E-006  -2.6326515657549895E-009   4.6012600636032887E-002
   1.4119110739863685E-002  -1.0013085393923160E-005  -2.8057842502510844E-009   4.5777462190563167E-002
   1.4131026727821622E-002  -1.0027648419088519E-005  -2.9725327405507022E-009   4.5572552227868990E-002
   1.4142942715779559E-002  -1.0042228763103876E-005  -3.1343180920700695E-009   4.5389990478582727E-002
   1.4154858703737496E-002  -1.0056826492714254E-005  -3.2922320668683883E-009   4.5225627333841813E-002
   1.4166774691695434E-002  -1.0071441665394532E-005  -3.4470746489461248E-009   4.5077464943650059E-002
   1.4178690679653371E-002  -1.0086074312663190E-005  -3.5993707242686933E-009   4.4944716846641669E-002
   1.4190606667611308E-002  -1.0100724437857485E-005  -3.7494517932115093E-009   4.4827265403569745E-002
   1.4202522655569245E-002  -1.0115392041162816E-005  -3.8975820395499059E-009   4.4725346550000426E-002
   1.4214438643527182E-002  -1.0130077096993592E-005  -4.0440588691471436E-009   4.4639359103205212E-002
   1.4226354631485119E-002  -1.0144779564561189E-005  -4.1892438670647984E-009   4.4569742155510392E-002
   1.4238270619443057E-002  -1.0159499378789208E-005  -4.3335218931084183E-009   4.4516891265669441E-002
   1.4250186607400994E-002  -1.0174236463291682E-005  -4.4772497659157767E-009   4.4481098869427083E-002
   1.4262102595358931E-002  -1.0188990714057619E-005  -4.6207334397347795E-009   4.4462511225777331E-002
   1.4274018583316868E-002  -1.0203762004271473E-005  -4.7641938955831453E-009   4.4461098346562582E-002
   1.4285934571274805E-002  -1.0218550199886996E-005  -4.9077920092916444E-009   4.4476634403275581E-002
   1.4297850559232743E-002  -1.0233355141086939E-005  -5.0516387265170258E-009   4.4508687170225256E-002
   1.4309766547190680E-002  -1.0248176655446660E-005  -5.1958110543174080E-009   4.4556615275399301E-002
   1.4321682535148617E-002  -1.0263014547736972E-005  -5.3403614727647611E-009   4.4619572209598196E-002
   1.4333598523106554E-002  -1.0277868618649821E-005  -5.4853308030669057E-009   4.4696516198750508E-002
   1.4345514511064491E-002  -1.0292738659050808E-005  -5.6307448793506311E-009   4.4786224056064770E-002
   1.4357430499022428E-002  -1.0307624430141073E-005  -5.7766385892870681E-009   4.4887310109589115E-002
   1.4369346486980366E-002  -1.0322525704060526E-005  -5.9230535923647086E-009   4.4998246779037167E-002
   1.4381262474938303E-002  -1.0337442217166334E-005  -6.0700402927899327E-009   4.5117387509755774E-002
   1.4393178462896240E-002  -1.0352373712119353E-005  -6.2176617736257477E-009   4.5242990677042502E-002
   1.4405094450854177E-002  -1.0367319919343857E-005  -6.3659950130535559E-009   4.5373243817801036E-002
   1.4417010438812114E-002  -1.0382280554061084E-005  -6.5151236455177412E-009   4.5506287601998860E-002
   1.4428926426770051E-002  -1.0397255327228009E-005  -6.6651320510012008E-009   4.5640239104768700E-002
   1.4440842414727989E-002  -1.0412243946464355E-005  -6.8161017733294800E-009   4.5773214075833082E-002
   1.4452758402685926E-002  -1.0427246093433446E-005  -6.9681071518998272E-009   4.5903348030761772E-002
   1.4464674390643863E-002  -1.0442261473715575E-005  -7.1212099938576310E-009   4.6028816090581105E-002
   1.4476590378601800E-002  -1.0457289749692172E-005  -7.2754538968628800E-009   4.6147851566084364E-002
   1.4488506366559737E-002  -1.0472330609330257E-005  -7.4308679463146984E-009   4.6258763323041102E-002
   1.4500422354517675E-002  -1.0487383729101879E-005  -7.5874602666955098E-009   4.6359951966289600E-002
   1.4512338342475612E-002  -1.0502448762118324E-005  -7.7452323121157430E-009   4.6449924881267153E-002
   1.4524254330433549E-002  -1.0517525384480834E-005  -7.9041681368518143E-009   4.6527310185017996E-002
   1.4536170318391486E-002  -1.0532613274144675E-005  -8.0642390099808278E-009   4.6590869260011991E-002
   1.4548086306349423E-002  -1.0547712079586067E-005  -8.2254115410021581E-009   4.6639508548665991E-002
   1.4560002294307360E-002  -1.0562821477462458E-005  -8.3876416802878364E-009   4.6672289649334300E-002
   1.4571918282265298E-002  -1.0577941138683806E-005  -8.5508971472645992E-009   4.6688438281720812E-002
   1.4583834270223235E-002  -1.0593070731935242E-005  -8.7151361823457846E-009   4.6687351808948660E-002
   1.4595750258181172E-002  -1.0608209933874213E-005  -8.8803137515365185E-009   4.6668605324125756E-002
   1.4607666246139109E-002  -1.0623358428945087E-005  -9.0463943695297007E-009   4.6631956266494419E-002
   1.4619582234097046E-002  -1.0638515901963035E-005  -9.2133365880156908E-009   4.6577347561624786E-002
   1.4631498222054984E-002  -1.0653682048682002E-005  -9.3811139727216841E-009   4.6504909299008738E-002
   1.4643414210012921E-002  -1.0668856564114317E-005  -9.5496914953331020E-009   4.6414958969895746E-002
   1.4655330197970858E-002  -1.0684039162183399E-005  -9.7190441626923528E-009   4.6308000297871785E-002
   1.4667246185928795E-002  -1.0699229557925083E-005  -9.8891362452118283E-009   4.6184720684825716E-002
   1.4679162173886732E-002  -1.0714427469156249E-005  -1.0059940758043617E-008   4.6045987285219345E-002
   1.4691078161844669E-002  -1.0729632643172831E-005  -1.0231422829500814E-008   4.5892841694932816E-002
   1.4702994149802607E-002  -1.0744844812067720E-005  -1.0403550758958019E-008   4.5726493210958279E-002
   1.4714910137760544E-002  -1.0760063736485855E-005  -1.0576283874712822E-008   4.5548310589919198E-002
   1.4726826125718481E-002  -1.0775289184117478E-005  -1.0749579441964019E-008   4.5359812191219005E-002
   1.4738742113676418E-002  -1.0790520939524491E-005  -1.0923385880438151E-008   4.5162654377793647E-002
   1.4750658101634355E-002  -1.0805758797836755E-005  -1.1097649681994834E-008   4.4958618021168066E-002
   1.4762574089592292E-002  -1.0821002560487829E-005  -1.1272310831225098E-008   4.4749592949579378E-002
   1.4774490077550230E-002  -1.0836252048563977E-005  -1.1447305602997249E-008   4.4537560259061290E-002
   1.4786406065508167E-002  -1.0851507103545768E-005  -1.1622565858579285E-008   4.4324572333975597E-002
   1.4798322053466104E-002  -1.0866767576369321E-005  -1.1798018552389981E-008   4.4112730599948836E-002
   1.4810238041424041E-002  -1.0882033326684686E-005  -1.1973594519732278E-008   4.3904161760279732E-002
   1.4822154029381978E-002  -1.0897304235463241E-005  -1.2149222120165738E-008   4.3700988971977980E-002
   1.4834070017339916E-002  -1.0912580209261954E-005  -1.2324828838734302E-008   4.3505306308037416E-002
   1.4845986005297853E-002  -1.0927861162053911E-005  -1.2500341463053924E-008   4.3319147427546022E-002
   1.4857901993255790E-002  -1.0943147023756835E-005  -1.2675692795885319E-008   4.3144455377014876E-002
   1.4869817981213727E-002  -1.0958437744682768E-005  -1.2850813850827276E-008   4.2983051683831999E-002
   1.4881733969171664E-002  -1.0973733294796448E-005  -1.3025641882859748E-008   4.2836605896432942E-002
   1.4893649957129601E-002  -1.0989033653703564E-005  -1.3200112845503064E-008   4.2706606351258287E-002
   1.4905565945087539E-002  -1.1004338827151603E-005  -1.3374167709158818E-008   4.2594332981344608E-002
   1.4917481933045476E-002  -1.1019648837945114E-005  -1.3547746105922722E-008   4.2500832984133208E-002
   1.4929397921003413E-002  -1.1034963712411301E-005  -1.3720791257258864E-008   4.2426900139389212E-002
   1.4941313908961350E-002  -1.1050283515441160E-005  -1.3893246508508014E-008   4.2373058454923652E-002
   1.4953229896919287E-002  -1.1065608310257054E-005  -1.4065058866953074E-008   4.2339550774825208E-002
   1.4965145884877224E-002  -1.1080938190487420E-005  -1.4236175544957942E-008   4.2326332695453800E-002
   1.4977061872835162E-002  -1.1096273256064388E-005  -1.4406547220059081E-008   4.2333072156666596E-002
   1.4988977860793099E-002  -1.1111613631022457E-005  -1.4576122220135917E-008   4.2359154582014634E-002
   1.5000893848751036E-002  -1.1126959450705697E-005  -1.4744854225192625E-008   4.2403693731331404E-002
   1.5012809836708973E-002  -1.1137805374398668E-005  -1.4912697301832837E-008   4.2465547629840908E-002
   1.5024725824666910E-002  -1.1153004676521934E-005  -1.3087291161018073E-008   4.5134484027902336E-002
   1.5036641812624848E-002  -1.1168366589542407E-005  -1.3731331975455489E-008   4.5279181332672440E-002
   1.5048557800582785E-002  -1.1183734668134294E-005  -1.4294484514993674E-008   4.4818744668537400E-002
   1.5060473788540722E-002  -1.1199108819596171E-005  -1.4519453067321565E-008   4.4367471725230291E-002
   1.5072389776498659E-002  -1.1214489371720259E-005  -1.4759795444804763E-008   4.4056619646974896E-002
   1.5084305764456596E-002  -1.1229876598902762E-005  -1.5004743224616956E-008   4.3877128027683246E-002
   1.5096221752414533E-002  -1.1245270752735329E-005  -1.5239390036292904E-008   4.3792863342210962E-002
   1.5108137740372471E-002  -1.1260672082770183E-005  -1.5462196571647051E-008   4.3771660670737185E-002
   1.5120053728330408E-002  -1.1276080857470635E-005  -1.5675198727454030E-008   4.3790518869077290E-002
   1.5131969716288345E-002  -1.1291497358463597E-005  -1.5880369239626894E-008   4.3834029991274510E-002
   1.5143885704246282E-002  -1.1306921870898637E-005  -1.6079010777646868E-008   4.3891897557731818E-002
   1.5155801692204219E-002  -1.1322354682335555E-005  -1.6271947261493548E-008   4.3957013467233949E-002
   1.5167717680162156E-002  -1.1337796074030460E-005  -1.6459792092999519E-008   4.4024228415388528E-002
   1.5179633668120094E-002  -1.1353246334470171E-005  -1.6643098452853010E-008   4.4089631849308926E-002
   1.5191549656078031E-002  -1.1368705768271548E-005  -1.6822395451480929E-008   4.4150147000845838E-002
   1.5203465644035968E-002  -1.1384174663550609E-005  -1.6998153092183162E-008   4.4203305808293472E-002
   1.5215381631993905E-002  -1.1399653327890659E-005  -1.7170776174988937E-008   4.4247118217373163E-002
   1.5227297619951842E-002  -1.1415142065537758E-005  -1.7340587087903227E-008   4.4279999985087790E-002
   1.5239213607909780E-002  -1.1430641180181756E-005  -1.7507849130798882E-008   4.4300722706508276E-002
   1.5251129595867717E-002  -1.1446150967725587E-005  -1.7672788822817464E-008   4.4308381459793239E-002
   1.5263045583825654E-002  -1.1461671724072178E-005  -1.7835603570793604E-008   4.4302370021775374E-002
   1.5274961571783591E-002  -1.1477203742343418E-005  -1.7996472226861234E-008   4.4282359999553426E-002
   1.5286877559741528E-002  -1.1492747305093237E-005  -1.8155559344350656E-008   4.4248281683917833E-002
   1.5298793547699465E-002  -1.1508302694875559E-005  -1.8313019605058599E-008   4.4200305234399086E-002
   1.5310709535657403E-002  -1.1523870179226681E-005  -1.8469000454765585E-008   4.4138821372519885E-002
   1.5322625523615340E-002  -1.1539450021604038E-005  -1.8623649834974893E-008   4.4064421092655161E-002
   1.5334541511573277E-002  -1.1555042469891224E-005  -1.8777113519333734E-008   4.3977874120845618E-002
   1.5346457499531214E-002  -1.1570647771230227E-005  -1.8929539212454147E-008   4.3880106024240681E-002
   1.5358373487489151E-002  -1.1586266155335161E-005  -1.9081073489831686E-008   4.3772174012932409E-002
   1.5370289475447088E-002  -1.1601897839127348E-005  -1.9231861039517192E-008   4.3655241583847246E-002
   1.5382205463405026E-002  -1.1617543027291525E-005  -1.9382039179903958E-008   4.3530552250488699E-002
   1.5394121451362963E-002  -1.1633201910978016E-005  -1.9531738945650348E-008   4.3399402662404322E-002
   1.5406037439320900E-002  -1.1648874672252410E-005  -1.9681083620998856E-008   4.3263115459781377E-002
   1.5417953427278837E-002  -1.1664561455914325E-005  -1.9830187421979122E-008   4.3123012234717630E-002
   1.5429869415236774E-002  -1.1680262420483188E-005  -1.9979156334761539E-008   4.2980386977657437E-002
   1.5441785403194712E-002  -1.1695977684987620E-005  -2.0128088879434967E-008   4.2836480399015525E-002
   1.5453701391152649E-002  -1.1711707353809422E-005  -2.0277078374628093E-008   4.2692455518432752E-002
   1.5465617379110586E-002  -1.1727451512975509E-005  -2.0426212305922521E-008   4.2549374928639069E-002
   1.5477533367068523E-002  -1.1743210224039625E-005  -2.0575574514332896E-008   4.2408180152247149E-002
   1.5489449355026460E-002  -1.1758983547072289E-005  -2.0725245937919034E-008   4.2269673522901972E-002
   1.5501365342984397E-002  -1.1774771499872174E-005  -2.0875308470696403E-008   4.2134503024364035E-002
   1.5513281330942335E-002  -1.1790574087445156E-005  -2.1025835094096860E-008   4.2003150514702797E-002
   1.5525197318900272E-002  -1.1806391303302139E-005  -2.1176899092647467E-008   4.1875923728421992E-002
   1.5537113306858209E-002  -1.1822223107766911E-005  -2.1328577278303431E-008   4.1752952383877544E-002
   1.5549029294816146E-002  -1.1838069456899000E-005  -2.1480938305516485E-008   4.1634188642828619E-002
   1.5560945282774083E-002  -1.1853930255586751E-005  -2.1634056874066465E-008   4.1519412050997705E-002
   1.5572861270732020E-002  -1.1869805427815000E-005  -2.1787987821797783E-008   4.1408238951217091E-002
   1.5584777258689958E-002  -1.1885694860117208E-005  -2.1942791902640173E-008   4.1300136226247681E-002
   1.5596693246647895E-002  -1.1901598412885039E-005  -2.2098529411831201E-008   4.1194439071133265E-002
   1.5608609234605832E-002  -1.1917515944285320E-005  -2.2255247430654988E-008   4.1090372370350944E-002
   1.5620525222563769E-002  -1.1933447279853980E-005  -2.2412995279234412E-008   4.0987075132515288E-002
   1.5632441210521705E-002  -1.1949392240862683E-005  -2.2571804235129542E-008   4.0883627349191466E-002
   1.5644357198479640E-002  -1.1965350619474844E-005  -2.2731708010106398E-008   4.0779078574379700E-002
   1.5656273186437576E-002  -1.1981322199510754E-005  -2.2892728048722614E-008   4.0672477503240066E-002
   1.5668189174395511E-002  -1.1997306755520562E-005  -2.3054883726041027E-008   4.0562901805991591E-002
   1.5680105162353446E-002  -1.2013304030350529E-005  -2.3218182844665128E-008   4.0449487521191776E-002
   1.5692021150311382E-002  -1.2029313769627960E-005  -2.3382626319459460E-008   4.0331457326223716E-002
   1.5703937138269317E-002  -1.2045335697844235E-005  -2.3548208655387707E-008   4.0208147077802923E-002
   1.5715853126227253E-002  -1.2061369529293582E-005  -2.3714917032610958E-008   4.0079030076353959E-002
   1.5727769114185188E-002  -1.2077414973264349E-005  -2.3882731940450004E-008   3.9943738607069894E-002
   1.5739685102143124E-002  -1.2093471720504596E-005  -2.4051626288802205E-008   3.9802082106012104E-002
   1.5751601090101059E-002  -1.2109539467880688E-005  -2.4221570152973140E-008   3.9654062115717134E-002
   1.5763517078058994E-002  -1.2125617889454429E-005  -2.4392523969905441E-008   3.9499883076973809E-002
   1.5775433066016930E-002  -1.2141706669484785E-005  -2.4564444676578062E-008   3.9339959135243942E-002
   1.5787349053974865E-002  -1.2157805468499159E-005  -2.4737282977495568E-008   3.9174916565978178E-002
   1.5799265041932801E-002  -1.2173913973166754E-005  -2.4910986429513685E-008   3.9005591648076467E-002
   1.5811181029890736E-002  -1.2190031848835442E-005  -2.5085495833487152E-008   3.8833023843960320E-002
   1.5823097017848672E-002  -1.2206158759926088E-005  -2.5260748757178964E-008   3.8658444176209991E-002
   1.5835013005806607E-002  -1.2222294389956044E-005  -2.5436677779313806E-008   3.8483258761241292E-002
   1.5846928993764543E-002  -1.2238438408352048E-005  -2.5613209472377688E-008   3.8309027524299988E-002
   1.5858844981722478E-002  -1.2254590503451929E-005  -2.5790271592009563E-008   3.8137438218497646E-002
   1.5870760969680413E-002  -1.2270750355991996E-005  -2.5967781898244785E-008   3.7970275988788646E-002
   1.5882676957638349E-002  -1.2286917673035765E-005  -2.6145658098797699E-008   3.7809388853313058E-002
   1.5894592945596284E-002  -1.2303092158309498E-005  -2.6323810758566610E-008   3.7656649627877105E-002
   1.5906508933554220E-002  -1.2319273524809602E-005  -2.6502155539854594E-008   3.7513914984628999E-002
   1.5918424921512155E-002  -1.2335461502404139E-005  -2.6680598648146084E-008   3.7382982523594815E-002
   1.5930340909470091E-002  -1.2351655833012359E-005  -2.6859051971245666E-008   3.7265546886166991E-002
   1.5942256897428026E-002  -1.2367856277835403E-005  -2.7037414039441208E-008   3.7163156097030456E-002
   1.5954172885385962E-002  -1.2384062604934321E-005  -2.7215592408743179E-008   3.7077169425749776E-002
   1.5966088873343897E-002  -1.2400274602764472E-005  -2.7393486817066608E-008   3.7008718122963920E-002
   1.5978004861301832E-002  -1.2416492088704062E-005  -2.7571006687027674E-008   3.6958670376772008E-002
   1.5989920849259768E-002  -1.2432714872715178E-005  -2.7748054321337253E-008   3.6927601758407307E-002
   1.6001836837217703E-002  -1.2448942805733940E-005  -2.7924536588462231E-008   3.6915772269228937E-002
   1.6013752825175639E-002  -1.2459788736472218E-005  -2.8100358110754675E-008   3.6923110875159634E-002
   1.6025668813133574E-002  -1.2475865151245630E-005  -2.6240242983944431E-008   3.9349744110146405E-002
   1.6037584801091510E-002  -1.2492104025998339E-005  -2.6915462217671068E-008   3.9405898944859255E-002
   1.6049500789049445E-002  -1.2508347819117562E-005  -2.7491780586389632E-008   3.8902409657674282E-002
   1.6061416777007381E-002  -1.2524596141628142E-005  -2.7728035908022396E-008   3.8426966566786694E-002
   1.6073332764965316E-002  -1.2540849062129129E-005  -2.7977898120124599E-008   3.8103275956775297E-002
   1.6085248752923251E-002  -1.2557106616588674E-005  -2.8231414128565502E-008   3.7918723256320702E-002
   1.6097164740881187E-002  -1.2573368839862513E-005  -2.8474586557326076E-008   3.7834744981729118E-002
   1.6109080728839122E-002  -1.2589635797397844E-005  -2.8706030691396697E-008   3.7817525810901774E-002
   1.6120996716797058E-002  -1.2605907544259314E-005  -2.8927433185241649E-008   3.7843056940092032E-002
   1.6132912704754993E-002  -1.2622184182047677E-005  -2.9140450475098427E-008   3.7895340993536912E-002
   1.6144828692712929E-002  -1.2638465841286532E-005  -2.9346360026271484E-008   3.7963685562796334E-002
   1.6156744680670864E-002  -1.2654752655280519E-005  -2.9546131285122865E-008   3.8040618910535846E-002
   1.6168660668628800E-002  -1.2671044792746223E-005  -2.9740478859500843E-008   3.8120570215203896E-002
   1.6180576656586735E-002  -1.2687342437232456E-005  -2.9929909986909571E-008   3.8199112593675220E-002
   1.6192492644544670E-002  -1.2703645786007835E-005  -3.0114764246488162E-008   3.8272553724459896E-002
   1.6204408632502606E-002  -1.2719955066005438E-005  -3.0295312501576093E-008   3.8337721540896728E-002
   1.6216324620460541E-002  -1.2736270520659189E-005  -3.0471833711439774E-008   3.8391854799400715E-002
   1.6228240608418477E-002  -1.2752592428814963E-005  -3.0644610302160940E-008   3.8432546579232688E-002
   1.6240156596376412E-002  -1.2768921066722987E-005  -3.0813938221113749E-008   3.8457715501192466E-002
   1.6252072584334348E-002  -1.2785256746972448E-005  -3.0980096401867894E-008   3.8465590798577268E-002
   1.6263988572292283E-002  -1.2801599793276703E-005  -3.1143328487530818E-008   3.8454704452044373E-002
   1.6275904560250219E-002  -1.2817950527865888E-005  -3.1303835368698848E-008   3.8423886773938591E-002
   1.6287820548208154E-002  -1.2834309297443307E-005  -3.1461777991404392E-008   3.8372263414154527E-002
   1.6299736536166089E-002  -1.2850676446672843E-005  -3.1617285312544423E-008   3.8299252569953542E-002
   1.6311652524124025E-002  -1.2867052337275432E-005  -3.1770463516358449E-008   3.8204561620296645E-002
   1.6323568512081960E-002  -1.2883437344135616E-005  -3.1921404114861209E-008   3.8088182662489076E-002
